Num_Acc;jour;mois;an;hrmn;lum;dep;com;agg;int;atm;col;adr;lat;long
201900005929;17;9;2019;17:15;1;69;69383;2;3;1;3;AUBIGNY (D')                        (R );45,7613000;4,8673800
201900005932;17;9;2019;17:40;1;69;69385;2;1;1;2;ANTIQUAILLE (DE L')                 (R );45,7582500;4,8211000
201900005940;17;9;2019;07:50;1;77;77118;2;1;1;3;8 MAI 1945 (RUE DU);48,9486000;2,6792100
201900005945;16;9;2019;10:30;1;71;71270;2;3;1;3;EUROPE (RUE DE L');46,3004300;4,8242600
201900005950;16;9;2019;22:00;5;67;67482;2;3;1;3;LANGUEDOC (RUE DU);48,5459140;7,7569180
201900005952;15;9;2019;21:50;5;67;67482;2;1;1;1;ROMAINS (ROUTE DES);48,5784600;7,7086100
201900005954;14;9;2019;14:00;1;67;67204;1;6;1;3;TROIS MAIRES (RUE DES);48,6386780;7,7809400
201900005959;17;9;2019;14:05;1;64;64445;2;3;1;3;ALLEES DE MORLAAS DES;43,3038000; -0,3509000
201900005976;6;3;2019;15:00;1;54;54395;2;1;2;1;BOFFRAND (AVENUE);48,6815600;6,1721010
201900005981;16;9;2019;10:19;1;49;49007;2;1;1;7;FULTON;47,4637200; -0,5566900
201900005983;15;9;2019;14:22;1;49;49007;2;1;1;2;BON PASTEUR BOULEVARD;47,4701200; -0,5689500
201900005986;6;9;2019;10:45;1;44;44132;2;2;1;3;AVENUES POULIGOU / PETIT CANON ;47,2490000; -2,3080000
201900005989;16;9;2019;15:00;1;33;33063;2;2;7;3;Q. de Bacalan / ProximitÃ© R. Lucien Faure;44,8601690; -0,5541700
201900005991;16;9;2019;18:15;1;31;31069;2;1;1;3;GRENADE (ROUTE DE);43,6343100;1,3912200
201900005992;16;9;2019;21:40;5;31;31555;2;1;1;3;ALL CHARLES DE FITTE;43,5961300;1,4320400
201900006010;17;9;2019;17:20;1;6;06069;2;9;1;3;PAGNOL (BOULEVARD MARCEL);43,6438890;6,9473960
201900006014;16;9;2019;19:30;2;5;05061;1;1;1;7;RD944;44,6106100;6,1263800
201900006015;16;9;2019;08:00;1;5;05061;2;3;1;3;MARECHAL FOCH ( AVENUE DU );44,5630200;6,0862800
201900006021;17;9;2019;19:00;1;75;75106;2;1;1;3;BOULEVARD SAINT GERMAIN;48,8520937;2,3393228
201900006022;17;9;2019;08:15;1;75;75119;2;5;1;3;RUE DAVID D ANGERS;48,8813270;2,3966890
201900006025;16;9;2019;08:35;1;75;75115;2;1;1;3;RUE DU LAOS;48,8491750;2,3012870
201900006026;17;9;2019;19:45;2;75;75114;2;1;1;1;RUE VERCINGETORIX;48,8312642;2,3090114
201900006028;17;9;2019;16:35;1;75;75112;2;1;1;7;BOULEVARD DIDEROT;48,8479050;2,3915380
201900006030;17;9;2019;06:31;2;75;75108;2;1;1;3;RUE LA BOETIE;48,8718810;2,3084110
201900006046;17;9;2019;19:15;1;92;92073;2;3;1;3;TUILERIE (RUE DE LA);48,8624303;2,2148931
201900006048;17;9;2019;18:30;1;92;92040;2;3;1;1;PROFESSEUR CALMETTE (AVENUE DU);48,8147600;2,2719400
201900006068;7;2;2019;20:45;5;24;24037;2;2;8;1;RUE DU DOCTEUR ROUX;44,8616600;0,4966300
201900006073;8;2;2019;17:35;1;17;17300;2;1;1;7;SAINT-ELOI   RUE BASSE DE;46,1646550; -1,1359040
201900006094;9;2;2019;14:40;1;13;13204;2;1;1;6;ALBE (RUE);43,3118760;5,4051520
201900006136;10;2;2019;06:26;5;75;75109;2;7;2;1;PLACE D ESTIENNE D ORVES;48,8765350;2,3309540
201900006146;11;2;2019;09:42;1;75;75120;2;3;1;1;RUE LOUIS LUMIERE;48,8625850;2,4109080
201900006158;9;2;2019;18:30;2;75;75116;2;7;1;3;ROUTE DE SURESNES;48,8685010;2,2653320
201900006159;8;2;2019;11:35;1;75;75116;2;1;1;2;AVENUE DE NEW YORK;48,8636850;2,2977740
201900006161;12;2;2019;11:00;1;75;75115;2;1;1;3;BOULEVARD DE VAUGIRARD;48,8408240;2,3163810
201900006165;6;2;2019;12:15;1;75;75115;2;3;1;6;RUE DE LOURMEL;48,8428270;2,2861850
201900006166;12;2;2019;19:30;5;75;75114;2;1;1;6;BOULEVARD JOURDAN;48,8195120;2,3430980
201900006171;12;2;2019;11:55;1;75;75113;2;3;1;6;AVENUE DE FRANCE;48,8269450;2,3803010
201900006172;11;2;2019;19:00;5;75;75113;2;3;1;3;QUAI FRANCOIS MAURIAC;48,8329760;2,3787690
201900006177;8;2;2019;08:40;1;75;75113;2;1;1;3;QUAI D AUSTERLITZ;48,8431400;2,3662210
201900006185;8;2;2019;22:02;5;75;75111;2;2;3;6;BOULEVARD DE BELLEVILLE;48,8707410;2,3781690
201900006190;12;2;2019;13:52;1;75;75109;2;4;1;3;RUE LA FAYETTE;48,8765630;2,3465520
201900006192;11;2;2019;09:40;1;75;75109;2;2;8;3;BOULEVARD HAUSSMANN;48,8726050;2,3358080
201900006195;8;2;2019;21:35;5;75;75108;2;1;2;3;RUE DU COLISEE;48,8712360;2,3096440
201900006199;9;2;2019;19:57;5;75;75104;2;1;1;6;RUE DU CLOITRE NOTRE DAME;48,8534690;2,3495920
201900006205;12;2;2019;12:45;1;94;94043;2;1;1;6;EUGENE THOMAS (AV);48,8097687;2,3604437
201900006236;20;3;2019;09:10;1;56;56121;2;2;1;3;KERMELO ( ET IMP. DE );47,7363500; -3,3855100
201900006241;19;3;2019;16:44;1;54;54395;2;1;1;6;LAMOUR (RUE JEAN);48,7005730;6,1735510
201900006255;21;3;2019;07:55;1;49;49007;2;1;1;7;CHATEAU D'ORGEMONT RUE ET SQU;47,4505300; -0,5446000
201900006262;21;3;2019;16:50;1;45;45285;2;1;1;3;RUE DES DIX ARPENTS;47,9077500;1,8720500
201900006285;22;3;2019;18:30;1;37;37233;2;1;1;7;ANGUILLE (RUE ANDRE);47,3893946;0,7280551
201900006287;22;3;2019;17:25;1;37;37214;2;1;1;7;EPINETTES (RUE DES);47,4176527;0,6695768
201900006289;22;3;2019;07:35;2;37;37261;2;2;1;3;EIFFEL (AVENUE GUSTAVE);47,4356617;0,6984666
201900006290;21;3;2019;07:55;1;37;37122;2;3;1;3;DOUZILLIERE (RUE DE LA);47,3403891;0,6541688
201900006297;21;3;2019;06:25;5;35;35051;2;6;1;3;RENNES (RUE DE);48,1139700; -1,6340000
201900006318;21;3;2019;08:55;1;31;31555;2;1;1;3;RTE DE BAYONNE;43,6090100;1,3800700
201900006324;19;3;2019;18:30;2;30;30007;2;1;1;3;SILHOL (MONTEE);44,1255000;4,0916000
201900006326;22;3;2019;09:25;1;29;29232;2;1;1;3;ERGUE ARMEL  ROND POINT D';47,9833400; -4,0754400
201900006337;23;3;2019;18:50;5;25;25056;2;3;1;1;CHURCHILL BD WINSTON;47,2503000;6,0049300
201900006338;22;3;2019;23:50;3;22;22215;2;1;5;2;MERLET (RUE DE);48,4900098; -2,8118166
201900006399;24;3;2019;19:10;2;10;10081;2;2;1;1;HELENE BOUCHER (RUE);48,3080000;4,0401000
201900006407;24;3;2019;10:20;1;7;07281;2;2;1;3;DIMBERTON (RUE COLETTE);44,9407800;4,8412700
201900006415;21;4;2019;08:55;1;85;85191;2;1;1;3;RUE DU DOCTEUR BOUTELIER;46,6843500; -1,4399500
201900006427;22;4;2019;13:30;1;83;83050;2;1;1;6;DE GAULLE(AVENUE CHARLES);43,5240500;6,4725300
201900006438;17;4;2019;20:05;1;80;80021;2;1;1;3;40, R JULES BARNI;49,8891900;2,3105300
201900006468;20;4;2019;13:45;1;76;76305;2;1;1;3;JACQUES DUCLOS;49,5069700;0,2281100
201900006471;19;4;2019;18:45;1;76;76545;2;1;1;3;BOURBON (COURS);49,9148900;1,0939500
201900006483;16;4;2019;16:47;1;73;73011;2;2;1;3;CHASSEURS ALPINS (AV.)C. VILLE VERS AV.J   D1212A;45,6688160;6,3906503
201900006490;18;4;2019;13:45;1;72;72181;2;3;1;2;DUBIGNON (RUE);48,0065800;0,2067300
201900006501;16;4;2019;09:10;1;69;69266;2;3;2;3;4 AOUT 1789    (Rue du);45,7646200;4,8904600
201900006506;24;4;2019;12:00;1;69;69091;2;1;2;3;JULIAN GRIMAU ( R );45,5956100;4,7676300
201900006512;24;4;2019;12:30;1;67;67482;2;3;1;3;PROVENCE (RUE DE);48,5457800;7,7582100
201900006513;24;4;2019;09:00;1;67;67482;2;1;1;3;RHIN TORTU (RUE DU);48,5424600;7,7585100
201900006524;24;4;2019;10:00;1;64;64445;2;9;1;3;FRANCOIS MITTERAND;43,3304047; -0,3555918
201900006554;25;4;2019;20:15;1;59;59654;2;1;1;3;HUGO (RUE VICTOR);50,3878300;3,1189900
201900006556;18;4;2019;16:30;1;59;59178;2;1;1;6;TOURNAI (ROUTE DE);50,4021426;3,1201807
201900006560;16;4;2019;12:50;1;58;58194;2;6;2;6;FRANCIS GARNIER;46,9958700;3,1780400
201900006565;25;4;2019;16:01;1;56;56121;2;6;1;3;BIR-HAKEIM ( RD-PT );47,7393600; -3,3802500
201900006594;20;10;2019;01:40;5;69;69386;2;1;1;2;SEZE (DE)                           (R );45,7683000;4,8477500
201900006606;19;10;2019;20:30;5;86;86194;2;1;1;3;11 NOVEMBRE (AVENUE DU);46,5671700;0,3657900
201900006610;19;10;2019;11:20;1;69;69266;2;3;2;3;TOLSTOI    (Cours);45,7601750;4,8876600
201900006639;20;10;2019;11:30;1;75;75114;2;3;2;7;RUE D ALESIA;48,8319750;2,3135625
201900006641;20;10;2019;03:14;5;75;75112;2;3;1;1;QUAI DE BERCY;48,8383652;2,3760779
201900006645;19;10;2019;21:10;5;75;75109;2;1;2;3;BOULEVARD DE ROCHECHOUART;48,8831798;2,3463485
201900006664;20;10;2019;11:20;1;56;56222;2;2;1;3;Rue de Rohan;47,8450460; -2,7282100
201900006685;20;10;2019;16:30;1;973;97311;2;3;1;3;22 Avenue Paul Castaing;5,4749580; -54,0233660
201900006694;16;10;2019;10:30;1;21;21564;1;2;1;3;D996;47,1229470;5,0991390
201900006704;28;6;2019;11:20;1;44;44103;2;6;1;3;Route de la Croix Chevalier/rue Jules Verne;47,3301670; -2,1347060
201900006770;9;6;2019;11:00;1;72;72277;1;3;1;3;intersection D7 / D80;48,1498180;0,5066030
201900006781;4;5;2019;12:35;1;6;06112;2;9;2;3;route de nice;43,6739691;7,0047599
201900006799;19;6;2019;17:30;1;90;90042;2;8;1;1;Bas Evette;47,6824810;6,8028770
201900006853;6;6;2019;08:45;1;16;16282;1;1;1;6;Le Grand Taillis;45,8115000;0,3139000
201900006863;12;6;2019;23:00;3;53;53103;1;1;1;2;La Biochere;48,1118500; -0,9077760
201900006904;19;6;2019;11:00;1;85;85047;2;6;1;3;Rue Carnot;46,8510400; -1,8896800
201900006922;4;8;2019;10:40;1;67;67526;1;3;1;3;RD206 PK7;48,4029070;7,5662820
201900006935;3;6;2019;08:30;1;28;28227;2;6;2;2;Avenue du GÃ©nÃ©ral de Gaulle;48,5862670;1,5870990
201900006952;16;6;2019;10:50;1;87;87154;1;1;1;3;D941;45,8849300;0,8264120
201900006956;11;8;2019;13:00;1;974;97416;1;9;1;1;RIFOSTA (CHEMIN); -21,3434000;55,4867000
201900006960;10;8;2019;17:45;1;95;95063;2;2;1;1;AV GABRIEL PERI;48,9342207;2,2091651
201900006983;11;8;2019;16:15;1;75;75119;2;1;1;3;RUE REBEVAL;48,8741190;2,3762940
201900006987;11;8;2019;22:50;5;75;75101;2;1;1;1;ALLEE ANDRE BRETON;48,8623180;2,3455450
201900007010;10;8;2019;11:30;1;31;31470;2;1;1;6;Village;42,8066660;0,5484170
201900007020;11;8;2019;16:10;1;40;40282;2;6;1;3;Rue du Castallet;43,7536080; -0,5707110
201900007021;11;8;2019;10:25;1;4;04132;1;3;1;1;RD 51 / RD 401;44,0102750;5,6163640
201900007031;11;8;2019;16:05;1;38;38005;1;1;1;7;D526;45,2081000;6,0448700
201900007036;10;8;2019;18:00;1;5;05134;2;4;7;3;D38;44,6508540;6,5796360
201900007037;8;8;2019;12:10;1;4;04226;1;1;1;6;RD 902 Gorges du Bachelard;44,3323640;6,6139150
201900007043;12;8;2019;10:10;1;17;17283;1;1;1;2;RD 732;45,5766810; -0,5304990
201900007045;11;8;2019;17:00;1;44;44176;2;3;1;1;Rue Laennec;47,3529810; -2,1836760
201900007046;10;8;2019;14:00;1;22;22143;2;1;1;7;Lotissement la VallÃ©e des Lys;48,6010585; -2,2856938
201900007061;18;6;2019;07:40;1;72;72181;2;1;1;3;PADERBORN (AV) NÂ° IMP 5 ET plus;48,0097200;0,2013400
201900007087;7;8;2019;09:30;1;974;97416;1;1;1;7;D28 LIGNE DES BAMBOUS; -21,3022300;55,4935900
201900007094;9;8;2019;13:10;1;973;97302;2;1;1;3;FELIX EBOUE(ROCADE);4,9281041; -52,3177528
201900007097;9;8;2019;11:00;1;973;97302;2;9;1;3;MANDELA  (BOULEVARD);4,9404232; -52,3267543
201900007101;9;8;2019;11:25;1;69;69387;2;3;1;3;YVES FARGES                         (BD);45,7403400;4,8317600
201900007111;8;8;2019;17:10;1;69;69382;2;2;1;3;VERDUN PERRACHE                     (VO);45,7484300;4,8286800
201900007146;25;11;2019;19:30;2;974;97408;2;9;1;1;Avenue Raymond Verges; -20,9333640;55,3327960
201900007156;26;11;2019;16:40;1;81;81140;2;1;7;2;249 Avenue de Cocagne;43,7055490;1,8007970
201900007159;25;11;2019;18:15;5;33;33273;2;3;8;3;20 Avenue de Nauplie;44,8450440; -0,7949300
201900007195;24;11;2019;17:16;2;37;37261;2;1;1;6;HUGO (RUE VICTOR);47,3854888;0,6697764
201900007205;24;11;2019;14:45;1;75;75116;2;1;1;2;ROUTE DE LA SEINE A LA BUTTE MORTEMART;48,8517710;2,2329500
201900007213;23;11;2019;21:15;5;75;75102;2;3;1;3;RUE DE CLERY;48,8689464;2,3494693
201900007233;23;11;2019;09:07;1;38;38002;1;1;1;7;D280;45,2663700;5,9795600
201900007250;25;11;2019;05:35;5;77;77088;2;1;1;2;D152-50 Avenue de Fontainebleau;48,3209741;2,5768902
201900007269;23;11;2019;12:35;1;50;50294;2;1;1;3;Le Haut de Tabarin;49,5946600; -1,6573350
201900007300;7;7;2019;13:31;1;17;17300;2;1;1;1;MIRABEAU   RUE;46,1509900; -1,1209300
201900007313;7;7;2019;01:05;5;75;75120;2;2;1;3;AVENUE LEON GAUMONT;48,8493270;2,4162210
201900007317;7;7;2019;18:35;1;75;75112;2;1;1;4;ROUTE DE LA FALUERE;48,8322970;2,4417300
201900007319;7;7;2019;19:55;1;75;75107;2;2;1;3;QUAI D ORSAY;48,8625740;2,3103960
201900007367;7;7;2019;10:45;1;35;35360;2;1;9;3;Boulevard Pierre Landais;48,1205740; -1,2064820
201900007383;6;7;2019;18:10;1;52;52450;2;2;1;1;place sainte anne - courcelles sur aujon;47,8941810;5,0932920
201900007412;26;5;2019;22:30;3;91;91228;2;3;1;3;CURIE( RUE PIERRE ET MARIE);48,6324400;2,4321700
201900007417;4;7;2019;18:00;1;71;71040;2;1;1;7;BOIS CLAIR (RUE DU);46,6989800;4,3792600
201900007425;4;7;2019;17:20;1;45;45147;2;1;1;3;RUE DES FOSSES;47,9341000;1,9291000
201900007442;6;7;2019;13:50;1;974;97411;2;1;1;6;ANJOU (RUE DE L'); -20,9018400;55,4907200
201900007456;5;7;2019;07:15;1;69;69386;2;3;1;1;GENERAL SARRAIL (DU)                (QU);45,7670400;4,8413200
201900007482;27;11;2019;18:57;5;87;87085;2;2;2;6;PALISSY (RUE BERNARD);45,8328400;1,2519200
201900007485;25;11;2019;16:35;1;78;78686;2;1;1;3;GASTON BOISSIER (AVENUE);48,7994000;2,1737300
201900007487;27;11;2019;18:40;3;78;78551;1;1;8;3;RD 190;48,9118200;2,0719600
201900007494;27;11;2019;20:30;5;56;56098;2;3;2;3;BILLOUX ( AV. FRANCOIS );47,7650900; -3,3518600
201900007497;26;11;2019;19:45;3;44;44184;2;3;3;6;RUES MENDES FRANCE / JOLLINIER;47,2736990; -2,2147470
201900007508;28;11;2019;17:43;5;17;17300;2;1;1;6;MISSY   RUE DE;46,1608800; -1,1706700
201900007536;3;12;2019;08:00;1;45;45234;2;3;1;3;BD MARIE STUART -R D'AMBERT;47,9084905;1,9382799
201900007538;28;11;2019;17:48;3;45;45234;2;1;2;3;RUE AUGUSTE RENOIR;47,8250000;1,9319000
201900007560;3;12;2019;17:20;5;69;69034;2;2;1;3;RAYMOND POINCARE                    (PT);45,7910000;4,8604200
201900007584;2;12;2019;16:45;1;86;86194;2;3;1;3;FAUBOURG PONT NEUF (RUE DU);46,5773907;0,3518627
201900007601;1;12;2019;16:35;1;76;76429;2;1;1;3;DARNETAL. ROUTE DE;49,4177000;1,1464400
201900007609;16;12;2019;10:54;1;66;66136;2;1;1;2;LOUIS TORCATIS (ROND-POINT);42,7030300;2,8783100
201900007633;15;12;2019;10:28;1;49;49007;2;1;2;7;LETANDUERE;47,4547000; -0,5535000
201900007634;14;12;2019;02:00;5;49;49007;2;1;2;3;IMBACH PLACE;47,4742600; -0,5487300
201900007635;13;12;2019;12:30;1;49;49007;2;1;1;1;ECCE HOMO BOULEVARD;47,4647000; -0,5648700
201900007636;13;12;2019;10:51;1;49;49007;2;1;1;3;FONTENEAU;47,4586600; -0,5429300
201900007645;8;9;2019;10:15;1;12;12168;2;9;1;3;Place du Claux;44,0223650;3,3020440
201900007663;18;9;2019;18:40;1;2;02215;2;9;7;2;12 Rue de Craonne;49,4617180;3,8189900
201900007684;18;9;2019;09:00;1;17;17421;2;1;1;3;RD 1;45,6788590; -0,9309810
201900007713;10;9;2019;15:08;1;54;54547;2;1;1;6;OPALINSKA (RUE CATHERINE);48,6667940;6,1942760
201900007722;16;9;2019;13:45;1;69;69387;2;9;1;6;GERLAND (DE)                        (R );45,7356600;4,8395800
201900007723;16;9;2019;15:25;1;69;69034;2;2;1;3;VERNAY (DU)                         (MO);45,8099000;4,8573200
201900007732;14;9;2019;14:30;1;76;76157;2;1;1;2;CD 51 (RUE DU CANAL);49,4568300;1,0440800
201900007744;13;9;2019;16:25;1;66;66136;2;1;1;6;PAYRA (PLACE JEAN);42,6982700;2,8890300
201900007747;16;9;2019;23:30;5;59;59350;2;9;1;3;ASIE RUE DE L;50,6045500;3,0527100
201900007751;16;9;2019;20:15;5;54;54395;2;1;1;6;TOMBLAINE (RUE DE);48,6871470;6,2029030
201900007753;16;9;2019;07:50;2;51;51454;2;6;1;1;BOULEVARD VAL DE VESLE;49,2301771;4,0720817
201900007758;16;9;2019;08:15;1;44;44109;2;1;1;3;BOULEVARD JOLIOT CURIE;47,1940000; -1,5313600
201900007777;15;9;2019;17:57;1;10;10387;2;1;1;1;ST DOMINIQUE (MAIL);48,2949200;4,0816000
201900007792;16;9;2019;14:45;1;75;75120;2;1;1;6;RUE DES PYRENEES;48,8587524;2,4026179
201900007796;16;9;2019;09:45;1;75;75115;2;2;1;3;BOULEVARD PASTEUR;48,8428714;2,3123891
201900007797;16;9;2019;18:20;1;75;75111;2;2;1;6;BOULEVARD RICHARD LENOIR;48,8640025;2,3706871
201900007798;16;9;2019;13:25;1;75;75111;2;1;1;6;RUE LEON FROT;48,8546430;2,3875430
201900007808;16;9;2019;00:30;3;93;93013;2;1;1;1;LINDBERGH (CARREFOUR);48,9407900;2,4231500
201900007811;16;9;2019;09:30;1;92;92020;2;1;1;3;STALINGRAD BOULEVARD;48,8048200;2,2875800
201900007844;11;2;2019;09:30;1;92;92023;2;6;1;3;DOCTEUR CALMETTE (AVENUE DU);48,8114100;2,2702700
201900007948;8;2;2019;11:50;1;31;31455;2;6;1;3;Rond point des Huguenots;43,2533610;1,2005930
201900007953;8;2;2019;19:45;3;2;02453;1;1;1;3;D103;49,3826632;3,7356379
201900007964;13;2;2019;15:40;1;58;58095;1;1;1;2;route des feuillats;46,7930560;3,5085170
201900007967;11;2;2019;07:40;1;72;72346;2;1;2;3;3 rue du Faubourg St Michel;47,8898480;0,0322540
201900007981;9;2;2019;08:30;1;16;16044;1;1;2;1;RD 197;46,0264200;0,2522070
201900007984;11;2;2019;08:36;1;53;53084;2;6;1;3;promenade Charles de Gaulle;47,8470260; -0,9482380
201900007985;8;2;2019;11:50;1;40;40089;2;1;1;2;D 18 - 511 ROUTE DE MUGRON;43,6916100; -0,6497180
201900008020;19;3;2019;19:32;1;3;03023;2;2;1;3;avenue des Acacias;46,1091934;3,4105062
201900008036;23;3;2019;17:55;2;75;75106;2;1;1;3;BOULEVARD SAINT GERMAIN;48,8519100;2,3410500
201900008041;25;3;2019;20:40;5;75;75120;2;2;1;3;RUE DES PYRENEES;48,8632890;2,3997040
201900008049;25;3;2019;15:15;1;75;75119;2;2;1;3;AVENUE SIMON BOLIVAR;48,8755820;2,3818730
201900008050;25;3;2019;09:50;1;75;75119;2;2;1;3;RUE DE CRIMEE;48,8849880;2,3832710
201900008062;25;3;2019;10:30;1;75;75116;2;2;1;3;RUE MOLITOR;48,8452700;2,2604740
201900008063;24;3;2019;15:25;1;75;75116;2;1;1;6;ROUTE DE SEVRES A NEUILLY;48,8606650;2,2373190
201900008079;20;3;2019;08:00;1;75;75114;2;1;1;3;BOULEVARD SAINT JACQUES;48,8325760;2,3389150
201900008081;24;3;2019;19:30;5;75;75113;2;1;1;6;RUE DE TOLBIAC;48,8267800;2,3647710
201900008083;22;3;2019;10:40;1;75;75113;2;8;1;3;RUE DE TOLBIAC;48,8259890;2,3536510
201900008095;21;3;2019;08:00;1;75;75110;2;3;1;6;BOULEVARD DE MAGENTA;48,8806250;2,3521530
201900008100;21;3;2019;11:19;1;75;75109;2;1;1;3;RUE DE CHATEAUDUN;48,8763090;2,3334540
201900008110;22;3;2019;20:50;5;75;75101;2;1;1;6;RUE DU LOUVRE;48,8621060;2,3414250
201900008111;20;3;2019;12:35;1;75;75104;2;1;1;7;RUE DE TURENNE;48,8557910;2,3638280
201900008112;20;3;2019;09:10;1;75;75104;2;4;1;1;VOIE GEORGES POMPIDOU;48,8535610;2,3565050
201900008116;22;3;2019;18:30;1;94;94068;2;1;1;2;WINSTON CHURCHILL (QU);48,8009500;2,5220900
201900008132;25;3;2019;17:15;1;94;94060;2;1;1;2;GENERAL LECLERC (R DU);48,7850000;2,5800000
201900008154;21;3;2019;16:50;1;93;93051;2;6;1;3;VICTOR BASCH (AVENUE);48,8413300;2,5596600
201900008182;21;3;2019;11:15;1;93;93057;2;6;1;2;BRACKEY ( CAR.);48,9000000;2,5000000
201900008191;25;3;2019;19:45;5;93;93001;2;1;1;4;VICTOR HUGO (AVE)  => 120;48,9081960;2,3775968
201900008194;19;3;2019;21:18;5;92;92075;2;1;1;3;RAYMOND MARCHERON (RUE);48,8182900;2,2850800
201900008218;19;10;2019;16:55;1;33;33192;2;1;1;3;RTE DE LEOGNAN;44,7516500; -0,6162500
201900008219;19;10;2019;12:55;1;33;33522;2;1;1;3;RUE PACARIS;44,7981500; -0,5817500
201900008238;19;10;2019;17:15;1;75;75110;2;2;1;6;RUE BEAUREPAIRE;48,8693256;2,3633875
201900008247;19;10;2019;08:40;1;92;92072;2;1;2;3;LECLERC (AVENUE DE LA DIVISION);48,8256956;2,2196266
201900008350;15;10;2019;16:35;1;70;70550;2;1;2;3;COUBERTIN (RUE PIERRE DE);47,6221900;6,1666900
201900008353;18;10;2019;09:45;1;67;67482;2;1;1;3;MITTELHAUSBERGEN (ROUTE DE);48,5929700;7,7225700
201900008354;17;10;2019;22:10;5;67;67482;2;3;2;3;GENERAL KOENIG (QUAI DU);48,5752700;7,7548600
201900008359;17;10;2019;18:00;1;64;64348;2;6;1;3;EUROPE DE L';43,3210178; -0,3918444
201900008365;18;10;2019;17:45;1;53;53201;1;6;1;3;RD 900 VERS RENNES;48,0763000; -0,8419500
201900008378;16;4;2019;10:50;1;56;56083;2;6;1;3;JAURES ( AV. JEAN );47,8020600; -3,2787700
201900008400;19;4;2019;12:46;1;49;49007;2;1;1;3;BOISNET RUE;47,4740500; -0,5544700
201900008402;18;4;2019;13:50;1;49;49353;2;1;1;3;AUBINIERE CHEMIN;47,4531600; -0,4863300
201900008410;20;4;2019;17:30;1;46;46156;1;1;1;2;GRAND'RUE;44,4716660;1,4786510
201900008416;18;4;2019;18:12;1;45;45286;2;3;1;3;AV GASTON GALLOUX - RUE DEMAY;47,8852813;1,9244270
201900008422;24;4;2019;17:00;1;44;44184;2;2;1;3;RUES DE LA PAIX ET DES ARTS / MAINE;47,2767800; -2,2111620
201900008433;27;4;2019;08:05;1;42;42187;2;2;2;3;BELGIQUE (BOULEVARD DE );46,0459000;4,0745500
201900008436;23;4;2019;18:30;1;39;39198;2;1;1;7;JOUHAUX (AVENUE LEON) NÂ° PAIRS;47,0845500;5,4754700
201900008438;25;4;2019;11:35;1;38;38185;2;1;1;6;FRANCE (QUAI DE);45,1933800;5,7200000
201900008440;23;4;2019;12:30;1;38;38185;2;1;1;6;PASSAGE COURS BERRIAT;45,1886800;5,7150900
201900008445;25;4;2019;14:30;1;37;37261;2;1;1;7;DESCARTES (RUE);47,3925119;0,6828719
201900008452;23;4;2019;08:30;1;37;37261;2;1;1;3;VICTOIRE (RUE DE LA);47,3958760;0,6770561
201900008454;19;4;2019;08:24;1;37;37261;2;1;1;3;TRANCHEE (PLACE DE LA);47,4088222;0,6808298
201900008458;18;4;2019;07:45;1;37;37261;2;1;1;2;SAVONNIERES (ROUTE DE);47,3699500;0,6732400
201900008459;24;4;2019;17:02;1;36;36159;1;1;1;2;ROUTE DE VARENNES;46,7720800;1,7344000
201900008465;26;4;2019;09:10;1;35;35238;2;3;1;3;PLANCHES (DES);48,0994900; -1,6713400
201900008470;23;4;2019;08:50;1;35;35238;2;6;1;2;VALLES (JULES);48,1050470; -1,7081100
201900008476;17;4;2019;08:00;1;35;35238;2;1;1;6;NANTES (DE);48,0949610; -1,6900840
201900008478;21;4;2019;20:15;2;34;34172;2;9;1;3;PRES D'ARENES (AVENUE DES);43,5918900;3,8811500
201900008481;19;4;2019;18:03;1;34;34172;2;1;1;6;LODEVE (AVENUE DE;43,6146000;3,8357500
201900008482;18;4;2019;09:40;1;34;34172;2;2;1;2;FLAHAULT (AVENUE CHARLES;43,6237900;3,8620100
201900008486;19;4;2019;06:30;5;33;33063;2;2;1;1;CRS DE LA LIBERATION;44,8328800; -0,5818200
201900008493;17;4;2019;17:00;1;33;33063;2;2;8;3;AVE DE LA REPUBLIQUE CAUD / bande cyclable fin av rÃ©publique;44,8386000; -0,6153400
201900008494;12;4;2019;08:45;1;33;33063;2;1;1;3;RUE DE BREZETS;44,8234400; -0,5713000
201900008506;20;4;2019;11:30;1;31;31555;2;3;1;3;BD PIERRE PAUL RIQUET;43,6050700;1,4566000
201900008523;23;4;2019;11:00;1;29;29039;2;6;7;2;KERVINIOU ( ROND POINT DE );47,8625000; -3,8896000
201900008527;23;4;2019;08:45;1;29;29019;2;1;1;1;DUVAL MARCELLIN (DE 22 A 78 ET 29 A 121);48,4205423; -4,4869022
201900008546;25;4;2019;04:50;5;21;21231;2;1;2;3;AUGUSTE MORIN GACON (PLACE);47,3388800;5,0634600
201900008556;20;4;2019;19:00;1;17;17300;2;6;1;3;MOULIN   AVENUE JEAN;46,1517900; -1,1396800
201900008559;13;6;2019;19:30;1;87;87119;1;1;1;3;Chez Barbotte;45,6931260;1,3428460
201900008584;2;6;2019;14:40;1;8;08122;1;2;1;3;RD8051;50,1221160;4,7929370
201900008592;20;4;2019;19:30;2;95;95039;2;1;1;2;46 rue de pontoise;49,0695540;2,1384710
201900008631;17;6;2019;16:56;1;31;31451;2;6;1;3;d622;43,4579150;2,0032970