Num_Acc;jour;mois;an;hrmn;lum;dep;com;agg;int;atm;col;adr;lat;long
201900008653;1;6;2019;17:00;1;38;38052;1;1;1;7;Route DÃ©partementale 1091;45,0549930;6,0291200
201900008663;2;6;2019;16:45;1;69;69043;2;6;1;3;Boulevard Philippe Reydllet;45,7079060;4,7474220
201900008678;3;6;2019;17:30;1;95;95250;2;1;1;1;Avenue Debussy;49,0975578;2,5084060
201900008715;1;6;2019;19:50;5;973;97305;2;2;3;3;Avenue LÃ©opold Heder;5,0127056; -52,4749192
201900008729;16;6;2019;09:00;1;45;45039;2;1;1;3;10, route de sully;47,7952241;2,3813604
201900008731;9;6;2019;14:00;1;45;45291;2;1;1;7;R DU TROMPE SOURIS;47,6564100;2,6667130
201900008732;31;5;2019;08:50;1;45;45096;1;2;1;1;D44 - D56;47,7718160;2,6072210
201900008736;9;6;2019;09:00;1;77;77437;2;2;1;3;D9 X RUE DE L'INTE;49,0357400;2,7959800
201900008771;8;8;2019;10:10;1;74;74010;2;1;1;6;GARE (RUE DE LA)(SECTEUR 120);45,8998000;6,1216000
201900008778;8;8;2019;16:35;1;67;67482;2;1;1;2;AUBERGE DE JEUNESSE (RUE DE L );48,5745400;7,7180400
201900008792;9;8;2019;11:00;1;64;64445;2;1;1;3;ALSACE LORRAINE D';43,3056600; -0,3759100
201900008799;6;8;2019;13:05;1;63;63113;2;1;1;3;CLOS FOUR (RUE DU);45,7893500;3,1039600
201900008802;26;7;2019;16:00;1;62;62510;2;6;1;3;LECLERC (AV DU MARECHAL);50,4229300;2,7772000
201900008811;10;8;2019;13:45;1;59;59043;2;1;1;2;LILLE (ROUTE DE);50,7272500;2,7544500
201900008812;9;8;2019;08:14;1;57;57672;2;1;1;6;COURONNE (RUE DE LA);49,3536500;6,1762830
201900008819;9;8;2019;12:05;1;51;51454;2;4;1;3;RUE DE COURCELLES;49,2620417;4,0181028
201900008821;7;8;2019;17:50;1;51;51454;2;1;1;3;AVENUE DU GENERAL DE GAULLE;49,2457600;4,0179400
201900008829;7;8;2019;08:45;1;44;44109;2;1;1;1;BRANDT ( PONT WILLY );47,2106200; -1,5356900
201900008843;7;8;2019;17:45;1;33;33550;2;1;1;3;RTE DE TOULOUSE;44,7822300; -0,5659600
201900008844;7;8;2019;13:45;1;33;33063;2;3;1;3;R. ElisÃ©e Reclus / R. Dufau;44,8372690; -0,5806040
201900008846;9;8;2019;11:35;1;33;33009;2;6;1;3;ROOSEVELT (PL. F.D.);44,6601600; -1,1682000
201900008862;9;8;2019;17:50;1;29;29039;2;9;1;3;LEGENDRE ( RUE DU PROFESSEUR);47,8767000; -3,9150300
201900008870;2;8;2019;11:45;1;22;22106;2;3;1;3;GREVES (Rue des);48,4991800; -2,6909000
201900008872;4;8;2019;15:20;1;22;22113;2;1;1;1;POMPIDOU (RUE GEORGES);48,7333300; -3,4659700
201900008873;9;8;2019;23:15;5;17;17306;2;1;1;6;155 avenue de PONTAILLAC;45,6250230; -1,0474150
201900008889;8;7;2019;16:40;1;30;30032;2;1;1;1;AV DES CHARMILLES;43,8180065;4,6158189
201900008914;7;8;2019;09:00;1;5;05023;2;1;1;1;SOIE (RUE DE LA);44,8941400;6,6353800
201900008943;23;11;2019;16:50;2;34;34172;2;9;1;3;GOSSEC (RUE FRANCOIS-JOSEPH);43,5751200;3,8597400
201900008950;22;11;2019;11:47;1;10;10362;2;3;1;1;VOIE DE CORPS (CHEMIN);48,2906800;4,0198400
201900009008;23;11;2019;16:00;1;973;97309;2;3;1;3;Rue Cannelier;4,8931990; -52,2873170
201900009038;8;10;2019;08:55;1;83;83129;2;9;1;3;CLAUDE POMPIDOU;43,0935000;5,8449100
201900009090;21;11;2019;14:00;1;63;63164;2;3;1;3;Bois ( AllÃ©e Claude );45,8276891;3,1525873
201900009093;18;11;2019;13:20;1;58;58194;2;3;1;3;MARECHAL JUIN;47,0055000;3,1533000
201900009096;22;11;2019;21:30;5;51;51454;2;6;3;2;CHEMIN DE SAINT LEONARD;49,2249228;4,0968149
201900009104;22;11;2019;08:05;2;45;45234;2;3;8;3;R A SAVARY - R ST FIACRE;47,8905900;1,9099800
201900009105;22;11;2019;07:55;5;45;45234;2;1;1;1;RUE DU NECOTIN - COLLEGE J ROSTAND;47,9171656;1,9375136
201900009106;17;9;2019;11:00;1;44;44109;2;1;1;3;BOULEVARD DES BELGES;47,2352500; -1,5454300
201900009110;4;7;2019;20:11;1;87;87085;2;1;1;3;BEL AIR (BOULEVARD DE);45,8208800;1,2469000
201900009140;5;7;2019;11:25;1;72;72181;2;1;1;3;BREGUET LOUIS (RUE);47,9763500;0,1672600
201900009150;4;7;2019;12:20;1;68;68066;2;9;7;3;REY (AVENUE JOSEPH);48,0957300;7,3777600
201900009151;4;7;2019;17:30;1;67;67482;2;3;1;3;PORTE DE L HOPITAL (RUE DE LA);48,5768250;7,7497180
201900009170;29;6;2019;08:30;1;56;56260;2;4;1;3;GUILLAUDOT (BD DU GAL MAURICE);47,6670500; -2,7448200
201900009171;29;6;2019;00:15;3;54;54395;2;1;1;3;VINGTIEME CORPS (AVENUE DU);48,6969960;6,1978950
201900009179;1;7;2019;13:58;1;50;50602;2;2;1;1;POMMIERS (RUE DES);49,6332970; -1,5826670
201900009183;2;7;2019;18:00;1;49;49007;2;1;1;6;ARNAULD ( HENRI) BOULEVARD;47,4735400; -0,5614000
201900009197;28;6;2019;21:00;1;44;44109;2;6;1;3;BOULEVARD DU PETIT PORT;47,2434700; -1,5565300
201900009200;4;7;2019;12:30;1;42;42187;2;2;1;3;OUDAN (RUE DE L');46,0521000;4,0858600
201900009206;3;7;2019;19:20;1;38;38053;2;3;1;3;MARRONNIERS (AV);45,5921490;5,2634339
201900009222;4;7;2019;19:35;1;34;34172;2;9;1;3;MOULARES (CHEMIN DE;43,5979310;3,8931390
201900009227;6;7;2019;10:45;1;33;33063;2;1;1;6;BRANDENBURG (BD ALBERT);44,8757700; -0,5474800
201900009236;4;7;2019;08:05;1;33;33069;2;6;1;3;RUE GEORGES LAFONT;44,8682700; -0,5982400
201900009263;6;7;2019;07:40;1;17;17300;2;1;1;3;LAVENUE   RUE RAYMOND;46,1730300; -1,2199700
201900009273;4;7;2019;07:40;1;14;14118;2;6;1;3;DEBARQUEMENT (ROND POINT DU );49,2028300; -0,3919700
201900009274;4;7;2019;08:45;1;14;14242;2;1;1;3;RD NÂ° 7 (DE CAEN A DOUVRES );49,2243700; -0,3687800
201900009294;15;12;2019;18:50;3;31;31555;2;1;1;3;RUE MONTMORENCY;43,6131000;1,4289000
201900009296;13;12;2019;08:05;1;31;31555;2;1;3;2;RUE LOUIS PLANA;43,6192000;1,4695500
201900009308;13;12;2019;12:45;1;19;19031;2;6;2;3;RIVET (AVENUE JEAN CHARLES);45,1483600;1,4897000
201900009326;15;12;2019;16:05;1;7;07070;1;1;1;7;PEYROUSSES (CH. DE);44,9605000;4,8520900
201900009328;2;12;2019;18:00;5;6;06069;2;3;1;3;CHENES (CHEMIN DES);43,6408320;6,9171780
201900009331;2;12;2019;17:53;3;1;01289;1;1;1;2;LENT ( ROUTE DE );46,1748530;5,2321838
201900009339;28;11;2019;18:00;3;37;37273;2;2;8;3;Avenue Jeanne d'Arc;47,3952050;0,7727950
201900009354;14;12;2019;11:15;1;45;45130;2;1;1;3;Rue Francis Carret;47,7953237;1,7113202
201900009365;21;12;2019;11:45;1;7;07102;2;1;1;7;STE EULALIE (PLACE);44,9313600;4,8565400
201900009366;19;12;2019;10:50;1;75;75119;2;1;2;3;RUE DES BOIS;48,8786010;2,4005450
201900009386;12;9;2019;17:25;1;42;42218;2;1;1;6;rue du monteil;45,4495730;4,4055000
201900009401;20;12;2019;08:10;2;33;33069;2;2;2;6;AV.VICTOR HUGO;44,8639000; -0,5904800
201900009402;16;12;2019;18:05;2;33;33281;2;1;1;6;AVE DE SAINT-MEDARD - VÃ©lo traverse des nÂ°pairs vers nÂ°impairs sur passage piÃ©ton;44,8625300; -0,6476000
201900009403;6;12;2019;08:00;2;33;33069;2;2;1;6;AVE DE TIVOLI;44,8572700; -0,5912300
201900009404;5;12;2019;08:20;5;33;33522;2;2;1;6;AVE DE THOUARS;44,7973800; -0,5921600
201900009429;2;5;2019;17:45;1;59;59014;2;3;2;3;LAURENT (COUR) - 289 AV A FRANCE;50,3777129;3,4968116
201900009440;18;10;2019;07:00;1;33;33281;1;2;1;3;AVE MARCEL DASSAULT;44,8457500; -0,7252900
201900009457;30;12;2019;13:05;1;27;27306;2;9;1;3;CONCORDE (RUE);49,0103230;1,1772720
201900009468;17;9;2019;18:30;1;62;62869;1;1;1;1;rue de Dainville;50,2461580;2,7213490
201900009471;16;9;2019;09:30;1;82;82025;1;1;1;3;chemin de pastenc;43,9483650;1,3233410
201900009484;17;9;2019;15:30;1;50;50486;1;1;1;7;La Roquelle;49,4078370; -1,6246020
201900009486;16;9;2019;13:30;1;36;36088;2;2;1;3;RUE FERDINAND DE LESSEPS/RUE BASSE ST DENIS;46,9599830;1,9884280
201900009501;10;9;2019;12:35;1;69;69074;1;2;1;3;D19/D44;46,0084100;4,6368640
201900009533;13;9;2019;19:55;2;81;81244;2;2;1;3;PARC (AVENUE DU);44,0475440;2,1333200
201900009534;15;9;2019;10:50;1;77;77258;2;1;1;7;MAISON ROUGE (RUE DE LA);48,8336300;2,6293800
201900009538;15;9;2019;15:35;1;64;64445;2;1;1;3;MONTARDON DE;43,3262800; -0,3684300
201900009539;15;9;2019;08:57;1;64;64348;2;6;1;3;EUROPE DE L';43,3210100; -0,3917600
201900009555;14;9;2019;19:15;1;7;07102;2;1;1;2;MISTRAL (PONT FREDERIC);44,9328600;4,8801800
201900009561;15;9;2019;14:30;1;75;75118;2;1;1;3;RUE ORDENER;48,8919584;2,3474028
201900009577;15;9;2019;10:00;1;92;92073;2;1;1;6;DUCLAUX (RUE EMILE);48,8781400;2,2361500
201900009593;16;9;2019;16:00;1;76;76536;1;1;1;6;229 Route de DarnÃ©tal;49,4585800;1,1656270
201900009662;23;3;2019;15:50;1;92;92050;2;1;1;6;PICASSO PABLO AVENUE;48,8902860;2,2182450
201900009683;21;3;2019;18:10;1;92;92023;2;3;1;3;POMMIERS (RUE DES);48,7919552;2,2676846
201900009696;20;3;2019;17:20;1;33;33138;2;6;1;2;Zone Industrielle Eygreteau, ZI EYGRETEAU;45,0384170; -0,1032010
201900009709;13;3;2019;19:20;5;1;01354;1;6;2;3;rond point de france;46,2393990;6,0342890
201900009743;25;3;2019;18:24;1;82;82019;1;3;1;5;3886-3936 Route des 2 Mers;44,0920830;1,0090050
201900009745;23;3;2019;16:08;1;65;65080;2;1;1;3;38 Rue du Pic du Midi;43,1520360;0,0243990
201900009763;22;3;2019;16:00;1;34;34036;1;1;1;2;Cartels;43,6849380;3,3637990
201900009771;15;3;2019;12:30;1;29;29260;2;2;8;3;Voie Romaine;48,4278562; -4,6287391
201900009774;25;3;2019;17:07;1;2;02478;2;3;1;3;Rue des Champs Druant;49,5166540;3,5039720
201900009776;23;3;2019;15:50;1;3;03062;1;1;7;1;;46,1856628;3,1778821
201900009784;16;3;2019;15:20;1;58;58057;1;1;1;7;Chaume;46,7438480;3,1211760
201900009785;24;3;2019;15:30;1;54;54049;1;1;1;2;Route de Baslieux;49,4431620;5,7355890
201900009809;25;3;2019;17:25;1;24;24286;1;2;1;3;les places;45,2655300;0,4910390
201900009820;26;3;2019;17:20;1;17;17256;1;1;1;1;CD 129;45,8586260; -0,4619560
201900009840;22;3;2019;17:50;1;38;38052;1;1;1;7;D 211 entre irage 20 et 21;45,0692150;6,0408220
201900009879;8;2;2019;23:03;5;987;98714;2;9;1;3;Vaitape - quartier Tiipoto; -16,4988880; -145,7382180
201900009881;10;2;2019;19:30;3;987;98722;2;1;1;3;PK 25; -17,5668330; -149,3290090
201900009889;8;2;2019;08:45;1;973;97312;1;1;1;3;RN1 - PK 110+300;5,3462575; -52,9347897
201900009890;7;2;2019;15:30;1;973;97304;1;1;1;2;RN 1 Pont de kourou;5,1497600; -52,6715040
201900009924;8;2;2019;15:08;1;74;74016;1;1;1;2;Route D1206;46,1394500;6,1272540
201900009960;8;2;2019;11:00;1;59;59363;1;1;6;3;D934;50,2129370;3,6412780
201900009962;11;2;2019;18:55;3;59;59611;1;1;1;2;rue d'ypres;50,6984610;3,0150710
201900010043;18;10;2019;14:15;1;33;33069;2;6;1;1;VOIE LIAISON LAMARTINE PRESSENCE;44,8635800; -0,6063100
201900010045;17;10;2019;09:00;1;33;33039;2;2;3;1;BD JEAN-JACQUES BOSC;44,8171000; -0,5484400
201900010046;17;10;2019;08:15;1;31;31069;2;6;1;3;ANDROMEDE (AV);43,6553300;1,3653600
201900010053;18;10;2019;14:14;1;21;21231;2;2;1;3;CHEVREUL (RUE);47,3089350;5,0378390
201900010059;18;10;2019;16:45;1;13;13208;2;3;1;3;PRADO (AVENUE DU);43,2741200;5,3904900
201900010076;18;10;2019;08:25;1;75;75119;2;2;2;3;AVENUE DE FLANDRE;48,8923245;2,3791355
201900010081;18;10;2019;18:30;2;75;75111;2;1;1;3;BOULEVARD VOLTAIRE;48,8550120;2,3848330
201900010084;18;10;2019;21:00;5;75;75107;2;2;1;3;QUAI D ORSAY;48,8625492;2,3104058
201900010087;16;10;2019;19:55;5;75;75104;2;3;2;3;BOULEVARD DE SEBASTOPOL;48,8612120;2,3497250
201900010092;18;10;2019;13:15;1;94;94037;2;3;1;3;PAUL VAILLANT COUTURIER (AV);48,8164800;2,3380100
201900010097;18;10;2019;12:15;1;94;94071;2;1;1;7;OLIVIER D ORMESSON (AV);48,7810600;2,5143900
201900010101;17;10;2019;10:50;1;93;93053;2;2;1;3;NEUILLY (RUE DE) NÂ° 4 A ... - NÂ° 9 A ...;48,8854700;2,4619100
201900010109;17;10;2019;20:00;5;92;92048;2;1;8;6;PARIS (RUE DE) NÂ° 1 A 15BIS;48,8167700;2,2478500
201900010135;9;10;2019;11:10;1;22;22018;1;1;1;7;Kernevez;48,6558630; -3,2273610
201900010206;17;10;2019;14:00;1;69;69202;2;2;1;3;COMMANDANT CHARCOT (DU)             (R );45,7495900;4,7956800
201900010212;15;10;2019;15:58;1;76;76402;2;2;1;6; (ROUTE DE DIEPPE);49,5283600;1,0416800
201900010215;17;10;2019;19:37;5;74;74093;2;1;2;3;CROISEE (DE LA);45,8955490;6,1121450
201900010216;17;10;2019;12:15;1;71;71153;2;1;3;7;CHANZY (RUE DE);46,7990800;4,4400800
201900010305;19;6;2019;17:20;1;48;48198;2;1;1;1;Avenue de la Gare;44,4392620;3,9216350
201900010314;5;6;2019;08:45;1;34;34143;1;3;7;2;Route de Villeveyrac;43,4568948;3,6105155
201900010326;14;6;2019;07:15;2;84;84019;2;6;2;3;Avenue Jean Giono;44,2852270;4,7509280
201900010327;22;4;2019;14:55;1;11;11262;2;6;1;3;MARCORIGNAN (ROUTE DE);43,1894200;2,9851000
201900010333;23;4;2019;15:15;1;11;11069;2;3;1;3;VARSOVIE -BD-;43,2148400;2,3473300
201900010334;10;6;2019;21:00;2;83;83019;2;1;1;7;100 Boulevard du Mont des Roses;43,1439700;6,3374550
201900010336;19;6;2019;09:15;1;83;83035;1;1;1;2;;43,2028100;5,7757450
201900010366;1;6;2019;15:30;1;83;83151;1;1;1;3;route de brignoles;43,4340570;6,1414650
201900010384;19;4;2019;17:25;1;6;06027;2;1;1;6;GARE AVENUE DE LA;43,6545542;7,1453120
201900010389;17;4;2019;18:30;1;5;05061;1;2;1;3;D 45;44,5130000;6,0557000
201900010398;22;5;2019;15:40;1;13;13014;2;9;1;3;Port Albert Samson;43,4721480;5,1674710
201900010403;8;6;2019;10:00;1;13;13073;1;3;1;1;intersection D 908 - D 8;43,4017520;5,5648040
201900010453;28;4;2019;14:45;1;75;75120;2;2;2;6;RUE D AVRON;48,8518580;2,4013740
201900010474;25;4;2019;19:40;1;75;75119;2;2;1;6;BOULEVARD DE LA VILLETTE;48,8738250;2,3751100
201900010476;22;4;2019;17:20;1;75;75119;2;3;1;3;RUE LALLY TOLLENDAL;48,8828500;2,3745430
201900010489;31;5;2019;20:30;1;67;67519;2;3;1;3;23 Rue du GÃ©nÃ©ral Leclerc;48,6573360;7,8294660
201900010491;28;5;2019;06:25;2;67;67067;1;1;1;3;CD 30 PK 29+300;48,7145820;7,6901590
201900010501;25;4;2019;19:25;1;75;75117;2;1;1;3;BOULEVARD DE REIMS;48,8911240;2,2992230
201900010502;25;4;2019;11:45;1;75;75117;2;7;1;2;AVENUE PAUL ADAM;48,8873060;2,2978350
201900010503;9;6;2019;18:45;1;55;55169;2;3;1;3;rue basse;49,5262500;5,4593090
201900010518;26;4;2019;15:40;1;75;75116;2;2;1;3;ALLEE DE LA REINE MARGUERITE;48,8585650;2,2448830
201900010530;22;4;2019;01:30;5;75;75116;2;1;1;6;BOULEVARD MURAT;48,8433940;2,2565690
201900010534;18;4;2019;20:20;1;75;75116;2;1;1;3;ROUTE DES TRIBUNES;48,8610240;2,2299220
201900010543;3;6;2019;16:30;1;74;74185;1;1;1;6;Route des 3 Lacs;46,1565665;6,2011052
201900010569;17;6;2019;19:30;1;26;26315;2;1;1;7;Route du BuÃ«ch;45,0210340;5,4444040
201900010572;19;6;2019;09:25;1;7;07264;1;1;1;3;RD 86;44,3215800;4,6258140
201900010587;7;5;2019;16:20;1;69;69014;2;2;1;3;lieu-dit-la-treve;45,6792500;4,4790100
201900010592;2;6;2019;11:10;1;1;01248;1;6;1;3;D38;45,8828390;4,8837350
201900010601;15;6;2019;08:50;1;79;79049;2;6;1;3;Avenue d'Angers;46,8460040; -0,4822410
201900010603;7;8;2019;21:00;2;75;75105;2;2;1;6;QUAI DE LA TOURNELLE;48,8511324;2,3513039
201900010627;10;8;2019;14:40;1;75;75112;2;3;1;3;BOULEVARD SOULT;48,8373405;2,4081570
201900010632;7;8;2019;17:10;1;75;75111;2;3;1;6;BOULEVARD RICHARD LENOIR;48,8600775;2,3725909
201900010636;10;8;2019;12:30;1;75;75109;2;2;1;3;RUE DE PROVENCE;48,8742349;2,3352668
201900010656;7;8;2019;15:00;1;94;94028;2;1;1;1;SAVAR.(RUE JULIETTE);48,7795800;2,4657600
201900010681;10;8;2019;20:40;2;92;92020;2;2;1;3;VERDUN AVENUE DE NÂ°1 A 45;48,8024400;2,2862600
201900010682;7;8;2019;14:30;1;92;92048;2;1;1;6;MARECHAL JUIN (AVENUE DU);48,7872600;2,2184600
201900010687;10;8;2019;10:10;1;92;92012;2;1;1;3;MARCEL SEMBAT (PLACE);48,8336139;2,2435788
201900010744;9;8;2019;18:20;1;2A;2A362;2;9;1;3;route de pinarello, ste lucie de porto-vecchio;41,6990460;9,3512770
201900010745;9;8;2019;11:50;1;2A;2A269;2;1;1;3;RT 10;41,8561940;9,3992840
201900010750;8;8;2019;08:20;1;65;65442;1;1;1;4;rd 632;43,2954990;0,6244500
201900010763;10;8;2019;11:30;1;55;55537;1;2;1;5;D24;49,2094400;5,4857200
201900010764;8;8;2019;17:25;1;55;55533;1;1;1;3;Route DÃ©partementale 964;48,6001750;5,6691100
201900010769;3;8;2019;10:40;1;46;46089;1;1;1;7;Le Trejet;44,5158450;1,0785820
201900010774;15;7;2019;18:50;1;22;22055;2;6;7;2;RUE DU GUESCLIN;48,6442450; -2,8338470
201900010782;7;8;2019;17:15;1;38;38249;2;6;1;3;Route de la Doux;45,2234200;5,8146200
201900010790;9;8;2019;17:30;1;15;15122;2;1;1;3;Rue de la Martinelle;44,7103930;2,2003050
201900010821;3;7;2019;10:00;1;1;01053;2;1;1;3;BROU ( BD NÂ°65 B A FIN);46,1935560;5,2394780
201900010835;5;7;2019;10:55;1;75;75106;2;7;1;6;BOULEVARD SAINT GERMAIN;48,8524780;2,3387390
201900010836;5;7;2019;09:05;1;75;75106;2;1;1;4;BOULEVARD SAINT MICHEL;48,8411350;2,3374030
201900010844;4;7;2019;14:23;1;75;75119;2;3;1;2;RUE DE BELLEVILLE;48,8725340;2,3785450
201900010845;3;7;2019;23:00;5;75;75119;2;7;1;6;AVENUE DE FLANDRE;48,8944300;2,3814970
201900010853;6;7;2019;06:20;2;75;75116;2;1;1;3;BOULEVARD D AUTEUIL;48,8454470;2,2540390
201900010857;5;7;2019;02:00;4;75;75116;2;1;1;1;VOIE GEORGES POMPIDOU;48,8514770;2,2798320
201900010864;5;7;2019;18:00;1;75;75114;2;3;1;3;BOULEVARD JOURDAN;48,8195990;2,3419280
201900010866;5;7;2019;23:45;5;75;75113;2;4;1;3;BOULEVARD MASSENA;48,8226700;2,3728430
201900010867;5;7;2019;20:00;1;75;75113;2;2;1;3;BOULEVARD ARAGO;48,8350110;2,3450400
201900010870;5;7;2019;12:45;1;75;75111;2;2;1;3;AVENUE DE LA REPUBLIQUE;48,8659980;2,3706800
201900010872;4;7;2019;09:10;1;75;75104;2;2;1;3;BOULEVARD BEAUMARCHAIS;48,8540250;2,3689330
201900010874;6;7;2019;14:50;1;75;75110;2;5;1;3;BOULEVARD DE MAGENTA;48,8785250;2,3540400
201900010875;2;7;2019;14:35;1;75;75109;2;1;1;3;RUE LA FAYETTE;48,8732280;2,3338920
201900010879;4;7;2019;17:25;1;75;75107;2;3;1;1;QUAI D ORSAY;48,8628650;2,3151850
201900010893;5;7;2019;09:25;1;94;94076;2;1;1;1;HENRI BARBUSSE (R);48,8030500;2,3653800
201900010900;5;7;2019;10:35;1;94;94034;2;3;1;3;PAUL VAILLANT COUTURIER (AV);48,7610200;2,3169700
201900010922;4;7;2019;13:28;1;93;93051;2;9;1;3;JULES FERRY (NR PAIRS );48,8456300;2,5727300
201900010934;4;7;2019;09:00;1;93;93047;2;2;1;3;JEAN JAURES (AVENUE);48,8985900;2,5503800
201900010951;4;7;2019;23:00;5;92;92051;2;1;1;2;CHARLES DE GAULLE (AVENUE,NÂ°118 A 192 +;48,8850000;2,2603000
201900010963;5;7;2019;15:00;1;92;92024;2;1;1;2;VICTOR HUGO (BD);48,9003668;2,3152092
201900010965;2;7;2019;07:50;1;92;92023;2;6;1;3;EUGENE BEAUJARD (CARREFOUR);48,7897300;2,2527300
201900010992;22;11;2019;08:05;1;37;37261;2;1;1;6;TRANCHEE (AVENUE DE LA);47,4080000;0,6814200
201900011036;21;11;2019;20:40;5;75;75106;2;7;1;6;PLACE SAINT MICHEL;48,8537523;2,3442794
201900011038;22;11;2019;17:00;5;75;75119;2;1;1;3;AVENUE JEAN JAURES;48,8844620;2,3766360
201900011041;21;11;2019;20:40;5;75;75117;2;2;1;3;BOULEVARD PEREIRE;48,8873882;2,3139579
201900011049;22;11;2019;15:15;1;75;75109;2;3;1;6;RUE DE MONTHOLON;48,8765700;2,3461103
201900011079;22;11;2019;14:20;1;92;92051;2;5;1;3;CHATEAU (BOULEVARD DU);48,8932000;2,2763900
201900011099;22;11;2019;09:10;1;49;49018;1;1;1;2;Lieu Dit le Motais;47,5525680; -0,1850090
201900011103;21;11;2019;17:35;5;31;31451;2;2;1;3;Avenue Alexandre Monoury;43,4577570;2,0097610
201900011110;22;11;2019;19:00;3;60;60348;1;1;8;2;Route de Montdidier;49,5743043;2,9661612
201900011171;21;11;2019;07:30;2;69;69388;2;2;1;6;ALBERT THOMAS                       (CO);45,7443900;4,8745600
201900011184;31;12;2019;14:30;1;22;22098;2;1;5;1;Rue de Saint-glen;48,4273920; -2,5388350
201900011189;20;7;2019;13:52;1;75;75105;2;2;1;2;RUE SAINT JACQUES;48,8502089;2,3452202
201900011207;14;11;2019;19:50;5;92;92014;2;2;1;3;GENERAL LECLERC (AV.) (1 A 55BIS - 2 A 4;48,7824601;2,3165969
201900011229;18;12;2019;15:00;1;82;82121;2;4;1;2;MAYENNE (AVENUE);44,0153000;1,3436220
201900011247;17;12;2019;13:16;1;66;66136;2;1;1;6;MERMOZ (AVENUE JEAN);42,6964400;2,9084000
201900011261;13;12;2019;21:15;5;54;54300;2;1;1;2;GALTIER (RUE LUCIEN);48,6627820;6,2201590
201900011263;16;12;2019;08:00;2;54;54300;2;1;8;3;PATTON (RUE DU GENERAL);48,6545570;6,2323810
201900011265;16;12;2019;18:10;2;52;52121;2;1;1;3;GAGARINE (RUE YOURI);48,1046800;5,1476000
201900011274;17;12;2019;18:00;5;31;31555;2;2;1;3;QU DE TOUNIS;43,5996410;1,4405510
201900011310;16;12;2019;20:50;5;75;75117;2;1;1;3;BOULEVARD MALESHERBES;48,8848090;2,3077140
201900011311;17;12;2019;16:15;1;75;75116;2;1;2;6;RUE DE LA POMPE;48,8696621;2,2823882
201900011319;17;12;2019;23:40;5;75;75113;2;3;1;6;AVENUE DES GOBELINS;48,8349060;2,3531770
201900011320;17;12;2019;09:03;1;75;75113;2;3;1;3;BOULEVARD KELLERMANN;48,8209896;2,3506273
201900011321;18;12;2019;07:15;2;75;75112;2;1;1;3;QUAI DE LA RAPEE;48,8393467;2,3753120
201900011322;18;12;2019;16:25;1;75;75111;2;2;1;1;BOULEVARD VOLTAIRE;48,8597420;2,3768770
201900011323;18;12;2019;22:45;5;75;75110;2;5;1;6;BOULEVARD DE DENAIN;48,8785220;2,3540680
201900011330;18;12;2019;13:50;1;75;75117;2;5;1;3;BOULEVARD DE COURCELLES;48,8791530;2,3030841
201900011332;18;12;2019;10:00;1;75;75108;2;6;1;3;ROND POINT CHAMPS ELYSEES MARCEL DASSAUL;48,8682920;2,3101760
201900011335;18;12;2019;20:00;5;75;75107;2;7;1;2;ROND POINT DU BLEUET DE FRANCE;48,8588564;2,3129869
201900011336;18;12;2019;17:10;5;75;75107;2;2;1;3;BOULEVARD SAINT GERMAIN;48,8599960;2,3216880
201900011339;18;12;2019;20:20;5;75;75104;2;3;1;7;QUAI DES CELESTINS;48,8523600;2,3604890
201900011350;18;12;2019;09:00;1;94;94033;2;2;1;3;PEPINIERE (AV DE LA);48,8444700;2,4507800
201900011355;2;12;2019;05:18;5;93;93066;2;5;1;3;LAMAZE DOCTEUR;48,9344353;2,3589878
201900011357;18;12;2019;21:05;5;93;93064;2;1;1;2;PERI (BOULEVARD GABRIEL) 39 / 44 - FIN;48,8779300;2,4741400
201900011368;21;7;2019;10:30;1;62;62543;1;2;1;6;Rue d'Enguinegatte;50,6163720;2,3039590
201900011400;14;9;2019;15:40;1;50;50532;2;1;1;1;MAIRIE (RUE DE LA);48,8142000; -1,5678000
201900011402;14;9;2019;09:00;1;45;45075;2;3;1;3;RTE D'ORLEANS - RUE DU GAIGNEAU;47,8930822;1,8478691
201900011406;13;9;2019;08:10;1;37;37214;2;1;1;2;MENARDIERE (RUE DE LA);47,4198900;0,6638500
201900011413;13;9;2019;20:15;2;28;28404;2;9;1;3;FONTAINE (AVENUE JEAN DE LA);48,7273900;1,3399800
201900011423;14;9;2019;22:30;5;6;06004;2;1;1;5;NICE(RN.7) AV.ET RTE DE;43,6087180;7,1247430
201900011425;14;9;2019;14:07;1;1;01053;2;1;1;3;BLERIOT (PLACE LOUIS );46,2112739;5,2326152
201900011431;14;9;2019;20:30;5;75;75112;2;1;1;6;COURS DE VINCENNES;48,8470710;2,4107510
201900011433;14;9;2019;16:40;1;75;75113;2;3;1;2;BOULEVARD KELLERMANN;48,8206610;2,3494500
201900011437;14;9;2019;10:40;1;94;94080;2;1;1;3;FRANCE (R DE);48,8489200;2,4548500
201900011456;14;9;2019;10:25;1;71;71227;1;1;1;2;Longve;46,6860910;3,9219070
201900011457;14;9;2019;17:52;1;33;33138;2;3;1;3;RD674 / RD674E4;45,0446370; -0,1217240
201900011472;14;9;2019;09:40;1;42;42206;1;3;1;3;La Cartala;45,5333940;4,3199120
201900011474;14;9;2019;20:30;3;39;39478;1;1;1;2;;46,3781290;5,8103020
201900011487;15;9;2019;09:10;1;16;16086;2;2;1;3;20 Route de Pressignac;45,8505020;0,7604840
201900011512;15;9;2019;10:20;1;55;55169;2;1;1;7;30 Avenue Victor Hugo;49,5273070;5,4620860