Num_Acc;jour;mois;an;hrmn;lum;dep;com;agg;int;atm;col;adr;lat;long
201900011514;15;9;2019;11:30;1;42;42179;2;1;1;6;Route du ChÃ¢teau d'Eau;45,6623970;4,0259830
201900011552;21;3;2019;14:59;1;77;77217;1;3;1;3;D471 X VC7 CH. DES BOIS;48,6940100;2,6942500
201900011579;24;3;2019;05:30;2;67;67118;2;3;1;3;rue de wolfisheim;48,5845350;7,6781970
201900011586;26;3;2019;16:45;1;69;69009;1;3;1;3;route de lachassagne;45,9284500;4,7042200
201900011693;19;3;2019;15:30;1;69;69259;2;1;1;3;CLOS VERGER (DU)                    (R );45,7181900;4,8921500
201900011708;18;3;2019;16:50;1;86;86041;2;1;1;3;SAINTE CROIX (RUE);46,6000539;0,3520533
201900011712;18;3;2019;09:00;1;76;76481;1;1;1;6;GOLF (CHEMIN DU);49,5664000;0,1372000
201900011724;15;3;2019;08:30;1;67;67482;2;1;3;3;ALFRED KASTLER (RUE);48,5734600;7,7709600
201900011726;18;3;2019;07:55;1;64;64445;2;2;1;3;PAIX;43,3123310; -0,3267575
201900011744;6;2;2019;17:35;2;69;69199;2;2;1;3;YVES FARGE                          (BD);45,6886400;4,8617100
201900011745;6;2;2019;16:00;1;69;69383;2;1;1;3;LACASSAGNE                          (AV);45,7488400;4,8780300
201900011780;5;2;2019;17:48;2;36;36044;2;1;1;3;AVENUE DU PONT NEUF;46,8140183;1,6847452
201900011781;5;2;2019;13:28;1;36;36044;1;1;1;3;64 RUE DES MADRONS;46,7975500;1,6607600
201900011808;6;2;2019;16:30;2;75;75113;2;1;8;6;RUE DE TOLBIAC;48,8268410;2,3652090
201900011811;6;2;2019;10:00;1;75;75110;2;2;1;3;RUE D ABBEVILLE;48,8779080;2,3516070
201900011812;5;2;2019;10:00;1;75;75109;2;3;1;3;RUE MAYRAN;48,8764700;2,3461810
201900011820;6;2;2019;13:00;1;92;92046;2;1;1;3;ETIENNE DOLET (RUE);48,8141780;2,3000170
201900011823;6;2;2019;17:30;1;31;31445;2;1;1;6;16 le mail;43,5838060;1,5290060
201900011847;7;2;2019;15:45;1;77;77175;1;1;1;7;Route dÃ©partementale 48;48,6494200;2,6514200
201900011872;16;1;2019;18:35;2;974;97407;2;1;1;7;AllÃ©e Mahatma Gandhi; -20,9378000;55,3021400
201900011897;5;2;2019;09:35;1;82;82121;2;6;2;2;giratoire bouyer;44,0333450;1,3751630
201900011908;17;10;2019;07:45;5;64;64445;2;1;3;3;ALFRED NOBEL;43,3146172; -0,3164878
201900011912;17;10;2019;08:47;1;64;64024;2;6;2;3;CESTAC (ROND POINT ELISE);43,4946759; -1,5279807
201900011927;16;10;2019;09:30;2;50;50173;2;3;2;2;BRANLY (RUE EDOUARD);49,6450000; -1,6477800
201900011935;17;10;2019;20:50;5;37;37233;2;1;2;6;STALINGRAD (AVENUE);47,3903200;0,7357200
201900011936;17;10;2019;15:20;1;37;37233;2;1;1;6;LABOURDE (RUE JEANNE);47,3936552;0,7419205
201900011938;17;10;2019;07:58;5;37;37261;2;1;2;6;BAUGE (RUE MICHEL);47,3816162;0,6694880
201900011939;17;10;2019;07:05;5;37;37233;2;6;2;6;JAURES (BOULEVARD JEAN);47,3949815;0,7261247
201900011941;17;10;2019;07:50;5;34;34172;2;1;1;1;FONT CARRADE (RUE DE);43,6080300;3,8542700
201900011947;16;10;2019;07:40;2;33;33039;2;3;1;3;AVE ALEXIS CAPELLE;44,8141100; -0,5489300
201900011952;16;10;2019;00:00;5;31;31555;2;1;1;2;AV DE MURET;43,5855600;1,4285500
201900011956;10;10;2019;17:20;1;18;18213;2;3;1;1;JAURES (RUE JEAN);47,0980000;2,4685000
201900011957;17;10;2019;06:30;3;17;17274;1;1;3;2;D108;46,1610316; -1,0833131
201900011971;17;10;2019;18:00;1;75;75106;2;4;8;6;BOULEVARD SAINT MICHEL;48,8469218;2,3406054
201900011972;17;10;2019;22:50;5;75;75111;2;2;1;3;BOULEVARD DE BELLEVILLE;48,8689320;2,3804671
201900011973;17;10;2019;18:30;1;75;75120;2;3;1;3;BOULEVARD DAVOUT;48,8479425;2,4113542
201900011983;16;10;2019;23:10;5;75;75113;2;3;2;6;QUAI D AUSTERLITZ;48,8383317;2,3727992
201900011987;16;10;2019;10:05;1;75;75111;2;1;2;3;AVENUE DE LA REPUBLIQUE;48,8648771;2,3765928
201900011990;17;10;2019;18:30;2;75;75102;2;2;8;3;RUE DE TURBIGO;48,8641035;2,3501137
201900012004;17;10;2019;08:55;1;93;93045;2;4;2;3;JAURES BD JEAN;48,8860500;2,4267900
201900012009;13;10;2019;16:50;1;92;92073;2;3;1;7;BAS ROGERS (RUE DES);48,8797800;2,2338800
201900012026;16;10;2019;15:00;2;26;26210;1;1;7;2;D67;45,1999560;5,1205620
201900012034;17;10;2019;13:20;1;971;97125;1;1;1;2;N5;16,2770110; -61,2851750
201900012039;16;10;2019;14:00;1;67;67080;1;2;1;3;2 Rue Principale;48,5619500;7,5300630
201900012091;18;4;2019;19:00;1;75;75115;2;1;1;3;RUE LACRETELLE;48,8329550;2,2919710
201900012112;18;4;2019;05:45;5;75;75113;2;1;1;6;RUE DE LA GLACIERE;48,8291850;2,3433110
201900012113;25;4;2019;19:50;1;75;75112;2;2;1;3;RUE DE CHARENTON;48,8464450;2,3789420
201900012122;25;4;2019;08:00;1;75;75111;2;3;2;2;RUE JEAN PIERRE TIMBAUD;48,8684020;2,3795520
201900012123;23;4;2019;08:45;1;75;75111;2;3;1;6;BOULEVARD JULES FERRY;48,8686640;2,3670650
201900012124;22;4;2019;20:45;2;75;75111;2;3;1;3;RUE DE LA ROQUETTE;48,8598370;2,3887550
201900012130;18;4;2019;15:35;1;75;75111;2;2;1;3;RUE SEDAINE;48,8579340;2,3769990
201900012132;23;4;2019;12:10;1;75;75110;2;2;1;3;RUE LA FAYETTE;48,8813340;2,3647550
201900012136;23;4;2019;22:37;5;75;75109;2;4;1;6;RUE DU FAUBOURG MONTMARTRE;48,8730440;2,3430580
201900012142;21;4;2019;17:30;1;75;75108;2;7;1;6;PLACE CLEMENCEAU;48,8677390;2,3139890
201900012155;25;4;2019;16:05;1;75;75103;2;1;1;3;RUE DE TURBIGO;48,8647010;2,3527090
201900012156;24;4;2019;01:45;5;75;75103;2;7;1;6;PLACE DE LA REPUBLIQUE;48,8666020;2,3646720
201900012164;25;4;2019;08:25;1;75;75101;2;2;1;3;RUE DE L AMIRAL DE COLIGNY;48,8609130;2,3408490
201900012190;17;4;2019;08:10;1;94;94046;2;1;1;3;REPUBLIQUE (AV DE LA);48,8047800;2,4385100
201900012197;19;4;2019;07:40;1;94;94076;2;9;1;6;DAUPHIN (R);48,8057000;2,3637900
201900012211;25;4;2019;12:30;1;94;94028;2;1;2;3;CASALIS.(AVE DU DR PAUL);48,7802400;2,4720400
201900012222;22;4;2019;15:50;1;94;94019;2;1;1;3;AUGUSTE COMTE (R);48,8020827;2,5477199
201900012250;22;4;2019;13:20;1;93;93077;2;2;1;6;LECLERC (AVENUE DU GENERAL);48,8856800;2,5118400
201900012255;22;4;2019;18:25;1;93;93051;2;9;1;2;PAVE NEUF (AVENUE);48,8378400;2,5618000
201900012260;18;4;2019;14:25;1;93;93050;2;1;1;2;GENERAL DE GAULLE (AVENUE);48,8567680;2,5301400
201900012276;27;4;2019;15:50;1;93;93027;2;1;1;5;VAILLANT-COUTURIER (AVENUE PAUL);48,9189400;2,4089200
201900012288;11;8;2019;11:00;1;6;06150;2;1;1;3;9 Route de Menton;43,7469790;7,4014240
201900012291;11;8;2019;10:00;1;5;05029;1;1;1;2;D944;44,6426140;6,1660220
201900012301;9;8;2019;09:10;1;64;64160;2;1;1;2;Avenue de l'Ursuya;43,3604473; -1,3826789
201900012305;8;8;2019;17:30;1;43;43159;1;1;1;1;La dÃ©tourbe;45,1717800;4,2851720
201900012349;9;8;2019;02:40;3;33;33527;1;1;1;6;3 Rue de Balanos;44,6204100; -1,0115500
201900012354;2;8;2019;22:25;5;91;91659;2;1;1;3;4 avenue de la gare;48,5919720;2,4567040
201900012358;10;8;2019;07:50;1;66;66037;2;6;1;3;Avenue des Hauts de Canet;42,7010100;3,0096800
201900012360;6;8;2019;11:10;1;66;66037;2;1;1;3;avenue jean moulin;42,7052000;3,0060950
201900012361;9;8;2019;10:35;1;34;34344;2;1;1;3;Avenue de Melgueil;43,5604980;4,0880440
201900012378;10;8;2019;16:24;1;71;71440;1;1;1;3;Le Buis;46,9190930;4,0903040
201900012381;9;8;2019;19:25;2;68;68351;1;6;1;7;Rond point D415 - D52;48,0169470;7,5718520
201900012401;9;8;2019;21:15;5;9;09194;2;2;1;3;rue victor hugo;43,0895540;1,8761350
201900012406;9;8;2019;09:35;1;64;64067;2;2;1;3;5 Route de Pau;43,2543467; -0,2973434
201900012407;8;8;2019;19:20;1;40;40283;2;1;1;1;Route du Preau;43,7513100; -0,9948710
201900012517;15;6;2019;12:01;1;57;57245;1;1;1;2;RD 62;49,4274260;6,2896130
201900012521;2;6;2019;16:00;1;62;62899;1;1;1;3;D244;50,8891590;1,6939590
201900012690;5;7;2019;18:20;1;68;68082;2;4;1;3;16 Rue du 6 Fevrier;47,8714290;7,3518330
201900012691;5;7;2019;08:20;1;68;68258;2;1;1;7;Rue d'Ensisheim;47,8366830;7,3061100
201900012701;4;7;2019;14:30;1;35;35246;1;1;7;3;La Haie;48,5348200; -1,7999470
201900012704;4;7;2019;18:44;1;29;29260;1;1;7;3;Ker Ar Valy;48,4218310; -4,6233890
201900012714;5;7;2019;10:50;1;15;15003;1;1;1;2;CD 681;45,1868030;2,3108130
201900012718;6;7;2019;08:20;1;26;26113;2;3;1;6;49 Rue Camille Buffardel;44,7543260;5,3709600
201900012753;6;7;2019;11:30;1;30;30280;1;1;1;3;D110;43,9344440;3,6533280
201900012778;5;7;2019;10:35;1;38;38550;1;1;1;1;D221 B;45,0883370;6,0355000
201900012779;1;6;2019;12:15;1;38;38191;1;1;1;7;Route du col de sarenne;45,0821210;6,0585710
201900012797;4;7;2019;09:00;1;77;77508;1;1;1;3;RD 21;48,8177800;2,8612200
201900012800;4;7;2019;20:00;2;77;77470;2;3;1;2;Boulevard Isaac Pereire;48,7402650;2,7586050
201900012806;4;7;2019;15:30;1;84;84019;2;2;1;3;Avenue Salvador Allende;44,2883730;4,7539480
201900012814;5;7;2019;07:13;1;89;89037;1;1;1;3;D943;47,9704160;3,3437705
201900012817;6;7;2019;15:17;1;71;71512;2;3;1;1;Route de Gigny;46,6388910;4,8739610
201900012848;21;11;2019;09:10;1;66;66136;2;2;1;3;COQUELICOTS (DES);42,7049900;2,9019500
201900012852;16;11;2019;22:05;5;63;63014;2;1;1;2;PASTEUR (RUE);45,7592800;3,1029300
201900012856;20;11;2019;17:10;5;54;54304;2;1;1;3;POINCARE (RUE RAYMOND);48,6805510;6,1551880
201900012862;18;11;2019;18:25;2;44;44184;2;2;1;3;RUES MOZART / VOLTAIRE;47,2670000; -2,2359000
201900012879;21;11;2019;18:15;5;75;75119;2;1;2;6;RUE DE CRIMEE;48,8909960;2,3763970
201900012883;21;11;2019;14:30;1;75;75116;2;1;1;1;ROUTE DES TRIBUNES;48,8549610;2,2287960
201900012888;19;11;2019;15:20;1;75;75116;2;2;1;3;AVENUE KLEBER;48,8690230;2,2915800
201900012889;20;11;2019;16:15;1;75;75115;2;4;1;3;RUE BRANCION;48,8296830;2,3017580
201900012890;19;11;2019;12:00;1;75;75115;2;3;1;3;RUE EMERIAU;48,8487229;2,2852167
201900012894;21;11;2019;10:23;1;75;75113;2;2;1;3;BOULEVARD AUGUSTE BLANQUI;48,8311050;2,3442410
201900012910;21;11;2019;19:55;5;93;93051;2;3;8;2;DOCTEUR SUREAU;48,8457300;2,5494000
201900012911;21;11;2019;16:30;2;93;93048;2;2;1;3;RESISTANCE S3 (AVENUE DE LA);48,8692000;2,4329000
201900012936;22;11;2019;08:45;1;47;47165;1;1;1;2;Ã Carreau;44,5002060;0,0016310
201900012958;22;11;2019;14:25;1;90;90041;1;4;1;3;Rue de Rougemont;47,7190280;6,9315050
201900012975;22;11;2019;17:40;3;45;45082;2;1;1;3;Route d'OrlÃ©ans;47,8606840;2,1912740
201900012988;22;11;2019;15:50;1;60;60317;1;3;1;3;81 Moulin d'Hondainville;49,3330532;2,3066279
201900013004;15;7;2019;05:15;5;75;75107;2;7;1;3;PLACE DE LA RESISTANCE;48,8623150;2,3019620
201900013051;17;12;2019;16:40;1;35;35206;1;6;1;3;rue lavoisier;48,0398760; -1,6837130
201900013102;31;12;2019;15:10;1;37;37122;2;1;5;6;CHINON (BOULEVARD DE);47,3524895;0,6883621
201900013127;28;12;2019;16:25;1;95;95210;2;3;1;3;MALLEVILLE (RUE DE);48,9670000;2,3046500
201900013131;29;12;2019;19:47;2;87;87085;2;2;1;3;CARNOT (PLACE SADI);45,8402200;1,2577700
201900013140;16;12;2019;19:00;5;67;67482;2;1;1;3;MULLENHEIM (QUAI);48,5862200;7,7604000
201900013144;15;12;2019;23:38;5;67;67482;2;3;2;3;ABBE LEMIRE (RUE DE L );48,5806490;7,7231705
201900013154;30;12;2019;15:55;1;49;49007;2;1;1;1;RONCERAY BOULEVARD;47,4747500; -0,5597800
201900013231;13;9;2019;07:55;1;85;85191;2;6;1;3;ROND POINT DU 5 PRAIRIAL AN XII;46,6647300; -1,4237500
201900013236;12;9;2019;18:00;1;80;80021;2;1;1;6;JULES BARNI (RUE);49,8865700;2,3173300
201900013244;12;9;2019;18:05;1;71;71153;2;4;7;1;ANEMONES (RUE DES);46,8097900;4,4312200
201900013245;12;9;2019;15:33;1;71;71076;2;1;1;2;Rond Point de Bourgogne;46,7880800;4,8649800
201900013263;3;3;2019;10:30;1;54;54274;2;3;1;3;SAINT SAENS (RUE CAMILLE);48,6727300;6,2090500
201900013273;12;9;2019;21:50;5;49;49007;2;1;1;5;FREMUR;47,4622000; -0,5591000
201900013276;13;9;2019;23:50;5;44;44109;2;2;1;3;RUE MONZIE / BOULEVARD GENERAL DE GAULLE;47,2064100; -1,5393300
201900013279;13;9;2019;09:00;1;44;44109;2;3;1;3;BD ORION / RUE CHARLES LEBOURG;47,2337100; -1,5606500
201900013286;13;9;2019;15:20;1;35;35238;2;1;1;3;LE GUILLOUX (HENRI);48,1165900; -1,6965200
201900013290;13;9;2019;19:35;1;33;33167;2;1;1;2;AVE JEAN ALFONSEA;44,8270000; -0,5251000
201900013294;11;9;2019;14:10;1;33;33063;2;3;1;3;Crs de Verdun / Crs de Gourgues;44,8471280; -0,5766510
201900013312;13;9;2019;08:35;1;17;17300;2;1;1;3;DAUPHINE  AVENUE DE LA PORTE;46,1688800; -1,1501000
201900013317;13;9;2019;12:30;1;13;13209;2;1;1;7;MARÃCHAL DE LATTRE (AVENUE);43,2461400;5,4177640
201900013333;13;9;2019;08:30;1;75;75120;2;4;1;3;RUE DES FOUGERES;48,8712234;2,4106896
201900013334;13;9;2019;08:20;1;75;75120;2;1;8;1;AVENUE GAMBETTA;48,8642975;2,3930598
201900013341;13;9;2019;16:00;1;75;75115;2;1;1;6;BOULEVARD VICTOR;48,8357470;2,2798870
201900013342;13;9;2019;09:35;1;75;75115;2;1;1;6;BOULEVARD VICTOR;48,8352060;2,2816935
201900013347;13;9;2019;20:00;5;75;75109;2;2;1;2;RUE DE LA CHAUSSEE D ANTIN;48,8752590;2,3322910
201900013353;12;9;2019;19:45;5;75;75104;2;1;1;3;BOULEVARD DE SEBASTOPOL;48,8609600;2,3495750
201900013359;12;9;2019;10:30;1;94;94042;2;1;1;3;PARIS (R DE);48,8161400;2,4688800
201900013360;13;9;2019;06:15;5;94;94046;2;1;1;1;GENERAL LECLERC - CAR DE LA RESISTANCE (;48,8161400;2,4198900
201900013374;18;3;2019;19:55;3;35;35055;2;1;2;2;BREILLOU (RUE DU);48,0969400; -1,6198100
201900013403;18;3;2019;11:35;1;75;75116;2;4;1;3;AVENUE EDOUARD VAILLANT;48,8366580;2,2551040
201900013412;18;3;2019;00:01;5;75;75101;2;7;1;3;PONT AU CHANGE;48,8572420;2,3471130
201900013444;16;3;2019;18:05;2;1;01347;1;6;1;3;D933;45,9552530;4,7549460
201900013452;19;3;2019;13:00;1;42;42302;2;3;1;3;avenue anthony barralon;45,4856350;4,4495170
201900013460;19;3;2019;14:15;1;45;45175;2;6;1;3;intersection RD15-RD7;47,7495150;1,8122340
201900013461;19;3;2019;14:30;1;18;18281;1;1;1;7;D30, route de Foecy;47,1884620;2,1703850
201900013476;19;3;2019;12:05;1;62;62318;2;1;1;2;boulevard billet;50,5173080;1,6400020
201900013498;19;3;2019;07:20;1;988;98818;2;6;1;3;GASPARD (RUE HENRI)/E. PENTECOST; -22,2871200;166,4550300
201900013515;16;3;2019;22:10;3;76;76351;2;9;1;3;GRAND HAMEAU (Avenue du );49,5230600;0,1097500
201900013516;18;3;2019;16:50;1;74;74012;2;1;1;3;FAUCIGNY (RUE DU);46,1941900;6,2400600
201900013517;17;3;2019;10:00;1;71;71153;2;1;1;6;MARECHAL LECLERC (RUE);46,8066400;4,4279600
201900013532;18;3;2019;18:08;2;32;32013;2;7;1;7;BARON (CHEMIN DE);43,6536100;0,5771200
201900013550;4;2;2019;11:30;1;66;66136;2;1;1;6;KENNEDY (BD JOHN-FITZGERALD);42,6901600;2,9021100
201900013565;4;2;2019;08:40;2;56;56121;2;3;2;3;LEPINE (RUE  PROFESSEUR );47,7450300; -3,3900500
201900013603;4;2;2019;17:20;1;28;28085;2;1;1;6;SOURS (RUE DE);48,4391000;1,5143300
201900013608;5;2;2019;13:20;1;17;17300;2;2;2;6;JOURDAN   RUE;46,1642200; -1,1604500
201900013634;1;2;2019;14:00;1;5;05061;2;3;3;3;JEAN JAURES ( AVENUE );44,5559300;6,0758200
201900013645;4;2;2019;13:50;1;75;75119;2;1;8;2;AVENUE DE LA PORTE DE LA VILLETTE;48,8990770;2,3867410
201900013659;5;2;2019;16:00;1;75;75111;2;1;1;3;BOULEVARD VOLTAIRE;48,8513220;2,3909920
201900013666;4;2;2019;08:20;2;75;75107;2;7;1;7;ROND POINT DU BLEUET DE FRANCE;48,8584320;2,3133560
201900013668;5;2;2019;16:50;1;94;94046;2;1;1;6;GENERAL LECLERC (AV DU);48,8100000;2,4279700
201900013682;4;2;2019;17:10;1;11;11203;2;1;1;2;AVENUE LEO LAGRANGE;43,1903590;2,7547220
201900013685;4;2;2019;18:30;3;62;62221;1;1;9;2;D77;50,3826000;2,4658548
201900013701;4;2;2019;19:15;1;38;38130;2;9;1;2;CAMILLE JOUFFRAY(PLACE);45,3531770;5,2648410
201900013735;15;10;2019;15:50;1;62;62178;2;6;1;3;LAMENDIN ( ARTHUR );50,4825350;2,5422030
201900013741;15;10;2019;11:35;1;49;49007;2;1;2;3;BIRGE BOULEVARD;47,4708998; -0,5191483
201900013744;15;10;2019;11:55;1;45;45302;1;1;2;3;ROUTE D'ORMES;47,9619633;1,8852711
201900013745;16;10;2019;18:40;1;44;44143;2;6;8;3;RUES CAMILLE CLAUDEL / LA GALARNIERE;47,1691500; -1,5512400
201900013772;16;10;2019;15:15;1;75;75110;2;1;2;6;BOULEVARD DE LA CHAPELLE;48,8836710;2,3503830
201900013796;15;10;2019;10:15;1;22;22091;1;3;3;1;Kerbellec;48,6238810; -3,1913530
201900013802;15;10;2019;18:08;2;38;38188;1;4;2;3;51 Chemin de l'Abreuvoir;45,1438650;5,8032310
201900013825;6;9;2019;08:05;1;73;73065;2;1;1;2;DESFRANCOIS (AVENUE DU DOCTEUR);45,5687457;5,9286014
201900013832;19;9;2019;17:30;1;62;62215;2;3;1;3;anne frank;50,4960000;2,9630000
201900013847;10;10;2019;18:10;5;974;97411;2;1;1;6;REPUBLIQUE (RUE DE LA); -20,8798700;55,4464800
201900013851;11;10;2019;07:00;1;973;97302;2;6;8;3;BADUEL (ROUTE DE);4,9331066; -52,3096418
201900013858;11;10;2019;08:31;1;69;69383;2;2;1;3;LACASSAGNE                          (AV);45,7544500;4,8666400
201900013860;10;10;2019;10:25;1;69;69386;2;2;1;6;BROTTEAUX (DES)                     (BD);45,7661300;4,8569500
201900013862;10;10;2019;17:28;2;972;97213;1;1;1;1;ROUTE DEPARTEMENTALE 15;14,6161800; -61,0052800
201900013880;15;10;2019;04:10;3;91;91103;1;1;2;7;CD 19;48,5788000;2,3008600
201900013896;18;4;2019;12:35;1;93;93057;2;2;1;1;HUGO (AV. VICTOR);48,9105540;2,5125960
201900013899;21;4;2019;10:50;1;93;93008;2;3;1;3;GROSLAY (CHEMIN DE) D20;48,9090075;2,4729310
201900013900;19;4;2019;15:15;1;93;93008;2;1;1;3;JAURES (AVENUE JEAN);48,9050000;2,4380000
201900013926;21;4;2019;20:52;5;92;92050;2;1;1;3;ARAGO FRANCOIS AVENUE;48,9008780;2,2246710
201900013931;18;4;2019;08:20;1;92;92040;2;7;1;3;BARA;48,8335900;2,2671000
201900013936;23;4;2019;12:30;1;92;92036;2;1;1;3;PRINCIPALE DU PORT (ROUTE) (1/17);48,9373200;2,2783900
201900013939;20;4;2019;14:15;1;92;92026;2;1;1;3;RÃPUBLIQUE ( DE 65 A FIN );48,9019700;2,2526600
201900013964;21;4;2019;13:00;1;2A;2A212;1;1;1;5;Calanques de PIANA;42,2604757;8,6819382
201900013975;20;4;2019;17:39;1;6;06060;2;1;1;1;1319 Route du Mont-Chauve;43,7620390;7,2606400
201900014016;19;4;2019;19:10;1;42;42199;2;2;1;3;RUE DE LA BERNARDE;46,0315440;3,9295800
201900014082;29;7;2019;17:30;1;63;63070;2;2;1;6;WILSON/Brunmurol;45,7334900;3,0639600
201900014099;5;8;2019;06:20;2;974;97416;2;9;1;3;BANK (BOULEVARD); -21,3301200;55,4721100
201900014117;1;8;2019;17:43;1;87;87085;1;1;1;3;42 GROSSEREIX (ROUTE DES);45,8943900;1,2888200
201900014124;4;8;2019;15:10;1;79;79191;2;1;1;2;Rue du 14 juillet;46,3223400; -0,4571100
201900014132;5;8;2019;18:50;1;69;69275;2;1;1;1;GREBES (DES)                        (CH);45,7768200;4,9733300
201900014134;1;8;2019;18:44;1;68;68066;2;2;1;3;POINCARE (AVENUE RAYMOND);48,0713500;7,3497600
201900014140;5;8;2019;17:37;1;64;64445;2;3;1;3;RECTEUR JEAN SARRAILH;43,3081300; -0,3764800
201900014149;2;8;2019;16:10;1;58;58194;2;3;1;6;TREIZIEME DE LIGNE;46,9922900;3,1450200
201900014162;4;8;2019;20:00;1;49;49007;2;1;1;3;CHALETS CHEMIN;47,4923800; -0,5640500
201900014166;3;8;2019;09:00;1;41;41018;2;2;1;3;VENDOME (AVENUE DE);47,6001900;1,3197000
201900014168;3;8;2019;19:05;1;39;39300;2;1;1;3;PYMONT (CHEMIN DE);46,6800000;5,5554500
201900014174;6;8;2019;08:45;1;34;34172;2;1;1;1;ALCO (ROND-POINT D');43,6243640;3,8365041
201900014185;5;8;2019;12:45;1;33;33009;2;2;1;3;RAPP (AVE);44,6583500; -1,1803600
201900014188;5;8;2019;23:00;5;27;27681;2;1;1;6;PETIT VAL (CHEMIN DU);49,0759800;1,5077380
201900014191;4;8;2019;10:35;1;26;26198;2;6;1;3;ALLAN (Route d');44,5371410;4,7643370
201900014196;3;8;2019;12:00;1;17;17299;2;6;1;3;VERCORS BD DU;45,9481980; -0,9674090
201900014226;4;8;2019;13:15;1;5;05023;2;1;1;3;PROVENCE (AVENUE DE);44,8985000;6,6287000
201900014232;5;8;2019;20:44;2;75;75101;2;1;1;7;QUAI DES TUILERIES;48,8630797;2,3232082
201900014234;6;8;2019;16:30;1;75;75119;2;7;3;3;AVENUE DE LA PORTE DES LILAS;48,8777771;2,4081677
201900014235;5;8;2019;10:40;1;75;75120;2;2;1;3;RUE PAGANINI;48,8513042;2,4118916
201900014241;4;8;2019;16:10;1;75;75117;2;1;1;3;AVENUE DE WAGRAM;48,8866000;2,3043730
201900014245;4;8;2019;19:35;1;75;75114;2;1;1;6;BOULEVARD BRUNE;48,8239930;2,3223370
201900014248;5;8;2019;20:45;2;75;75112;2;7;1;6;PLACE EDOUARD RENARD;48,8353618;2,4065982
201900014252;6;8;2019;08:30;1;75;75111;2;2;1;3;RUE DE CHARONNE;48,8557651;2,3913253
201900014442;5;7;2019;10:25;1;33;33435;1;6;7;3;Rond point du viaduc;44,5635750; -0,2440830
201900014443;6;7;2019;09:36;1;33;33227;2;1;1;3;RD932E2 : Boulevard Pierre Lagorce;44,5439800; -0,2577000
201900014502;1;7;2019;08:42;1;41;41018;2;1;1;3;METAIRIES (RUE DES);47,5773500;1,3396400
201900014510;3;7;2019;15:00;1;973;97302;2;1;1;3;RENOVATION URBAINE (CITE);4,9341541; -52,3287392
201900014526;17;6;2019;16:25;1;78;78092;2;1;1;3;CLEMENCEAU GEORGES (QUAI);48,8676890;2,1415730
201900014528;2;7;2019;09:35;1;77;77468;2;2;1;1;LACS (COURS DES);48,8387606;2,6490664
201900014532;2;7;2019;15:15;1;72;72181;2;6;1;1;MONTHEARD (RUE DE);47,9946600;0,2161800
201900014544;2;7;2019;20:00;1;57;57463;2;1;1;3;AMPHITHEATRE (AVENUE DE L');49,1114100;6,1849700
201900014554;3;7;2019;15:00;1;45;45234;2;1;1;6;AVENUE DE CONCYR;47,8199983;1,9299131
201900014556;3;7;2019;12:00;1;44;44162;2;1;1;6;BOULEVARD CHARLES DE GAULLE;47,2233000; -1,6126700
201900014558;5;5;2019;17:10;1;44;44109;2;1;1;6;HUGO ( BD VICTOR );47,2011800; -1,5460100
201900014565;2;7;2019;19:30;1;35;35238;2;1;1;1;LAMENNAIS (QUAI);48,1099000; -1,6835600
201900014574;2;7;2019;08:38;1;14;14118;2;1;1;7;WEYGAND (BOULEVARD DU GENERAL);49,1922400; -0,3749500
201900014578;3;7;2019;18:15;1;13;13208;2;1;1;3;PONSON RAPHAEL RUE;43,2654000;5,3857000
201900014582;3;7;2019;21:40;5;13;13001;2;1;2;3;BON PASTEUR (RUE DU);43,5309500;5,4455100
201900014584;1;7;2019;14:40;1;10;10387;2;2;1;3;DAMPIERRE (QUAI);48,2988800;4,0777700
201900014645;19;11;2019;10:15;1;64;64122;2;1;1;3;PRINGLE (RUE);43,4788500; -1,5527900
201900014653;19;11;2019;08:33;1;54;54395;2;2;1;3;HAXO (RUE DU GENERAL);48,6763300;6,1707000
201900014656;19;11;2019;08:30;1;54;54395;2;1;1;3;VOIRIN (RUE DES FRERES);48,6769810;6,1707920
201900014657;20;11;2019;21:30;5;51;51454;2;3;1;3;BOULEVARD LUNDY;49,2612371;4,0306847
201900014660;20;11;2019;17:44;5;45;45286;2;1;1;3;RUE DU GENERAL DE GAULLE;47,8910802;1,9210049
201900014666;20;11;2019;19:20;3;37;37261;2;1;1;6;PLAT D'ETAIN (RUE DU);47,3837800;0,6728400
201900014671;20;11;2019;11:00;1;27;27681;2;6;1;3;JAURES (BOULEVARD JAURES);49,0963400;1,4637400
201900014707;20;11;2019;12:45;1;93;93007;2;3;1;3;EMILE PALADHILE (RUE);48,9380000;2,4680000
201900014709;20;11;2019;18:20;5;92;92049;2;2;1;3;RACINE RUE AUTRES NÂ°;48,8123610;2,3142480
201900014739;20;11;2019;17:55;3;88;88250;1;1;5;2;Route de ChenimÃ©nil;48,1196580;6,5749690
201900014755;11;10;2019;17:15;1;73;73053;2;6;1;3;D925;45,5515220;6,2086321
201900014756;20;11;2019;13:45;1;1;01376;2;2;1;3;21 Rue du Tronfou;45,8365440;4,9828590
201900014788;31;12;2019;09:20;1;75;75115;2;2;1;3;RUE DE LA CONVENTION;48,8372260;2,2964430
201900014790;30;12;2019;23:25;3;75;75115;2;2;1;5;RUE BRANCION;48,8347190;2,3051710