Num_Acc;jour;mois;an;hrmn;lum;dep;com;agg;int;atm;col;adr;lat;long
201900014804;31;12;2019;14:38;1;94;94033;2;2;1;3;COMMANDANT JEAN DUHAIL (R DU);48,8436908;2,4661609
201900014810;30;12;2019;23:00;5;92;92036;2;3;1;2;ARGENTEUIL (AVENUE D');48,9392933;2,2560959
201900014821;31;12;2019;09:30;1;34;34164;2;2;1;1;D21;43,7491170;3,9587360
201900014841;1;10;2019;11:00;1;73;73008;2;1;1;3;D991 MARLIOZ AVENUE DE;45,6757954;5,9088265
201900014847;29;12;2019;16:49;1;87;87085;2;1;1;2;VIGENAL (BOULEVARD DU);45,8498300;1,2476600
201900014860;30;12;2019;13:00;1;69;69266;2;3;1;3;TOLSTOI    (Cours);45,7599100;4,8889600
201900014870;28;12;2019;08:30;2;62;62863;1;1;1;7;CD941;50,5161700;2,7697800
201900014881;16;12;2019;07:50;5;33;33063;2;2;1;6;BD DU PDT FRANKLIN ROOSEVELT;44,8148600; -0,5727200
201900014892;30;12;2019;10:15;1;17;17299;2;6;7;3;BEGON ROND POINT ET RUE;45,9429640; -0,9601650
201900014908;30;12;2019;17:30;5;75;75119;2;1;1;3;BOULEVARD DE LA VILLETTE;48,8726770;2,3764100
201900014909;30;12;2019;09:10;1;75;75115;2;1;1;3;RUE DE LA PORTE D ISSY;48,8326491;2,2814197
201900014911;30;12;2019;18:35;5;75;75111;2;2;1;6;RUE BASFROI;48,8557030;2,3787060
201900014912;30;12;2019;14:12;1;75;75108;2;7;1;3;PLACE CLEMENCEAU;48,8677870;2,3138510
201900014913;30;12;2019;12:27;1;75;75108;2;5;1;3;RUE DE ROME;48,8794830;2,3218490
201900014914;30;12;2019;20:30;5;75;75110;2;3;1;3;BOULEVARD DE BONNE NOUVELLE;48,8696850;2,3526620
201900014925;30;12;2019;07:55;1;92;92036;2;2;1;6;LAURENT CELY (AVENUE) (145/329);48,9221816;2,3061382
201900014979;17;3;2019;07:45;1;13;13005;2;6;1;3;CD 2 (CAMP MAJOR);43,2800000;5,5400000
201900014989;18;3;2019;20:10;5;75;75114;2;2;1;3;RUE VERCINGETORIX;48,8327400;2,3115370
201900014991;18;3;2019;10:30;1;75;75111;2;3;1;6;RUE JEAN PIERRE TIMBAUD;48,8669330;2,3745420
201900014992;18;3;2019;17:50;1;75;75110;2;7;1;3;BOULEVARD DE MAGENTA;48,8685170;2,3630150
201900015023;16;3;2019;20:45;5;92;92024;2;3;1;3;GENERAL LECLERC (BD DU) DE (61 A 9);48,9038000;2,3122000
201900015052;19;3;2019;10:45;1;67;67065;1;3;1;3;CD45;48,5709538;7,5834201
201900015098;17;3;2019;18:15;1;45;45234;2;1;1;3;FAUBOURG SAINT JEAN;47,9067135;1,8888915
201900015102;15;3;2019;09:00;1;34;34172;2;6;1;3;FRANKLIN (ROND-POINT BENJAMIN);43,6189400;3,9135800
201900015115;17;3;2019;21:15;5;75;75118;2;3;1;6;BOULEVARD DE CLICHY;48,8846780;2,3294200
201900015157;8;3;2019;17:20;1;45;45224;1;1;3;6;177 rue de saint germain;48,0892950;2,0403940
201900015167;13;9;2019;13:35;1;93;93048;2;3;1;3;DOCTEUR SCHAFFNER (AVENUE DU);48,8532430;2,4235500
201900015169;12;9;2019;22:35;5;93;93045;2;4;1;3;PARIS RUE DE;48,8810200;2,4201800
201900015178;13;9;2019;17:10;1;92;92024;2;1;1;2;CLICHY (QUAI DE) DE (104 A 202);48,9076770;2,2980344
201900015180;13;9;2019;12:25;1;92;92002;2;6;1;3;AUBEPINE (RUE DE L');48,7407690;2,3123523
201900015195;13;9;2019;16:20;1;56;56186;2;1;1;2;6 Boulevard Louison Bobet;47,4751150; -3,1022910
201900015234;10;9;2019;18:10;1;38;38537;2;1;1;3;avenue de lesdiguiere;45,6367570;5,1426490
201900015237;7;9;2019;11:15;1;76;76610;2;1;1;3;1307 Rue du Mont Asselin;49,6184900;0,7876950
201900015258;11;9;2019;17:50;1;63;63070;2;4;1;3;WILSON (AVENUE);45,7335800;3,0639700
201900015271;12;9;2019;09:00;1;69;69388;2;2;1;3;FRERES LUMIERE (DES)                (AV);45,7446600;4,8683400
201900015273;12;9;2019;07:00;5;69;69382;2;5;1;3;JULES COURMONT                      (QU);45,7635700;4,8384700
201900015279;9;9;2019;16:00;1;89;89387;2;3;1;5;INDUSTRIE (RUE DE L');48,2085273;3,2685711
201900015280;6;9;2019;10:25;1;89;89338;2;6;1;6;HENRI VINCENOT (RUE);48,2216373;3,2880088
201900015289;12;9;2019;08:10;1;69;69266;2;1;1;6;LIGNE DE L'EST      (Chemin);45,7577580;4,9061250
201900015292;12;9;2019;07:51;1;67;67482;2;1;1;2;SCHIRMECK (ROUTE DE);48,5737750;7,7225260
201900015293;12;9;2019;11:40;1;64;64132;2;1;1;6;GEORGES CLEMENCEAU;43,2913900; -0,3578500
201900015300;25;2;2019;16:40;1;54;54395;2;1;1;3;SAINT GEORGES (RUE);48,6919800;6,1863270
201900015308;12;9;2019;11:25;1;50;50129;2;2;1;3;GAMBETTA (RUE);49,6381700; -1,6252200
201900015327;12;9;2019;18:40;1;25;25056;2;1;1;3;FAURE AVENUE EDGAR;47,2443700;6,0205800
201900015406;16;1;2019;07:10;2;69;69387;2;1;1;6;BERTHELOT                           (AV);45,7412800;4,8545100
201900015427;16;1;2019;13:05;1;42;42316;2;3;1;3;RD 3;45,3953120;4,2631510
201900015442;16;1;2019;13:20;1;75;75112;2;1;1;3;AVENUE DAUMESNIL;48,8425960;2,3850760
201900015444;16;1;2019;11:50;1;75;75109;2;1;1;2;RUE DE CHATEAUDUN;48,8763090;2,3334650
201900015446;16;1;2019;10:00;1;93;93078;2;1;1;3;NATIONS (AVENUE DES);48,9713100;2,5051200
201900015455;16;1;2019;19:15;3;62;62649;1;1;2;3;rue de Famechon;50,1466370;2,4752410
201900015472;30;1;2019;12:15;1;14;14118;2;7;2;3;LETELLIER (PLACE JEAN);49,1841100; -0,3631400
201900015481;3;2;2019;14:20;1;974;97416;2;1;1;1;AMIRAL LACAZE(RUE); -21,3496100;55,4842000
201900015485;30;1;2019;11:05;1;974;97409;2;1;1;3;Rue Rocade Sud; -20,9730990;55,6514490
201900015496;31;1;2019;15:00;1;69;69386;2;2;2;3;DUGUESCLIN  (R);45,7745200;4,8462500
201900015560;14;10;2019;12:20;1;69;69275;2;8;1;3;PAUL BERT                           (R );45,7690300;4,9511700
201900015563;11;10;2019;07:45;2;69;69266;2;6;1;3;ALBERT THOMAS    (Place);45,7639300;4,8740500
201900015566;14;10;2019;13:45;1;67;67365;2;1;1;3;MULHOUSE (RUE DE);48,5385400;7,7138600
201900015567;14;10;2019;10:50;1;67;67482;2;3;1;3;FRERES EBERTS (RUE DES);48,5547000;7,7395500
201900015570;13;10;2019;15:55;1;67;67482;2;1;1;1;BELGES (QUAI DES);48,5814720;7,7823410
201900015575;11;10;2019;17:45;1;67;67482;2;1;2;6;ALTENHEIM (ROUTE D );48,5362600;7,7710900
201900015576;11;10;2019;17:40;1;67;67482;2;1;1;1;RHIN (AVENUE DU);48,5726900;7,7939600
201900015582;14;10;2019;09:30;1;66;66136;2;1;1;6;FOCH (MARECHAL);42,6935100;2,8885800
201900015604;15;10;2019;08:45;1;59;59350;2;2;9;3;MASSENA RUE NÂ°66 et 96-101 et 125;50,6313300;3,0547800
201900015617;15;10;2019;15:55;1;54;54395;2;4;8;3;BRIAND (RUE ARISTIDE);48,6820600;6,1649000
201900015618;9;10;2019;13:10;1;54;54395;2;1;1;3;AUSTRASIE (BOULEVARD);48,6882850;6,2048340
201900015627;14;10;2019;17:18;1;51;51454;2;1;1;6;RUE DE VESLE;49,2539348;4,0300863
201900015636;9;10;2019;13:05;1;50;50173;2;1;2;6;TOURVILLE (AVENUE DE);49,6504500; -1,6494000
201900015637;14;10;2019;13:13;1;49;49007;2;1;1;3;ROMANERIE BOULEVARD;47,4862500; -0,5142000
201900015642;10;10;2019;21:10;2;49;49007;2;1;1;7;TRISTAN SQUARE;47,4685700; -0,5983400
201900015643;10;10;2019;16:49;1;49;49007;2;1;1;3;BOUCHEMAINE ROUTE;47,4539200; -0,5686500
201900015648;16;10;2019;01:12;5;44;44109;2;2;3;1;RUE PAUL BELLAMY;47,2289300; -1,5622100
201900015650;14;10;2019;21:15;5;44;44109;2;1;1;1;RUE DE FLEURUS;47,2120800; -1,5423700
201900015653;11;10;2019;07:45;2;38;38185;2;2;1;3;BRENIER (RUE C.);45,1917600;5,7184300
201900015657;11;10;2019;19:50;5;37;37214;2;1;1;6;LOIRE (QUAI DE LA);47,3992200;0,6739900
201900015658;11;10;2019;17:10;1;37;37261;2;9;1;6;SUEDE (RUE DE);47,4313200;0,6787600
201900015661;14;10;2019;12:00;1;35;35238;2;2;8;3;LANJUINAIS ( JEAN DENIS);48,1086800; -1,6819600
201900015674;13;10;2019;07:00;5;33;33281;2;3;1;3;ALL DES CONVIVIALES;44,8266700; -0,6216200
201900015675;5;10;2019;10:40;1;33;33063;2;3;1;3;AVE DES QUARANTE JOURNAUX;44,8788900; -0,5684390
201900015693;12;10;2019;17:45;1;29;29019;2;6;2;3;VILLENEUVE (RUE);48,4114000; -4,4571200
201900015694;31;10;2019;17:50;5;26;26362;2;3;1;6;PAPIN RUE DENIS (304);44,9273800;4,8924800
201900015697;10;10;2019;19:00;3;22;22360;2;1;1;2;SAINT-RIVILY (RUE DE);48,4889280; -2,7578800
201900015698;3;9;2019;14:00;1;17;17306;2;6;1;3;RD 25;45,6393300; -1,0252500
201900015701;11;10;2019;17:20;1;17;17300;2;2;1;3;REPUBLIQUE   BOULEVARD DE LA;46,1409900; -1,1412800
201900015706;14;10;2019;07:50;1;13;13117;2;1;1;6;PIGNES ( CHEMIN DES );43,4268300;5,2793900
201900015719;23;4;2019;10:00;1;76;76177;1;1;1;2;route de cailly;49,5961460;1,1982420
201900015727;19;4;2019;15:45;1;80;80680;1;2;7;3;Croisement Route d'HERLEVILLE et RD 337;49,8312660;2,7238440
201900015736;19;4;2019;15:20;1;82;82134;2;6;1;3;Rond point du cllÃ¨ge Fragonnard;44,0745410;1,5296350
201900015741;29;4;2019;19:50;2;33;33459;2;3;7;3;D936 / D936E5;44,8558900; -0,1198600
201900015760;29;4;2019;07:50;1;89;89034;1;1;1;2;D965;47,8233688;3,7550503
201900015773;28;4;2019;15:15;1;46;46268;1;1;1;2;BouziÃ¨s Bas (Saint-GÃ©ry);44,4885430;1,6318820
201900015800;26;4;2019;16:30;1;44;44188;1;1;1;3;15 le verger;47,0250930; -1,6411150
201900015801;25;4;2019;22:15;3;44;44169;1;1;2;2;RD 37;47,2526010; -1,3766420
201900015825;20;4;2019;18:00;1;2;02680;1;2;1;3;D7;49,5823610;3,4103410
201900015845;21;4;2019;19:30;1;70;70427;2;2;1;1;Rue du Vaux;47,7492040;5,9990410
201900015847;17;4;2019;17:15;1;26;26272;1;1;1;1;RD4;44,4931810;4,8752170
201900015853;21;4;2019;17:40;1;66;66053;1;1;1;7;VC;42,5265430;3,0587340
201900015864;23;4;2019;16:08;1;6;06038;2;1;3;2;383 - 303 RD2085;43,6742650;6,9736800
201900015881;20;4;2019;14:10;1;50;50484;1;1;1;3;La BeduaudiÃ¨re;48,5359720; -1,1711100
201900015885;27;4;2019;05:00;3;90;90023;1;1;3;1;d465;47,6996590;6,8349720
201900015893;23;4;2019;08:10;1;60;60155;2;9;1;3;Rue du ChÃ¢teau;49,2589490;2,3325410
201900015898;5;8;2019;11:15;1;75;75110;2;3;1;2;RUE DE LANCRY;48,8725499;2,3632908
201900015926;6;8;2019;10:30;1;93;93008;2;1;1;1;JAURES (AVENUE JEAN);48,9021000;2,4405300
201900015927;5;8;2019;20:00;1;93;93008;2;1;1;3;ELUARD (AVENUE PAUL);48,9077712;2,4443634
201900015935;4;8;2019;09:05;1;92;92035;2;3;1;3;RÃ©publique ( boulevard de la );48,9069363;2,2440309
201900015941;4;8;2019;17:10;1;62;62550;2;6;1;3;Rd 349;50,3714410;2,0292140
201900015952;5;8;2019;06:05;3;33;33221;1;1;1;2;La NoÃ«lle;44,5642200;0,0434410
201900015985;7;8;2019;08:00;1;74;74267;2;1;2;3;RD 1508 en face du 295 Route de Piron (SÃ©vrier);45,8434770;6,1511630
201900015995;16;6;2019;17:10;1;65;65032;1;1;1;5;D918;42,9613080; -0,2459580
201900016019;29;7;2019;15:40;1;29;29028;1;1;1;7;Rue de Langroas;48,0474590; -4,6466270
201900016022;7;8;2019;09:25;1;84;84009;1;6;1;2;D 946;43,7852190;5,6259150
201900016024;6;8;2019;10:35;1;1;01038;1;1;1;2;Route des Blancs;46,3055440;5,2497830
201900016027;5;8;2019;04:50;3;26;26213;1;1;1;3;Route de Saint-Sorlin;45,2885340;4,9841680
201900016035;7;8;2019;16:13;1;50;50551;2;1;7;2;Rue du Onze Novembre;49,3835410; -1,5404420
201900016047;24;6;2019;12:15;1;40;40150;2;6;1;2;Avenue Loys Labeque;43,8717600; -1,2998320
201900016053;6;8;2019;05:35;3;37;37250;1;1;1;3;Rue Nungesser et Coli;47,2579890;0,6944580
201900016067;5;8;2019;12:08;1;68;68278;2;1;1;6;87 Rue Wilson;47,7514070;7,3902640
201900016075;7;8;2019;08:45;1;77;77420;1;1;1;2;D404;49,0427700;2,6814200
201900016106;2;7;2019;09:40;1;92;92020;2;9;1;3;CHARTRES RUE DE;48,7984700;2,2944800
201900016118;2;7;2019;19:30;1;1;01419;2;2;1;3;Rue de la Crotte du Moulin;46,2264160;5,9701200
201900016133;3;7;2019;10:00;1;68;68150;1;1;1;7;Route des Cinq ChÃ¢teaux;48,0404670;7,2690410
201900016141;2;7;2019;16:25;1;50;50219;1;1;1;2;Route du Gros FrÃªne;49,0653210; -1,4673860
201900016142;4;7;2019;08:30;1;83;83032;1;1;1;1;;43,4709010;6,2007590
201900016149;30;6;2019;17:30;1;973;97303;1;1;1;2;Route Nationale 1;5,4839991; -53,2779408
201900016158;3;7;2019;09:30;1;19;19098;1;1;1;7;Le Trieux;45,1832000;1,8142720
201900016159;31;5;2019;17:40;1;17;17225;2;3;1;3;allÃ©e des gannes;45,6941620; -1,1736560
201900016160;3;7;2019;22:15;2;17;17121;2;9;1;3;10 Rue de la ParÃ©e;46,1983340; -1,4262600
201900016168;3;7;2019;11:15;1;91;91377;1;1;1;2;RD 188;48,7227000;2,2761200
201900016182;1;7;2019;19:39;1;63;63113;2;1;1;6;JAUDE PLACE DE);45,7771233;3,0815499
201900016195;3;7;2019;00:20;5;69;69387;2;1;1;7;LECLERC                             (AV);45,7478100;4,8330800
201900016223;1;7;2019;16:30;1;67;67447;2;1;1;3;BISCHWILLER (ROUTE DE);48,5992800;7,7427600
201900016224;28;6;2019;22:40;5;67;67482;2;1;1;6;GERLINDE (RUE);48,5819600;7,7127700
201900016226;1;7;2019;23:00;5;66;66136;2;1;1;1;GAULLE (AVENUE GENERAL DE);42,6968600;2,8820400
201900016228;2;7;2019;17:30;1;64;64483;2;1;1;3;CHANTACO (AVENUE DE );43,3825395; -1,6483494
201900016232;2;7;2019;08:45;1;61;61006;2;3;1;3;PARIS (AVENUE DE) NÂ° 13;48,7489440; -0,0119120
201900016240;1;7;2019;11:44;1;49;49246;2;1;1;7;GAULLE RUE CHARLES DE;47,4247800; -0,5253800
201900016241;29;6;2019;23:05;2;49;49007;2;1;1;6;GARE PLACE;47,4654600; -0,5567000
201900016245;19;6;2019;02:54;5;49;49007;2;1;1;6;BAUDRIERE;47,4719300; -0,5564900
201900016262;30;6;2019;21:15;1;31;31555;2;1;1;3;AV DE LARDENNE;43,5929200;1,3893200
201900016279;14;5;2019;10:04;1;64;64445;2;6;1;3;ALLEES DE MORLAAS DES;43,3077400; -0,3391500
201900016288;13;5;2019;10:50;1;51;51454;2;2;1;1;PLACE LUTON;49,2700900;4,0253700
201900016289;1;5;2019;08:40;1;50;50218;1;1;1;7;VILLEDIEU LES POELES (ROUTE);48,8375670; -1,5433140
201900016293;9;5;2019;12:58;1;49;49267;2;1;1;6;PEGUY;47,4696604; -0,4881030
201900016296;9;5;2019;14:55;1;41;41295;2;1;1;7;D951;47,5816700;1,3665500
201900016304;13;5;2019;08:55;1;22;22278;2;1;1;3;ARMOR (AV. D') COTE IMPAIR;48,5122720; -2,7541940
201900016330;21;5;2019;09:22;1;7;07070;2;3;1;3;COLONNEL ROUSSET (AVENUE DU);44,9587600;4,8474100
201900016331;30;4;2019;08:47;1;7;07102;2;3;1;3;LANGUEDOC (Rue du);44,9276600;4,8621800
201900016334;14;3;2019;08:15;1;2;02722;2;6;2;6;MAIL ( ROND POINT DU );49,3843000;3,3295600
201900016369;29;5;2019;16:35;1;988;98818;1;1;1;3;IEKAWE (RUE JACQUES); -22,2259000;166,4807500
201900016385;10;5;2019;13:30;1;988;98818;2;1;1;7;SEBASTOPOL (RUE DE); -22,2760600;166,4438900
201900016388;6;5;2019;08:30;1;988;98818;2;1;1;6;PROMENADE ROGER LAROQUE; -22,3017500;166,4358000
201900016391;2;5;2019;04:45;5;988;98818;1;1;1;6;RUE ARMAND OHLEN; -22,2506100;166,4637000
201900016392;1;5;2019;09:05;1;988;98818;2;3;2;3;RUE TINDALE/RUE JULES GARNIER; -22,2899200;166,4426700
201900016394;18;5;2019;19:30;5;976;97611;2;1;1;2;kaweni-SPPM ( rue de la ); -12,7709402;45,2226625
201900016405;7;5;2019;18:15;2;974;97416;2;3;1;3;D28 LIGNE DES BAMBOUS; -21,2989000;55,4939000
201900016411;28;5;2019;18:20;5;974;97411;2;1;1;3;LECLERC (DU MARECHAL); -20,8839400;55,4639500
201900016425;19;11;2019;08:20;1;77;77294;2;2;1;2;LILAS (AVENUE DES);48,9553678;2,6067612
201900016428;17;11;2019;11:10;1;72;72181;2;1;1;3;PADERBORN (AV) NÂ° IMP 5 ET plus;48,0099900;0,2015100
201900016429;19;11;2019;17:45;5;69;69256;2;1;1;3;PAUL MARCELLIN                      (AV);45,7741900;4,9323700
201900016438;10;11;2019;17:40;5;59;59350;2;1;1;6;HOOVER AVENUE DU PRESIDENT;50,6308200;3,0774600
201900016461;19;11;2019;10:05;1;33;33529;2;1;1;2;13 R. DU PORT;44,6338800; -1,1446600
201900016468;18;11;2019;16:15;1;17;17306;2;1;1;2;AMPERE;45,6306600; -1,0051800
201900016469;19;11;2019;08:20;2;17;17028;2;6;1;3;REPUBLIQUE   BOULEVARD DE LA;46,1397900; -1,1452000
201900016477;19;11;2019;16:20;1;75;75118;2;7;1;1;RUE CHAMPIONNET;48,8958350;2,3458360
201900016503;19;11;2019;17:46;5;92;92050;2;1;1;1;ARRAS RUE D';48,9000140;2,2262120
201900016534;12;10;2019;13:25;1;74;74010;2;1;1;2;Avenue de Periaz (Seynod);45,8762660;6,0893590
201900016577;13;11;2019;09:30;1;25;25580;2;3;1;3;OEHMICHEN (RUE);47,4728900;6,8364200
201900016625;29;12;2019;06:20;5;75;75119;2;2;1;6;AVENUE DE FLANDRE;48,8843830;2,3691950
201900016631;29;12;2019;10:15;1;75;75115;2;2;1;6;RUE DE VAUGIRARD;48,8414870;2,3079500
201900016634;29;12;2019;15:25;1;75;75112;2;1;1;2;BOULEVARD DIDEROT;48,8463520;2,3780790
201900016642;29;12;2019;20:50;5;93;93001;2;1;1;3;REPUBLIQUE (AVE DE LA ) => NO 41/50;48,9108900;2,3850800
201900016659;30;12;2019;09:45;1;59;59074;2;1;7;2;rue Jules Guesde;50,0927550;3,4395340
201900016664;27;12;2019;17:20;3;2B;2B050;2;1;1;3;D81;42,5636940;8,7420920
201900016669;28;12;2019;10:15;1;49;49323;2;6;1;3;Avenue de la Francaiserie;47,5206610; -0,4664620
201900016671;30;12;2019;16:24;1;1;01034;1;6;1;3;Montee du Pigeonnier;45,7580360;5,7059120
201900016725;28;12;2019;14:35;1;34;34172;2;3;1;3;RAVAZ (AVENUE DU PROFESSEUR LOUIS;43,6209980;3,8488250
201900016737;28;12;2019;17:40;5;75;75113;2;3;1;3;RUE DARMESTETER;48,8234000;2,3750320
201900016740;28;12;2019;00:01;5;75;75110;2;1;1;3;BOULEVARD DE MAGENTA;48,8728590;2,3591280
201900016800;18;3;2019;08:40;1;38;38565;1;1;1;3;3345 avenue du 11 novembre;45,2697360;5,6529310
201900016850;15;1;2019;08:30;2;94;94002;2;9;8;3;TOULON (R DE);48,7876300;2,4289200
201900016864;16;3;2019;08:20;1;69;69388;2;3;1;3;ETATS UNIS (DES)                    (BD);45,7391000;4,8597700
201900016865;15;3;2019;19:30;2;69;69388;2;1;1;6;ANDRE LATARJET                      (PL);45,7296000;4,8860800
201900016879;14;3;2019;18:30;5;69;69152;2;1;2;6;HENRI BARBUSSE                      (R );45,6974400;4,8212500
201900016882;14;3;2019;08:30;1;69;69385;2;1;1;7;FARGES (DES)                        (R );45,7570300;4,8210900
201900016896;14;3;2019;15:15;1;87;87085;2;3;2;6;PERRIN (RUE FRANCOIS);45,8289000;1,2433900
201900016921;13;3;2019;17:45;1;67;67482;2;1;2;6;22 NOVEMBRE (RUE DU);48,5828880;7,7407980
201900016926;15;3;2019;15:25;1;65;65440;2;6;1;3;DEBUSSY (BOULEVARD CLAUDE);43,2210000;0,0612000
201900016932;15;3;2019;00:50;5;59;59350;2;7;8;3;SEBASTOPOL PLACE NÂ°1 - 11;50,6289900;3,0589500
201900016937;15;3;2019;17:20;1;50;50165;2;3;6;3;MOULIN (RUE DU);48,8451000; -1,5768900
201900016964;1;2;2019;18:30;2;71;71445;2;1;1;1;VARENNE (RUE DE LA);46,7783400;4,8951000
201900016971;31;1;2019;12:57;1;67;67482;2;3;1;3;HOCHFELDEN (RUE DE);48,5982500;7,7258400
201900016991;31;1;2019;14:13;1;49;49007;2;1;1;7;AYRAULT;47,4770400; -0,5528100
201900016995;28;1;2019;13:10;1;49;49007;2;2;1;3;BIRGE BOULEVARD;47,4705600; -0,5190200
201900016997;2;2;2019;12:55;1;44;44109;2;1;1;6;RUE ALEXANDRE DUMAS;47,2226700; -1,5720780
201900017002;31;1;2019;08:45;1;42;42187;2;1;1;6;THOMAS (RUE ALBERT);46,0466700;4,0743600
201900017011;1;2;2019;22:35;1;37;37261;2;1;1;2;DANIEL MAYER;47,4188500;0,6986200
201900017020;2;2;2019;12:00;1;34;34172;2;2;2;3;TOULOUSE (AVENUE DE;43,5973300;3,8642200
201900017032;22;1;2019;08:00;1;33;33281;2;2;2;3;AVE DES EYQUEMS;44,8279300; -0,6461500
201900017033;9;1;2019;08:30;2;33;33063;2;2;1;1;BD ALBERT 1ER;44,8134700; -0,5646500
201900017035;24;1;2019;13:40;1;33;33039;2;2;1;3;RUE CALIXTE CAMELLE;44,8087900; -0,5422600
201900017052;29;1;2019;10:45;1;22;22278;2;4;1;3;MOLIERE;48,5115248; -2,7500957
201900017054;10;1;2019;13:47;1;22;22187;2;1;1;2;RUE DE LA PRUNELLE;48,5345899; -2,7523733
201900017058;31;1;2019;16:50;1;17;17300;2;6;1;6;REPUBLIQUE   BOULEVARD DE LA;46,1418800; -1,1401480
201900017060;2;2;2019;12:00;1;14;14366;2;1;2;3;SIX JUIN (AVENUE DU);49,1437522;0,2199626
201900017075;1;2;2019;01:36;5;13;13202;2;2;1;2;CHANTERAC (RUE DE);43,3123600;5,3685600
201900017087;31;1;2019;17:15;2;10;10387;2;1;2;3;CHOMEDEY DE MAISONNEUVE (AVE);48,3030900;4,0737300
201900017111;12;9;2019;19:45;1;75;75116;2;1;1;3;ROUTE DES TRIBUNES;48,8640370;2,2342370
201900017118;12;9;2019;09:40;1;75;75107;2;3;1;3;AVENUE BOSQUET;48,8598198;2,3028583
201900017125;12;9;2019;09:30;1;94;94017;2;3;8;3;STALINGRAD (BD DE);48,8244750;2,4960240
201900017138;11;9;2019;15:40;1;86;86187;2;9;1;3;Rue la Grand-Rue;46,5765650;0,7769200
201900017141;13;9;2019;15:25;1;6;06161;2;4;1;3;route du bord de mer;43,6345170;7,1351440
201900017145;12;9;2019;16:45;1;62;62491;2;1;1;3;33 Rue du 11 Novembre;50,6290450;2,7706520
201900017156;13;9;2019;08:00;1;71;71332;1;1;1;2;Route de Vergennes;46,6333950;4,9742760
201900017159;12;9;2019;12:25;1;47;47325;1;1;1;2;bourdieu;44,3619270;0,2716240
201900017162;12;9;2019;17:15;1;68;68384;2;2;7;3;1 Rue de Flaxlanden;47,6981600;7,3054760
201900017163;27;7;2019;11:50;1;29;29235;2;6;1;3;Boulevard LÃ©opold Maissin;48,3950874; -4,4084914
201900017180;13;9;2019;08:35;1;67;67471;2;1;7;6;13 Rue des Ormes;48,6348820;7,7395970
201900017189;12;9;2019;18:00;1;973;97311;2;3;1;3;Avenue Paul Castaing;5,4858373; -54,0163141
201900017198;13;9;2019;06:15;3;74;74094;2;1;1;1;Route de la Bergue;46,1807680;6,2931430
201900017199;13;9;2019;18:00;1;74;74160;1;1;1;7;Route du Col de Merdassier;45,8707690;6,4171470
201900017235;11;9;2019;18:55;1;69;69387;2;9;1;3;VIVIER (DU)                         (R );45,7416400;4,8482300
201900017244;11;9;2019;15:00;1;69;69034;2;1;1;7;ORANGERIE (DE L')                   (R );45,7825700;4,8404400
201900017252;11;9;2019;19:05;2;91;91114;2;1;1;3;VILLECRESNES (RUE);48,7074000;2,5161000
201900017259;11;9;2019;13:15;1;78;78638;2;1;1;3;PARIS (AVENUE DE);48,9976470;1,9812710
201900017264;11;9;2019;08:00;1;74;74012;2;1;1;1;BRIAND (RUE ARISITIDE);46,1924600;6,2394800
201900017265;6;9;2019;07:25;2;71;71270;2;1;1;3;Av.P.et M. Curie/route de Bioux;46,3006000;4,8187200
201900017269;8;9;2019;16:40;1;67;67482;2;1;2;1;EXTENWOERTH (RUE DE L );48,5590330;7,7535830
201900017272;11;9;2019;18:35;1;64;64445;2;2;1;3;LIVRON DE;43,3024000; -0,3793400
201900017278;10;9;2019;08:15;1;56;56083;2;1;1;6;JOFFRE (RUE  DU MARECHAL );47,8076683; -3,2713294
201900017281;10;9;2019;12:00;1;51;51454;2;1;1;1;BOULEVARD SAINT MARCEAUX;49,2522424;4,0438949
201900017315;14;10;2019;11:25;1;75;75105;2;2;1;6;BOULEVARD SAINT MICHEL;48,8513930;2,3431720
201900017322;14;10;2019;09:10;1;75;75110;2;1;1;3;BOULEVARD DE MAGENTA;48,8821744;2,3507755
201900017328;15;10;2019;19:40;2;94;94021;2;1;1;2;BOULEVARD CIRCULAIRE;48,7589000;2,3485000
201900017336;14;10;2019;16:20;1;93;93053;2;9;1;3;GENERAL DE GAULLE (ROND POINT DU);48,8880000;2,4580000
201900017380;16;10;2019;14:10;1;69;69244;2;1;1;3;122 Rue Joliot Curie;45,7546000;4,7811000
201900017384;15;10;2019;18:00;1;77;77420;2;2;1;3;D41 X RUE GAMBETTA;49,0374290;2,6965330
201900017389;11;10;2019;11:40;1;67;67263;2;3;1;3;10 Rue des Ecoles;49,0028620;7,7937890
201900017394;16;10;2019;07:45;2;60;60065;2;4;3;1;Rue de Beauvais;49,3486280;2,2196090
201900017412;14;10;2019;08:35;1;75;75117;2;1;1;6;BOULEVARD BESSIERES;48,8946862;2,3147500
201900017425;14;10;2019;16:50;1;93;93070;2;1;1;1;ROSIERS(DES) : APRES 61;48,9137968;2,3298365
201900017450;4;10;2019;08:20;1;38;38249;2;3;1;3;Chemin de la Laurelle;45,2248400;5,8082000
201900017454;15;10;2019;07:45;2;5;05017;2;3;3;3;Avenue Francois Mitterrand;44,5647564;6,1984831
201900017479;22;4;2019;15:25;1;64;64148;2;1;1;2;place de la mairie;43,1266424; -0,3041451