Num_Acc;jour;mois;an;hrmn;lum;dep;com;agg;int;atm;col;adr;lat;long
201900023464;23;5;2019;11:05;1;77;77372;1;3;1;3;D934 X LIBERATION (RUE DE  LA);48,8823881;2,6533917
201900023483;6;3;2019;13:05;1;76;76561;2;1;1;1;VILLERS. AVENUE LOUIS;49,3082100;1,0385700
201900023500;3;5;2019;11:10;1;76;76351;2;3;1;7;CLEMENCEAU (BD);49,4896900;0,0977300
201900023525;10;5;2019;15:20;1;74;74010;2;1;1;6;TOCHON (PLACE);45,9037000;6,1245000
201900023527;30;4;2019;17:00;1;73;73011;2;2;1;3;Parking ccial;45,6610341;6,3812006
201900023529;28;5;2019;13:00;1;72;72181;2;1;3;6;GAULLE GENERAL DE (AV DU);48,0039200;0,1993300
201900023552;8;5;2019;09:35;1;70;70388;1;6;2;3;RD457;47,6256100;6,1381900
201900023592;1;5;2019;00:00;5;69;69266;2;3;1;6;4 AOUT 1789    (Rue du);45,7647100;4,8866000
201900023613;12;3;2019;17:30;1;75;75116;2;7;8;3;AVENUE BUGEAUD;48,8697260;2,2850510
201900023622;11;3;2019;13:25;1;94;94068;2;1;1;2;REMISES (R DES);48,8062000;2,4732500
201900023639;12;3;2019;16:20;1;92;92072;2;2;1;3;LECLERC (AVENUE DE LA DIVISION);48,8259700;2,2196700
201900023661;13;3;2019;13:07;1;6;06059;1;1;1;3;M6007;43,7297970;7,3597640
201900023683;12;3;2019;06:00;3;59;59357;1;1;6;2;N49;50,2858950;3,8746640
201900023723;11;3;2019;07:50;2;64;64445;2;6;2;1;ALSACE LORRAINE D';43,3044735; -0,3675141
201900023730;9;3;2019;14:55;1;56;56162;2;1;1;2;SABLES BLANCS (BD DES);47,7301200; -3,4960000
201900023731;8;3;2019;13:29;1;54;54395;2;1;1;6;LEBRUN (RUE ALBERT);48,6853380;6,1902600
201900023738;8;3;2019;09:05;1;49;49007;2;2;1;3;LAREVELLIERE;47,4711100; -0,5312100
201900023739;11;3;2019;14:30;1;45;45208;2;3;6;6;RUE ANDRE COQUILLET;47,9919400;2,7322800
201900023746;11;3;2019;20:30;5;37;37208;2;1;1;1;FONTAINES (AVENUE DES);47,3668377;0,7214509
201900023747;11;3;2019;20:06;5;37;37261;2;1;1;7;MAGINOT (AV. ANDRE);47,4093100;0,6816217
201900023790;15;11;2019;16:15;1;971;97114;1;1;1;5;N1;16,1525210; -61,5847030
201900023836;14;11;2019;10:40;1;69;69387;2;1;3;6;GUILLOTIERE (DE LA)                 (GR);45,7529300;4,8453600
201900023850;13;11;2019;13:47;1;87;87085;2;1;1;6;SAINTE FELICITE (RUE ET PLACE);45,8216000;1,2648400
201900023867;12;11;2019;15:20;1;59;59636;2;1;1;3;QUESNOY RUE DE;50,6922800;3,0529800
201900023891;13;11;2019;16:12;1;2;02408;2;2;1;3;WINSTON CHURCHILL (RUE);49,5660829;3,6361367
201900023897;14;11;2019;09:55;1;75;75118;2;2;1;3;BOULEVARD DE ROCHECHOUART;48,8838370;2,3494780
201900023898;13;11;2019;19:55;3;75;75116;2;2;1;5;ROUTE DE LA PTE DAUPHINE A LA PTE DES SA;48,8749121;2,2711113
201900023905;13;11;2019;11:35;1;75;75110;2;1;2;3;RUE DE L AQUEDUC;48,8824474;2,3640507
201900023942;15;11;2019;14:30;1;63;63021;1;4;1;1;9 Route d'Authezat;45,6558000;3,1949210
201900023949;1;11;2019;13:45;2;38;38224;2;1;8;3;Route du lac;44,8735620;5,7160060
201900023951;29;1;2019;15:50;1;68;68154;2;6;1;3;Rue du repos;47,7637760;7,3475790
201900023952;26;1;2019;12:00;1;67;67055;2;3;2;4;D5, intersection avec la rue du camping;48,3282240;7,6910690
201900023961;24;1;2019;15:00;1;72;72154;1;1;1;3;Lieu dit les brosses route du lude;47,6884280; -0,0193370
201900023999;28;1;2019;11:00;1;69;69383;2;2;2;3;MAZENOD                             (R );45,7592100;4,8523300
201900024015;25;1;2019;13:40;1;67;67482;2;1;8;3;PAUL ELUARD (RUE);48,5881100;7,6974600
201900024032;28;1;2019;08:45;1;45;45234;2;3;1;3;R LADUREAU - R DE LA GARE;47,9120170;1,9031440
201900024040;28;1;2019;16:50;1;34;34172;2;1;1;2;GRAND SAINT JEAN (RUE DU);43,6052900;3,8753100
201900024060;28;1;2019;17:00;1;75;75115;2;1;1;3;RUE DE LOURMEL;48,8438930;2,2864470
201900024080;28;1;2019;12:30;1;56;56130;2;6;1;3;Giratoire de la Madeleine;47,7392400; -3,2264100
201900024098;29;1;2019;10:50;1;17;17396;1;1;2;2;CD 115;46,2216690; -0,8775680
201900024110;28;1;2019;19:15;3;49;49021;1;1;1;2;Route dÃ©partementale 7, route de la MENITRE;47,4337140; -0,2258870
201900024131;10;10;2019;17:30;1;63;63074;2;3;1;3;intersection route de Villeneuve et rue des 4 vents;45,4648250;3,2089700
201900024147;11;10;2019;17:00;1;64;64417;2;6;1;3;Cours Pasteur;43,1795250; -0,2588340
201900024174;11;10;2019;16:45;1;69;69255;2;1;1;1;17 Avenue du Docteur Serullaz;45,7357000;4,6611400
201900024204;8;10;2019;12:20;1;54;54395;2;2;2;3;LECLERC (AV. DU GENE;48,6841200;6,1859500
201900024205;8;10;2019;20:21;5;45;45302;2;9;8;3;RUE MARCEL PAUL;47,9432525;1,9073716
201900024206;6;7;2019;11:20;1;41;41018;2;1;1;3;FONTAINE (RUE JEAN DE LA);47,5802500;1,3004300
201900024215;9;10;2019;08:00;2;69;69387;2;1;2;7;GUILLOTIERE (DE LA)                 (PT);45,7564700;4,8394400
201900024244;9;10;2019;08:35;1;67;67447;2;1;8;6;SCHILTIGHEIM;48,6131910;7,7106350
201900024249;8;10;2019;09:25;1;64;64102;2;1;1;3;HAURANNNE (AVENUE DUVERGIER DE);43,4809100; -1,4635100
201900024265;9;10;2019;12:50;1;37;37261;2;1;1;7;BERANGER (BOULEVARD);47,3894500;0,6827700
201900024296;9;10;2019;10:50;1;75;75115;2;1;2;7;RUE FALGUIERE;48,8409000;2,3132700
201900024300;9;10;2019;09:30;1;75;75114;2;3;2;3;BOULEVARD BRUNE;48,8257434;2,3145081
201900024301;9;10;2019;20:30;5;75;75113;2;3;1;3;QUAI D AUSTERLITZ;48,8383304;2,3728006
201900024306;8;10;2019;21:55;5;75;75111;2;2;2;3;RUE DE CHARONNE;48,8551290;2,3871040
201900024332;18;12;2019;14:45;1;92;92012;1;1;1;5;JEAN BAPTISTE CLEMENT (AVENUE) 49/FIN -;48,8474400;2,2407400
201900024341;21;12;2019;11:00;1;80;80021;2;1;1;3;MARIVAUX (RUE);49,9115640;2,3246950
201900024351;20;12;2019;18:00;5;67;67482;2;3;2;3;KASTNER (ALLEE);48,5970200;7,7767600
201900024361;20;12;2019;12:15;1;56;56121;2;1;2;2;MERVILLE (RUE  JEAN DE );47,7447600; -3,3779200
201900024372;21;12;2019;02:20;5;49;49007;2;1;1;6;BOURG LA CROIX PLACE ET RUE;47,4514200; -0,5246200
201900024379;16;12;2019;09:50;1;45;45234;2;2;2;3;R L DE VINCI - R DU CRISTAL;47,8456900;1,9405800
201900024385;22;12;2019;13:30;1;33;33075;2;3;2;3;RUE HENRI DELATTRE;44,8898700; -0,6053500
201900024403;18;12;2019;17:45;5;13;13001;2;6;1;3;ANDREANI JEAN (RUE);43,5128180;5,4373390
201900024411;23;12;2019;17:45;5;75;75105;2;4;1;6;BOULEVARD DE L HOPITAL;48,8403300;2,3620230
201900024413;23;12;2019;15:50;1;75;75112;2;7;1;3;PLACE DE LA PORTE DE VINCENNES;48,8465920;2,4138948
201900024425;23;12;2019;16:05;1;94;94016;2;3;1;3;MOULIN DE CACHAN (R DU);48,7892495;2,3331891
201900024453;23;12;2019;17:35;3;62;62407;1;1;1;2;Rue de Bourecq;50,5880440;2,4475750
201900024481;23;12;2019;16:30;1;66;66227;2;3;1;3;Avenue de la Mediterranee;42,6323210;2,9198760
201900024492;24;12;2019;12:55;1;60;60446;2;3;7;1;route de paris;49,1387502;2,8084599
201900024506;6;9;2019;14:40;1;15;15258;2;1;1;6;dÃ©partementale 8, rue des alouettes;44,9657600;2,6187120
201900024524;8;9;2019;17:45;1;973;97312;2;3;1;3;Rue Renner;5,3731172; -52,9548526
201900024529;9;9;2019;15:20;1;34;34276;2;6;1;2;RD1;43,7743510;3,8702910
201900024532;8;9;2019;09:15;1;57;57474;2;6;1;3;Rue de Boussange;49,2595130;6,1586840
201900024536;8;9;2019;09:50;1;62;62201;2;6;1;3;Boulevard de Sainte-CÃ©cile;50,5751730;1,5834740
201900024550;4;9;2019;16:00;1;45;45285;2;1;1;6;RUE CHARLES BEAUHAIRE;47,9131000;1,8738000
201900024559;7;9;2019;09:25;1;973;97302;2;1;1;1;ZEPHIR (ROCADE);4,9263083; -52,3210359
201900024560;4;9;2019;13:20;1;973;97302;2;1;1;3;CABASSOU (ROUTE DE);4,9175003; -52,3130321
201900024579;5;9;2019;17:45;1;69;69381;2;2;1;7;ST SEBASTIEN                        (MO);45,7731200;4,8347100
201900024594;30;8;2019;18:30;1;83;83069;2;1;1;3;FRONT DE MER (BOULEVARD);43,1131900;6,1891500
201900024604;5;9;2019;09:15;1;74;74012;2;2;1;3;BEULET (RUE DU);46,1913600;6,2422200
201900024609;6;9;2019;09:13;1;71;71306;2;1;1;3;DE LATTRE DE TASSIGNY (BLD DU MARECHAL);46,6760400;4,3760800
201900024617;7;9;2019;08:50;1;69;69092;1;6;1;2;DE L'OASIS (rond point);46,0076900;4,7132800
201900024619;5;9;2019;21:00;5;67;67482;2;1;1;3;ELMERFORST (RUE D );48,5631800;7,7114700
201900024627;5;9;2019;21:44;5;64;64445;2;6;1;2;BACHAGA BOUALAN;43,3131100; -0,3685200
201900024629;5;9;2019;23:16;5;63;63113;2;1;1;3;SABLON (COURS);45,7718400;3,0898900
201900024632;3;9;2019;18:30;1;63;63113;2;1;1;5;FOSSES SOUS LE SEMINAIRE (RUE DES);45,7946000;3,1148700
201900024642;3;9;2019;11:55;1;58;58194;2;1;1;3;PRE PLANTIN (BOULEVARD);46,9867000;3,1238000
201900024653;21;1;2019;08:20;1;54;54395;2;3;1;6;BLANDAN (IMPASSE ET RUE DU SGT);48,6799300;6,1667100
201900024661;6;1;2019;08:55;1;54;54395;2;3;1;1;LOUIS (RUE BARON);48,6957400;6,1710600
201900024671;12;4;2019;17:45;1;29;29190;2;2;1;3;Rue du Lannou;48,3444490; -4,7187130
201900024672;17;4;2019;18:10;1;31;31118;1;3;1;3;CD29;43,8137670;1,3731490
201900024711;13;2;2019;07:50;3;92;92014;2;3;5;3;BIEVRE (RUE DE LA);48,7807178;2,3206754
201900024716;15;4;2019;16:10;1;974;97411;2;9;1;1;ROUTIER (RUELLE); -20,8890900;55,4476900
201900024721;15;4;2019;17:05;1;69;69388;2;2;1;6;GUILLAUME PARADIN                   (R );45,7390900;4,8859000
201900024724;15;4;2019;08:50;1;69;69383;2;1;1;3;FELIX FAURE                         (AV);45,7543394;4,8648834
201900024741;13;4;2019;18:05;1;86;86194;2;3;1;3;PIERRE LEVEE (RUE DE LA);46,5755600;0,3543700
201900024752;13;4;2019;23:00;5;74;74093;2;3;1;6;REPUBLIQUE (AVENUE DE LA);45,9088000;6,0977000
201900024758;14;4;2019;17:00;1;67;67482;2;1;1;3;TANCHE (RUE DE LA);48,5968530;7,7889730
201900024771;13;4;2019;20:40;2;49;49007;2;3;1;6;ARBRISSEL;47,4453100; -0,5610300
201900024776;14;4;2019;16:20;1;38;38544;2;1;1;1;CAROLINGIENS(RUE DES);45,5273700;4,9034200
201900024786;13;4;2019;16:10;1;31;31555;2;1;1;3;BD DE L EMBOUCHURE;43,6137000;1,4309400
201900024793;14;4;2019;16:07;1;26;26362;2;2;1;3;BOUIN RUE JEAN;44,9337900;4,8881500
201900024796;13;4;2019;11:05;1;17;17380;2;6;1;3;GANIPOTE (AVENUE DE LA);45,6516600; -1,0848000
201900024817;15;4;2019;13:40;1;75;75118;2;2;1;3;BOULEVARD ORNANO;48,8915640;2,3495940
201900024820;15;4;2019;11:15;1;75;75117;2;3;1;3;AVENUE DE LA GRANDE ARMEE;48,8757150;2,2889390
201900024825;15;4;2019;17:25;1;75;75113;2;2;1;2;RUE DE TOLBIAC;48,8259410;2,3452150
201900024840;14;4;2019;13:25;1;94;94067;2;1;1;3;GUYANE (Bd. de la);48,8356433;2,4126899
201900024863;28;6;2019;08:30;1;32;32013;2;3;1;3;PIERRE DE MONTESQUIOU (AVENUE);43,6335300;0,5883100
201900024866;27;6;2019;08:20;1;31;31555;2;1;1;3;LANUSSE (CHE DE) DU 4AU 181;43,6352200;1,4544300
201900024883;26;6;2019;21:55;2;19;19272;2;1;1;3;Chammard (Quai);45,2678400;1,7723300
201900024899;28;6;2019;11:45;1;11;11262;2;2;1;3;VERDOUBLE (RUE DU);43,1825900;2,9761900
201900024904;29;6;2019;09:05;1;7;07281;2;6;1;3;LIBERATION (CARREFOUR DE LA);44,9457790;4,8471390
201900024913;27;6;2019;12:19;1;1;01053;2;9;1;3;KENNEDY BVD J  - IMPAIR DE EUROPE A DIME;46,2072300;5,2385300
201900024936;27;6;2019;16:50;1;75;75118;2;2;1;6;BOULEVARD BARBES;48,8883520;2,3495770
201900024941;26;6;2019;12:40;1;75;75116;2;3;1;2;ROUTE DES TRIBUNES;48,8619740;2,2303910
201900024942;29;6;2019;13:05;1;75;75115;2;2;1;3;RUE PAUL BARRUEL;48,8386390;2,3052600
201900024950;26;6;2019;20:30;1;75;75113;2;3;1;3;BOULEVARD MASSENA;48,8192150;2,3620540
201900024951;29;6;2019;15:18;1;75;75112;2;3;1;3;BOULEVARD DE PICPUS;48,8466130;2,4001820
201900024965;27;6;2019;06:40;2;75;75107;2;1;1;6;RUE DU BAC;48,8585880;2,3285970
201900024966;26;6;2019;18:50;1;75;75107;2;5;1;2;PLACE DE L ECOLE MILITAIRE;48,8542760;2,3054430
201900024971;26;6;2019;19:50;1;75;75104;2;1;1;3;BOULEVARD BOURDON;48,8521830;2,3678880
201900024984;26;6;2019;19:00;1;94;94003;2;1;1;2;CONVENTION (AV DE LA);48,8012100;2,3334200
201900024987;29;6;2019;16:00;1;94;94033;2;1;1;2;MARECHAL JOFFRE (AV DU);48,8534000;2,4754000
201900025008;27;6;2019;09:10;1;93;93053;2;1;1;6;VICTOR HUGO (AVENUE);48,8923600;2,4692600
201900025017;27;6;2019;14:30;1;93;93031;2;6;1;3;DE LATTRE DE TASSIGNY (1 A 51);48,9593300;2,3002500
201900025029;27;6;2019;19:18;1;92;92022;2;1;1;6;SALENGRO (AVENUE ROGER);48,8146800;2,1933400
201900025047;29;7;2019;11:25;1;56;56121;2;3;2;3;Rue de l'Enclos du Port;47,7494400; -3,3574600
201900025054;29;7;2019;17:40;1;49;49007;2;1;1;3;GAULLE BOULEVARD CHARLES DE;47,4700700; -0,5616800
201900025056;27;7;2019;18:00;1;49;49015;2;1;1;7;MENDES FRANCE AVENUE PIERRE;47,4995757; -0,5830479
201900025068;29;7;2019;08:05;1;35;35238;2;3;7;3;LEGRAVEREND;48,1171700; -1,6809400
201900025072;29;7;2019;14:15;1;33;33063;2;1;1;2;AVE THIERS - accÃ¨s d'un chantier privÃ©;44,8457500; -0,5510800
201900025073;28;7;2019;21:30;2;33;33063;2;2;1;3;R. Porte de la Monnaie / R. Carpenteyre;44,8329890; -0,5620350
201900025081;28;7;2019;07:58;1;29;29019;2;1;1;2;HARTELOIRE (PONT);48,3928000; -4,4999700
201900025110;28;7;2019;20:15;1;11;11262;2;3;1;6;VALLONS (CHEMIN DES);43,1816600;2,9812000
201900025112;28;7;2019;17:13;1;10;10387;2;2;1;3;PIERRE BROSSOLETTE (RUE);48,2854000;4,0779000
201900025114;29;7;2019;08:40;1;6;06088;2;1;1;3;DESBOUTINS (RUE);43,6957200;7,2697900
201900025128;29;7;2019;09:45;1;75;75119;2;4;1;3;AVENUE DE LA PORTE D AUBERVILLIERS;48,9009250;2,3702980
201900025136;30;7;2019;18:20;1;75;75112;2;1;1;1;BOULEVARD SOULT;48,8438842;2,4103087
201900025140;29;7;2019;18:10;1;75;75111;2;4;1;3;BOULEVARD BEAUMARCHAIS;48,8540433;2,3689348
201900025147;30;7;2019;18:20;1;75;75106;2;1;1;2;RUE DE SEVRES;48,8511078;2,3262762
201900025149;28;7;2019;20:30;2;75;75102;2;2;1;3;BOULEVARD DES CAPUCINES;48,8709583;2,3341594
201900025158;16;7;2019;08:30;1;94;94021;2;3;1;3;ECOLES (R DES);48,7531800;2,3126500
201900025167;29;7;2019;19:20;1;93;93066;2;1;1;3;PROUDHON;48,9064400;2,3643600
201900025182;30;7;2019;11:00;1;92;92062;2;3;1;3;DE DION BOUTON (QUAI) DU 1 AU 28;48,8772800;2,2408000
201900025183;27;7;2019;17:15;1;92;92050;2;1;1;2;FOCH MARECHAL PLACE DU;48,8886000;2,1942200
201900025194;30;7;2019;10:15;1;49;49334;1;2;1;4;Bel air;47,5268990; -0,2241900
201900025213;11;3;2019;08:30;1;75;75106;2;7;8;3;PLACE SAINT MICHEL;48,8537540;2,3442790
201900025220;10;3;2019;17:00;1;75;75103;2;7;1;6;PLACE DE LA REPUBLIQUE;48,8665970;2,3646760
201900025231;11;3;2019;11:10;1;93;93001;2;1;1;3;HAIE COQ (RUE DE LA ) => 91/92;48,9079900;2,3729200
201900025235;11;3;2019;17:30;1;92;92051;2;2;1;3;BINEAU (BOULEVARD, NÂ°53 A 131 ET 52 A 13;48,8875450;2,2787440
201900025254;12;3;2019;12:05;1;70;70096;2;1;1;1;9 rue de la CÃ´totte;47,5834330;6,7939170
201900025262;7;3;2019;11:00;1;66;66012;1;6;8;3;Route Nationale;42,7043810;2,8323230
201900025327;10;3;2019;13:45;1;94;94017;2;9;6;3;MARX DORMOY (AV);48,8062800;2,5289000
201900025340;11;3;2019;10:00;1;56;56089;1;1;1;2;Locunel;47,9510090; -3,2420050
201900025343;11;3;2019;17:00;1;80;80533;2;6;1;3;intersection D1015 / D925;50,0599440;1,4089960
201900025390;5;3;2019;13:00;1;27;27229;2;1;1;6;POLITZER (RUE GEORGES);49,0073368;1,1511789
201900025399;26;4;2019;19:25;1;68;68066;2;1;1;3;SCHUMANN (RUE);48,0813410;7,3317610
201900025400;24;4;2019;19:00;1;68;68066;2;6;2;3;JOFFRE (AVENUE);48,0721320;7,3534530
201900025403;26;5;2019;17:40;1;67;67482;2;3;1;3;ALTENHEIM (ROUTE D );48,5401700;7,7677700
201900025405;24;5;2019;13:40;1;67;67482;2;3;1;6;HOPITAL (ROUTE DE L );48,5689310;7,7513550
201900025406;24;5;2019;08:30;1;67;67482;2;3;7;3;ROBERTSAU (ALLEE DE LA);48,5920160;7,7694710
201900025412;15;5;2019;19:00;1;67;67482;2;3;7;3;MARECHAL FOCH (RUE DU);48,5885800;7,7521600
201900025413;14;5;2019;16:27;1;67;67482;2;3;7;6;CYGNE (RUE DU);48,5788500;7,7398900
201900025418;8;5;2019;14:15;1;67;67482;2;3;2;3;PAIX (AVENUE DE LA);48,5930890;7,7589850
201900025421;4;5;2019;11:50;1;67;67482;2;1;3;6;PREMIERE ARMEE (RUE DE LA);48,5761500;7,7526000
201900025427;1;5;2019;14:45;1;67;67218;2;1;1;3;ALFRED KASTLER (ROUTE);48,5430120;7,7364930
201900025429;29;4;2019;15:05;1;67;67365;2;1;1;6;HOHWARTH (RUE DE LA);48,5495560;7,7100570
201900025438;15;5;2019;22:00;5;66;66136;2;1;1;6;BALEARES ROND POINT ET CITE DES;42,6886600;2,8947200
201900025443;30;4;2019;08:45;1;66;66136;2;1;1;3;ARGELES SUR MER AVENUE D';42,6770000;2,9130000
201900025445;26;4;2019;19:20;1;66;66136;2;2;1;3;ALDUY (Paul);42,6871736;2,9018003
201900025451;14;5;2019;11:00;1;64;64483;2;1;1;2;ITHURRALDE ANDRE (AVENUE);43,3969625; -1,6450471
201900025452;21;4;2019;12:45;1;64;64260;2;1;1;3;GAULLE CHARLES (RUE DE);43,3587117; -1,7760237
201900025464;15;5;2019;17:20;1;64;64445;2;9;1;3;LOUP DU;43,3012037; -0,3710348
201900025485;7;5;2019;10:40;1;64;64122;2;9;8;7;VICTOR HUGO (AVENUE);43,4812300; -1,5624300
201900025508;14;5;2019;17:10;1;63;63113;2;1;1;2;LAFAYETTE (BD);45,7731000;3,0957000
201900025541;25;5;2019;11:45;1;59;59152;2;1;1;3;WERWICQ (RUE DE);50,7680281;3,0345578
201900025612;13;11;2019;10:20;1;988;98818;2;1;1;6;LAROQUE (PROMENADE ROGER); -22,3074400;166,4482800
201900025620;13;11;2019;18:56;5;69;69389;2;2;1;3;MARIETTON                           (R );45,7759000;4,8008600
201900025632;13;11;2019;08:20;1;74;74298;2;1;7;3;TANINGES (ROUTE DE );46,1863000;6,2738900
201900025641;8;11;2019;16:25;2;67;67482;2;1;2;3;COLMAR (AVENUE DE);48,5490170;7,7415530
201900025642;8;11;2019;08:35;1;67;67482;2;1;1;3;ALFRED KASTLER (RUE);48,5715800;7,7701500
201900025659;9;11;2019;09:00;2;47;47032;2;1;1;3;ALBERT CAMUS (avenue);44,1885700;0,6602700
201900025680;13;11;2019;07:45;2;17;17415;2;6;8;3;GENET 2 A 64 COURS;45,7488500; -0,6591500
201900025681;13;11;2019;19:55;5;17;17300;2;6;2;2;MONNET   AVENUE JEAN;46,1431700; -1,1533200
201900025690;13;11;2019;18:48;5;10;10387;2;1;1;1;GENERAL LECLERC (RUE DU);48,3083000;4,0506000
201900025702;13;11;2019;09:50;1;75;75118;2;2;8;3;RUE ORDENER;48,8917229;2,3487301
201900025703;13;11;2019;09:45;1;75;75117;2;2;1;3;AVENUE DE SAINT OUEN;48,8955646;2,3282861
201900025706;13;11;2019;16:00;1;75;75116;2;1;1;3;ROUTE DE SEVRES A NEUILLY;48,8541540;2,2373660
201900025709;13;11;2019;19:15;5;75;75110;2;2;1;3;RUE LA FAYETTE;48,8815740;2,3657000
201900025715;13;11;2019;10:45;1;94;94076;2;3;1;7;MARCEL PAUL (R);48,8005200;2,3562600
201900025739;13;11;2019;18:30;5;56;56005;2;9;3;1;Boulevard de la RÃ©sistance;47,5465580; -2,9014790
201900025755;21;12;2019;09:50;1;974;97411;2;9;1;3;JAURES (BOULEVARD JEAN); -20,8969000;55,4754000
201900025784;21;12;2019;11:55;1;29;29019;2;6;1;3;ROUSSE EMILE;48,3830800; -4,5275700
201900025788;21;12;2019;01:00;5;17;17300;2;1;3;6;JERICHO   RUE DE;46,1672800; -1,1660600
201900025796;21;12;2019;19:50;5;75;75120;2;1;2;3;AVENUE GAMBETTA;48,8714530;2,4041710
201900025809;21;12;2019;07:35;5;75;75107;2;4;1;3;RUE DE LUYNES;48,8547300;2,3259960
201900025810;21;12;2019;11:35;1;75;75104;2;4;1;6;VOIE GEORGES POMPIDOU;48,8510483;2,3611412
201900025811;20;12;2019;17:45;5;75;75101;2;3;1;2;RUE DE RIVOLI;48,8643902;2,3301115
201900025825;21;12;2019;11:45;1;92;92050;2;3;1;3;SOUFFLOT J-GERMAIN BOULEVARD;48,8964540;2,2147300
201900025848;21;12;2019;15:30;1;1;01151;1;1;2;6;D17;46,0808076;5,2614802
201900025896;18;12;2019;12:55;1;92;92050;2;1;1;3;REPUBLIQUE AVENUE DE LA;48,9107400;2,2202700
201900025936;9;10;2019;10:15;1;92;92012;2;3;1;3;PAUL BERT (RUE);48,8357000;2,2392000
201900026006;25;3;2019;10:07;1;54;54395;2;3;1;3;LORRAIN (QUAI CLAUDE;48,6927200;6,1723900
201900026040;7;10;2019;07:50;1;67;67482;2;1;8;6;OBERHAUSBERGEN (ROUTE D );48,5912500;7,7231800
201900026043;8;10;2019;08:06;1;66;66136;1;1;1;2;MAS-DONAT (CHEMIN DU);42,7135800;2,9059400
201900026045;8;10;2019;08:45;1;64;64129;2;1;1;3;BAYONNE DE;43,2995110; -0,3914410
201900026054;2;10;2019;22:10;5;54;54395;2;1;1;7;PHALSBOURG (RUE DE);48,6838900;6,1809300
201900026055;8;10;2019;19:05;5;51;51454;2;2;2;1;RUE VOLTAIRE;49,2548800;4,0375900
201900026060;6;10;2019;03:05;5;49;49007;2;1;1;3;BOREAU;47,4746000; -0,5467700
201900026065;8;10;2019;20:40;5;44;44109;1;6;2;3;CANCLAUX ( PLACE );47,2141800; -1,5740400
201900026066;8;10;2019;07:30;5;44;44162;2;1;2;3;BOULEVARD FRANCOIS MITTERRAND;47,2173800; -1,6436600
201900026088;7;10;2019;19:10;2;17;17306;2;2;8;3;PONTAILLAC (DE) (AVENUE);45,6203200; -1,0353300
201900026090;8;10;2019;17:40;1;17;17300;2;2;8;3;ROBESPIERRE   AVENUE;46,1531700; -1,1237700
201900026092;8;10;2019;08:00;2;17;17300;2;3;3;3;VESPUCCI   AVENUE AMERIGO;46,1514200; -1,1546600
201900026093;7;10;2019;14:19;1;17;17300;2;6;2;3;CHAMP DE MARS   AVENUE DU;46,1690200; -1,1501000
201900026114;26;1;2019;12:05;1;64;64445;2;6;1;3;FRANCOIS MITTERAND;43,3303135; -0,3559133
201900026123;27;1;2019;20:40;5;13;13208;2;1;1;6;MENDES FRANCE (AVENUE);43,2559300;5,3764900
201900026129;27;1;2019;16:05;1;75;75119;2;2;2;3;RUE PETIT;48,8851020;2,3837680
201900026143;26;1;2019;15:06;1;93;93006;2;3;2;3;GIRARDOT RUE;48,8747200;2,4253700
201900026154;28;1;2019;16:15;1;22;22079;1;1;1;7;la villeneuve de l'argentaie;48,3916860; -2,6599780
201900026165;27;1;2019;20:25;5;987;98734;2;1;1;1;PK 31.100, RT01, face Ã  la source Papemato; -17,7212520; -149,4966380
201900026191;19;1;2019;15:28;1;22;22106;1;1;2;2;SAINT-ILAN (RUE DE);48,5062300; -2,7032600
201900026211;24;1;2019;06:40;2;973;97302;2;1;1;3;FELIX EBOUE(ROCADE);4,9301992; -52,3142338
201900026233;23;1;2019;16:00;1;971;97107;2;1;1;6;DUMANOIR ( ALLEE );16,0310100; -61,5705000
201900026239;24;1;2019;07:05;5;91;91182;2;1;1;3;TRAITE DE ROME (ROND-POINT DU);48,6252500;2,4068200
201900026280;17;9;2019;13:20;1;44;44184;2;1;1;6;MITTERRAND (AVENUE FRANÃOIS);47,2703000; -2,2254000
201900026281;6;9;2019;08:20;1;44;44184;2;2;1;3;AVENUE RÃPUBLIQUE/BD RENAISSANCE;47,2829600; -2,2113200
201900026286;7;9;2019;16:45;1;42;42095;2;1;1;2;BARGE (PLACE DE LA);45,4006500;4,2902700
201900026288;4;9;2019;22:05;5;41;41212;2;1;1;7;NATIONALE (ROUTE)-RD956b;47,5718900;1,3573300
201900026290;7;9;2019;12:15;1;38;38185;2;1;1;6;AVENUE JEAN PERROT;45,1771800;5,7366600
201900026298;6;9;2019;16:30;1;35;35238;2;6;1;7;DE LESSEPS (FERDINAND);48,1017000; -1,7072000
201900026305;6;9;2019;21:25;5;34;34172;2;3;1;3;SAINT-JUST (RUE);43,6001832;3,8441908
201900026307;6;9;2019;21:20;5;33;33063;2;3;1;3;Q. des Chartrons face au Crs du MÃ©doc;44,8555100; -0,5635800
201900026314;4;9;2019;11:30;1;33;33009;2;1;1;3;44 bis COURS LAMARQUE PLAISANCE;44,6612400; -1,1724200
201900026315;6;9;2019;15:20;1;32;32013;1;1;1;2;VIC (ROUTE DE);43,6558600;0,5552200
201900026319;4;9;2019;19:45;1;31;31069;2;1;1;3;BELISAIRE (CH DE);43,6327800;1,3870200
201900026328;5;9;2019;19:30;1;26;26198;2;1;1;1;TEIL (Route du);44,5570800;4,7276500
201900026366;5;9;2019;18:50;1;5;05061;2;6;1;3;PIGNEROL ( AVENUE DE );44,5653756;6,0927504
201900026380;3;9;2019;20:15;5;75;75113;2;3;1;3;RUE AIME MOROT;48,8206261;2,3494568