Num_Acc;jour;mois;an;hrmn;lum;dep;com;agg;int;atm;col;adr;lat;long
201900026382;4;9;2019;13:20;1;75;75120;2;1;1;3;RUE DE BELLEVILLE;48,8767100;2,4049620
201900026386;5;9;2019;08:45;1;75;75117;2;5;1;3;BOULEVARD BERTHIER;48,8864680;2,2957700
201900026391;6;9;2019;17:30;1;75;75116;2;7;1;3;CARREFOUR DES ANCIENS COMBATTANTS   BOUL;48,8484932;2,2421175
201900026397;6;9;2019;07:00;2;75;75115;2;7;1;7;BOULEVARD PASTEUR;48,8406120;2,3149750
201900026400;4;9;2019;09:45;1;75;75114;2;2;1;3;RUE DES PLANTES;48,8292990;2,3226560
201900026405;5;9;2019;21:00;5;75;75113;2;4;1;6;BOULEVARD DE L HOPITAL;48,8398467;2,3616955
201900026409;6;9;2019;09:35;1;75;75111;2;7;1;6;PLACE DE LA REPUBLIQUE;48,8667400;2,3651600
201900026416;4;9;2019;13:15;1;75;75109;2;2;1;4;BOULEVARD HAUSSMANN;48,8723620;2,3374260
201900026421;6;9;2019;17:20;1;75;75104;2;2;1;6;QUAI DE L HOTEL DE VILLE;48,8543710;2,3549358
201900026478;28;6;2019;02:30;5;92;92012;2;2;1;3;POINT DU JOUR (QUAI DU);48,8316500;2,2580100
201900026496;28;6;2019;14:45;1;63;63163;1;1;1;1;D204;45,7675828;2,7444470
201900026498;30;6;2019;10:50;1;1;01021;1;1;1;3;D904;45,9976780;4,8323010
201900026565;28;6;2019;04:30;3;34;34154;1;1;1;3;D 62;43,5523370;3,9952140
201900026579;29;6;2019;11:05;1;15;15113;1;1;1;1;rudez;45,0855350;2,6738260
201900026591;30;6;2019;10:00;1;72;72022;2;1;1;7;18 rue du stade;47,7680370; -0,1647100
201900026599;28;6;2019;17:45;1;14;14738;2;1;1;3;26 Rue ExupÃ¨re Louis Dubosq;49,1533570; -0,4665820
201900026609;27;6;2019;09:00;1;73;73059;2;3;1;3;chemin de lachat;45,7275489;5,8884361
201900026619;28;6;2019;18:40;1;21;21007;2;3;7;3;Pont d'Aisy;47,3891440;4,3010720
201900026620;29;6;2019;09:45;1;40;40284;2;3;1;3;route de Dax;43,6655620; -1,2889550
201900026621;30;6;2019;08:45;1;24;24325;2;1;1;4;Le bourg D 703;44,8861900;1,4075410
201900026625;29;6;2019;11:45;1;4;04045;1;1;1;3;La Viguiere;43,8530570;5,5618870
201900026626;29;6;2019;09:25;1;4;04031;1;1;1;4;RD 907;43,9237890;6,1400750
201900026648;8;4;2019;22:32;3;35;35210;1;1;1;2;Route nationale12 sens St-Brieuc - Rennes PK:69;48,1450950; -1,7835480
201900026649;26;6;2019;18:15;1;74;74081;2;1;7;3;rue du pont;46,0599810;6,5777990
201900026657;14;4;2019;12:20;1;94;94018;2;1;1;3;PARIS (R DE);48,8241400;2,4093400
201900026670;12;4;2019;09:45;2;92;92063;2;4;1;3;BELIN (AVENUE EDOUARD);48,8871337;2,1696389
201900026676;10;4;2019;18:30;1;33;33478;1;1;1;3;Route de PÃ©rigueux;45,0111800;0,0146400
201900026677;6;4;2019;16:45;1;36;36026;1;1;1;2;ROUTE D'ISSOUDUN;46,9523367;1,7518821
201900026698;11;4;2019;16:07;1;44;44049;2;6;1;3;BOULEVARD DU GENERAL LECLERC;47,2879520; -2,5096100
201900026781;10;4;2019;08:15;1;63;63014;2;1;2;6;ROMAGNAT (RUE DE);45,7492441;3,1117590
201900026786;10;4;2019;18:05;1;92;92020;2;1;1;2;VERDUN (AVENUE DE);48,8036200;2,2881700
201900026808;12;4;2019;15:15;1;69;69387;2;2;1;3;GUILLOTIERE (DE LA)                 (GR);45,7509700;4,8482500
201900026812;11;4;2019;07:50;2;69;69386;2;2;1;1;BELGES (DES)                        (BD);45,7681900;4,8589200
201900026817;13;4;2019;04:40;5;69;69382;2;3;1;1;BELLECOUR                           (PL);45,7580300;4,8337900
201900026860;24;7;2019;13:00;1;49;49307;2;1;1;2;6 Rue de la Vilaine (Saint-Mathurin-sur-Loire);47,4148360; -0,3166950
201900026869;28;7;2019;17:10;1;44;44046;2;2;1;3;Rue de Saint-Michel;47,2765830; -2,0599200
201900026875;28;7;2019;11:10;1;31;31142;2;1;1;6;D27-Lieudit  CastÃ©ra;42,8539700;0,6002160
201900026877;30;7;2019;10:15;1;38;38218;2;2;1;1;Rue de Chantaloup;45,3481400;5,1813600
201900026878;30;7;2019;07:45;1;2;02243;2;1;1;3;Route de bucy le long;49,3955110;3,3619540
201900026892;24;7;2019;09:30;1;58;58144;2;1;1;6;D 978A, centre bourg;46,7753440;3,0744840
201900026896;31;7;2019;14:50;1;50;50349;1;1;1;2;40 bis rue des periers;48,9923860; -1,5072900
201900026909;30;7;2019;11:00;1;21;21501;2;1;1;2;2 Place des AlliÃ©s;47,2615050;4,5570980
201900026910;29;7;2019;06:10;2;40;40181;1;1;1;2;D 652;43,8531860; -1,3920910
201900026920;31;7;2019;15:15;1;52;52405;1;4;1;7;RD300 PK7 - VAUX SOUS AUBIGNY;47,6541340;5,2822810
201900026939;30;7;2019;10:40;1;13;13104;2;3;1;1;Avenue Pierre Matraja;43,3386050;5,1074290
201900026942;28;7;2019;11:20;1;77;77415;2;1;1;7;Rue Paul Tripier;48,9509930;3,0191000
201900026943;30;7;2019;10:05;1;78;78601;1;1;1;5;D936;48,5691040;1,8954250
201900026951;27;7;2019;10:20;1;6;06122;2;1;1;2;Chemin du moulin;43,7462260;7,1385190
201900026975;24;7;2019;07:30;1;27;27097;1;1;1;2;D316;49,2008120;1,3787230
201900027014;18;7;2019;11:45;1;26;26362;2;1;1;3;ROMANS AVENUE DE (301);44,9355200;4,9095500
201900027024;9;2;2019;15:30;1;94;94044;2;1;1;2;VERDUN (AV DE);48,7492200;2,4760400
201900027037;8;3;2019;15:30;1;976;97611;2;1;1;3;mamoudzou centre-RP Passot quai colas (R; -12,7772100;45,2318500
201900027043;6;3;2019;10:10;1;974;97411;2;9;1;2;JAURES (BOULEVARD JEAN); -20,8974200;55,4753900
201900027046;6;3;2019;14:45;1;974;97409;2;3;3;3;MASCAREIGNES (Avenue des); -20,9570500;55,6496500
201900027051;8;3;2019;11:30;1;69;69386;2;2;1;3;EMERAUDES (DES)                     (R );45,7696400;4,8616600
201900027056;6;3;2019;20:00;5;69;69388;2;1;1;3;ETATS UNIS (DES)                    (BD);45,7350200;4,8631900
201900027058;5;3;2019;19:40;5;69;69383;2;2;1;3;PAUL BERT                           (R );45,7566200;4,8683000
201900027059;5;3;2019;17:00;1;69;69383;2;1;1;6;VICTOR AUGAGNEUR                    (QU);45,7597400;4,8409800
201900027071;8;3;2019;16:30;1;69;69389;2;7;1;3;BARTHELEMY BUYER                    (AV);45,7623000;4,8026000
201900027086;8;3;2019;12:26;1;2A;2A004;2;2;1;3;NAPOLEON COURS AVANT BEVERINI;41,9259691;8,7380731
201900027096;6;3;2019;10:40;1;91;91691;2;6;2;3;HENRI BARBUSSE(RUE)DU NÂ°1 AU NÂ°38;48,7109600;2,4912900
201900027113;7;3;2019;07:50;1;83;83137;2;3;1;3;BRIAND (AVE ARISTIDE);43,1203400;5,8887100
201900027117;8;3;2019;23:20;4;81;81004;2;1;1;5;RN88 OUEST;43,9388200;2,1710100
201900027118;5;3;2019;19:50;5;80;80021;2;1;1;3;49, AV DE GRECE;49,8679100;2,2788800
201900027145;6;3;2019;09:45;1;67;67482;2;1;1;3;JEAN JAURES (AVENUE);48,5707690;7,7595310
201900027146;6;3;2019;07:20;2;67;67482;2;3;1;3;VOSGES (AVENUE DES);48,5916170;7,7439440
201900027153;6;3;2019;09:35;1;67;67180;2;2;1;3;MOUTONS (RUE DES);48,8062000;7,8020000
201900027171;7;3;2019;15:15;1;62;62643;2;1;1;1;BIEZ ( Rue du );50,7043000;1,5978700
201900027187;30;1;2019;07:30;2;54;54395;2;1;1;6;GAMBETTA (RUE);48,6922450;6,1806060
201900027188;2;3;2019;01:27;5;54;54395;2;1;2;6;BATAILLE (QUAI DE LA);48,6774860;6,1913840
201900027195;1;5;2019;19:40;1;59;59368;2;1;8;5;POMPIDOU G. RUE DU PDT.7 -141;50,6536300;3,0694800
201900027196;28;3;2019;11:10;1;59;59350;2;9;1;6;POSTES RUE NÂ°1 - 63;50,6265300;3,0568100
201900027197;18;4;2019;21:10;4;59;59350;2;2;1;2;ISLY RUE;50,6248000;3,0387600
201900027204;8;5;2019;11:25;1;59;59009;2;3;2;3;OUEST BOULEVARD DE L;50,6369000;3,1220400
201900027211;17;4;2019;09:05;1;59;59316;2;3;1;3;JAURES JEAN RUE;50,5734800;2,9959600
201900027213;13;5;2019;17:30;1;59;59183;2;9;1;3;NATIONALE;51,0310370;2,2998520
201900027239;22;5;2019;16:45;1;57;57306;2;3;1;3;METROPOLE (AVENUE DE LA);49,3484600;6,0591800
201900027246;7;5;2019;16:05;1;57;57463;2;1;1;1;HARELLE (RUE );49,1128400;6,1715000
201900027251;13;5;2019;08:30;2;56;56260;2;6;1;3;POMPIDOU (GIRATOIRE);47,6660660; -2,7700650
201900027258;23;5;2019;17:30;1;56;56121;2;1;1;3;MONISTROL (RUE);47,7337600; -3,3851000
201900027266;14;5;2019;17:25;1;56;56121;2;2;1;3;INDES ( QUAI DES );47,7452200; -3,3585300
201900027276;26;4;2019;12:50;1;56;56121;2;2;1;3;DU COUEDIC (RUE);47,7505200; -3,3629900
201900027283;22;5;2019;18:50;1;54;54304;2;2;1;3;DEROULEDE (AVENUE PAUL);48,6851900;6,1556600
201900027285;15;5;2019;13:35;1;54;54395;2;3;1;1;FOCH (AVENUE 2 A 16;48,6891340;6,1753430
201900027303;22;5;2019;21:20;2;51;51454;2;1;1;3;PLACE DES COMBATTANTS D'AFN;49,2200278;4,0219369
201900027312;14;5;2019;11:25;1;51;51454;2;3;1;3;CHEMIN DES COURTES MARTIN;49,2656300;4,0687000
201900027317;3;5;2019;13:57;1;51;51454;2;2;1;3;RUE DU JARD;49,2487700;4,0324700
201900027323;28;4;2019;20:10;1;51;51454;2;6;1;3;RUE DE LA DOUZIEME ESCADRE D'AVIATION;49,2747070;4,0331549
201900027331;2;5;2019;09:40;1;50;50218;1;1;1;7;AVRANCHES (ROUTE D');48,8375670; -1,5433140
201900027333;24;5;2019;10:00;1;50;50129;2;1;1;3;PARIS (AVENUE DE);49,6293200; -1,6181000
201900027342;21;5;2019;09:50;1;49;49328;2;6;1;3;RESISTANCE (PLACE DE LA) N 147;47,2672900; -0,0699900
201900027360;19;5;2019;14:44;1;49;49353;2;1;1;1;VEST FERDINANT;47,4431000; -0,4794900
201900027388;7;11;2019;07:35;2;42;42147;2;6;8;2;1 Boulevard Carnot;45,6065050;4,0686550
201900027434;12;11;2019;17:50;5;69;69387;2;2;1;3;FELIX FAURE                         (AV);45,7521800;4,8472400
201900027439;12;11;2019;11:45;1;69;69389;2;3;1;1;CHAPEAU ROUGE (DU)                  (R );45,7726300;4,8078500
201900027441;8;11;2019;15:50;1;91;91103;2;9;1;3;COMMUNE DE PARIS (RUE DE LA);48,5877000;2,3006000
201900027447;11;11;2019;18:12;5;77;77083;2;2;8;3;BLAISE PASCAL (AVENUE);48,8404175;2,5862647
201900027448;10;11;2019;14:32;1;76;76498;2;1;1;3;VALLEE. RUE LUCIEN;49,4222600;1,0568900
201900027456;5;11;2019;20:21;3;68;68066;1;1;1;2;CD4;48,1082200;7,3947800
201900027459;9;11;2019;14:20;1;67;67365;2;1;1;3;MULHOUSE (RUE DE);48,5387200;7,7138100
201900027472;11;11;2019;14:36;1;49;49007;2;1;1;1;FREMUR;47,4529900; -0,5654400
201900027473;8;11;2019;05:53;3;49;49007;2;1;1;6;WALDECK ROUSSEAU;47,4706700; -0,5445600
201900027476;11;11;2019;15:00;1;44;44109;2;1;1;3;QUAI DU MARQUIS D'AIGUILLON;47,2032900; -1,5754000
201900027477;12;11;2019;18:00;5;37;37261;2;1;9;6;DESMOULINS (RUE CAMILLE);47,3868400;0,6993900
201900027479;12;11;2019;16:00;1;35;35238;2;1;8;3;LAMARTINE (QUAI);48,1101500; -1,6781800
201900027483;8;11;2019;08:50;1;31;31555;2;2;2;3;AV DU CIMETIERE;43,6065800;1,4581600
201900027530;12;11;2019;11:20;1;93;93077;2;1;1;3;RAINCY (AVENUE DU);48,8884600;2,5103700
201900027551;20;12;2019;16:40;2;77;77514;1;1;8;2;D84-COURTRY (ROUTE DE);48,9288355;2,6029610
201900027579;25;11;2019;09:45;1;62;62126;2;6;1;3;CD 941;50,5135560;2,6819730
201900027584;19;12;2019;17:45;1;54;54547;2;1;1;3;GEMBLOUX (RUE DE);48,6629170;6,1761420
201900027595;18;12;2019;09:19;1;49;49007;2;1;1;3;LA ROCHEFOUCAULT PLACE;47,4751400; -0,5591100
201900027598;17;12;2019;20:16;5;49;49007;2;1;1;3;MOULIN BOULEVARD;47,4922200; -0,5516900
201900027605;20;12;2019;12:35;1;44;44109;2;1;1;3;ROUTE DE VERTOU;47,1846000; -1,5246000
201900027612;19;12;2019;15:50;1;37;37195;2;1;1;3;MAIRIE (RUE DE LA);47,3877100;0,6568600
201900027621;20;12;2019;01:50;5;33;33063;2;1;3;5;PONT DE PIERRE;44,8384000; -0,5630100
201900027625;17;12;2019;08:05;2;32;32013;2;1;1;3;MARCEL PROUST;43,6390500;0,5967400
201900027640;20;12;2019;12:40;1;17;17300;2;6;1;3;COGNEHORS   BOULEVARD DE (95);46,1675800; -1,1400000
201900027663;17;12;2019;08:15;1;75;75117;2;7;1;3;AVENUE DE VILLIERS;48,8850200;2,2966470
201900027665;20;12;2019;09:35;1;75;75119;2;1;2;3;RUE DE CRIMEE;48,8788863;2,3902794
201900027669;19;12;2019;22:15;5;75;75119;2;1;2;3;RUE D AUBERVILLIERS;48,8982870;2,3704890
201900027676;19;12;2019;10:25;1;75;75112;2;3;2;3;AVENUE DAUMESNIL;48,8384490;2,3986830
201900027680;20;12;2019;09:25;1;75;75108;2;7;2;6;PLACE DE LA CONCORDE;48,8644080;2,3217900
201900027683;20;12;2019;10:45;1;75;75107;2;1;8;3;QUAI VOLTAIRE;48,8588441;2,3314485
201900027684;19;12;2019;09:05;1;75;75107;2;5;1;6;BOULEVARD RASPAIL;48,8560600;2,3258950
201900027686;20;12;2019;07:55;2;75;75102;2;1;2;3;RUE DE GRAMONT;48,8708478;2,3369398
201900027700;20;12;2019;07:50;2;94;94017;2;1;3;1;GALLIENI (QU);48,8116653;2,4917591
201900027715;20;12;2019;17:58;3;92;92048;2;1;8;1;ROYALE (ROUTE);48,8021800;2,2178500
201900027717;20;12;2019;11:52;1;92;92048;2;1;2;7;VAUGIRARD (RUE DE);48,8196300;2,2427700
201900027725;8;10;2019;12:50;1;75;75119;2;3;2;3;BOULEVARD SERURIER;48,8857674;2,3943731
201900027730;8;10;2019;19:25;5;75;75115;2;5;1;6;BOULEVARD DU MONTPARNASSE;48,8450978;2,3201241
201900027804;8;10;2019;17:45;1;973;97309;2;6;1;3;rond point des ames claires;4,9196080; -52,2790670
201900027808;9;10;2019;12:10;1;34;34276;2;6;1;3;avenue de montpellier;43,7615430;3,8634640
201900027812;8;10;2019;17:15;1;7;07323;2;3;1;3;Route de Monsano;44,9047510;4,8223110
201900027844;6;10;2019;08:45;1;13;13203;2;1;1;2;PLOMBIERES (BOULEVARD DES);43,3203200;5,3776870
201900027849;7;10;2019;18:20;1;69;69383;2;1;1;2;LACASSAGNE                          (AV);45,7559800;4,8641100
201900027850;7;10;2019;10:00;1;69;69386;2;9;1;7;LAFAYETTE                           (CO);45,7637500;4,8617100
201900027871;7;10;2019;12:00;1;81;81065;2;1;1;2;LICES (BD. DES);43,6051700;2,2372300
201900027887;5;10;2019;17:37;1;66;66136;2;1;1;2;GILLES (AVENUE GENERAL);42,6985100;2,9286800
201900027900;6;10;2019;15:10;1;38;38185;2;1;2;3;RUE GÃNÃRAL MANGIN;45,1603900;5,7126100
201900027901;7;10;2019;17:32;1;37;37233;2;1;1;7;BONNIN (AVENUE JEAN);47,3958817;0,7080120
201900027906;24;1;2019;21:27;5;68;68066;2;2;1;3;INGERSHEIM (ROUTE D');48,0865500;7,3314200
201900027910;25;1;2019;07:55;1;66;66136;2;1;1;3;MISTRAL (BOULEVARD FREDERIC);42,6960000;2,9056000
201900027913;23;1;2019;16:23;1;66;66136;2;1;1;6;rond point de la Salanque;42,7276000;2,9045500
201900027918;25;1;2019;20:25;1;64;64445;2;6;1;3;FRANCOIS MITTERAND;43,3043747; -0,3675705
201900027926;17;1;2019;18:40;5;59;59350;2;1;1;3;ARRAS RUE D;50,6196900;3,0649400
201900027931;26;1;2019;14:00;1;56;56260;2;6;8;3;JEAN XXIII(PLACE);47,6561100; -2,7644600
201900027941;24;1;2019;12:00;1;50;50173;2;3;1;3;TROIS HANGARS (RUE DES);49,6489900; -1,6439700
201900027974;25;1;2019;19:35;5;34;34172;2;1;1;6;MONDIAL 98 (AVENUE DU);43,6034630;3,9085800
201900027975;25;1;2019;09:36;1;34;34172;2;1;1;3;PALAVAS (AVENUE DE);43,5976700;3,8862500
201900027980;17;1;2019;12:10;1;33;33318;2;2;1;3;AV BECQUEREL/A630 ECH14;44,7881900; -0,6463400
201900028039;23;1;2019;14:10;1;75;75106;2;1;2;2;RUE D ASSAS;48,8437220;2,3335070
201900028048;26;1;2019;13:26;1;75;75119;2;7;8;6;PLACE SKANDERBEG;48,9004120;2,3715020
201900028049;25;1;2019;07:55;2;75;75119;2;1;2;3;AVENUE SIMON BOLIVAR;48,8751100;2,3824570
201900028064;26;1;2019;17:00;5;75;75115;2;3;2;3;AVENUE DE LA MOTTE PICQUET;48,8499430;2,2991500
201900028082;26;1;2019;18:25;5;75;75110;2;2;2;3;RUE LA FAYETTE;48,8778620;2,3516630
201900028083;25;1;2019;17:55;5;75;75110;2;3;2;3;PLACE DE LA REPUBLIQUE;48,8683720;2,3628550
201900028099;6;9;2019;20:30;5;92;92014;2;1;2;3;FONTENAY (RUE);48,7834500;2,3142500
201900028112;4;9;2019;15:15;1;95;95313;2;1;1;3;6 grande rue;49,1126900;2,2141300
201900028115;7;9;2019;09:15;1;31;31497;2;4;7;2;Rue de la place MAGNAU;43,6973070;1,4795350
201900028133;7;9;2019;16:03;1;58;58086;2;1;1;3;Avenue du 85e de Ligne;47,3933420;2,9227570
201900028160;6;9;2019;19:15;1;71;71263;2;6;1;3;Rue de Bram;46,6274040;5,2163120
201900028176;6;9;2019;09:30;1;35;35015;1;2;7;3;Le Moulin de la Roche;48,1750798; -1,2109084
201900028177;7;9;2019;02:05;3;29;29155;1;4;8;1;Kerlaouen;48,4616710; -5,0617330
201900028186;4;9;2019;09:00;1;38;38422;2;1;1;2;551 Route de Chamrousse;45,1535100;5,8411010
201900028188;7;9;2019;08:50;1;3;03126;1;6;1;3;avenue de Saint-Yorre;46,0763185;3,4414674
201900028195;6;9;2019;13:45;1;14;14726;1;1;1;1;lieu dit la vallerie, berniÃ¨res;48,8089340; -0,7184050
201900028202;8;9;2019;13:15;1;60;60553;1;1;1;5;RD 36;49,4416030;2,6248380
201900028204;8;9;2019;11:45;1;64;64320;1;4;1;3;D934;42,9789089; -0,4188858
201900028227;6;9;2019;18:30;1;42;42256;1;1;1;2;D102;45,4979207;4,1646097
201900028259;5;9;2019;13:40;1;4;04096;1;1;1;7;Col de la bonette;44,3791590;6,7819290
201900028260;3;9;2019;17:00;1;13;13094;1;1;1;3;cd32;43,7910740;4,7288750
201900028271;7;9;2019;17:00;1;74;74143;1;1;1;1;Route de Vaudagne;45,9052260;6,7665980
201900028296;1;6;2019;11:00;1;2B;2B042;1;1;1;6;Route des Marines de Borgo;42,5961590;9,4971840
201900028300;27;6;2019;20:30;2;83;83115;2;3;1;1;18 Chemin du Preconil;43,3101630;6,6314850
201900028314;25;6;2019;21:30;2;67;67309;2;9;1;1;Rue du GÃ©nÃ©ral Leclerc;48,6420270;7,7168120
201900028316;27;6;2019;16:45;1;67;67282;2;6;7;3;RD 1004;48,6222580;7,4920200
201900028317;28;6;2019;17:10;1;67;67348;2;1;1;3;39 Boulevard d'Europe;48,4631260;7,4943060
201900028323;29;6;2019;17:25;1;74;74037;1;3;7;3;Intersection Route de Saxel - Route des Perriers;46,2128490;6,3983930
201900028325;29;6;2019;10:20;1;73;73135;1;1;1;2;D1006;45,2913907;6,3548136
201900028332;29;6;2019;07:30;1;26;26196;1;2;1;3;PlanÃ¨ze;44,8554690;4,9213790
201900028340;28;6;2019;11:30;1;69;69040;2;1;1;3;AllÃ©e des Monts d'Or;45,7982940;4,7821910
201900028347;24;6;2019;08:30;2;49;49278;1;6;1;2;dÃ©partementale 112;47,4202710; -0,5822600
201900028411;26;6;2019;12:00;1;69;69383;2;1;1;6;BONNEL (DE)                         (R );45,7618000;4,8482100
201900028416;29;5;2019;21:30;1;69;69382;2;1;1;5;PRESIDENT EDOUARD HERRIOT (DU)      (R );45,7600209;4,8340058
201900028438;25;6;2019;12:55;1;67;67218;2;1;1;3;L INDUSTRIE (RUE DE);48,5297590;7,7313042
201900028439;25;6;2019;08:40;1;64;64445;2;3;1;3;BERLIOZ;43,3170507; -0,3442029
201900028444;26;6;2019;08:20;1;49;49007;2;1;1;2;RESISTANCE ET DEPORTATION BLD;47,4735300; -0,5452500
201900028450;25;6;2019;11:49;1;37;37261;2;1;1;3;MALRAUX (QUAI ANDRE);47,3973831;0,6899438
201900028451;25;6;2019;13:40;1;35;35288;2;3;1;3;MOTTE (RUE DE LA);48,6370300; -1,9982900
201900028452;25;6;2019;14:00;1;35;35238;2;3;1;3;MONSIEUR VINCENT;48,0927500; -1,6486000
201900028455;26;6;2019;17:00;1;34;34172;2;2;1;3;PALAVAS (AVENUE DE);43,6010600;3,8847100
201900028464;12;4;2019;08:55;1;86;86041;1;1;1;6;CHARLETTERIE (RUE DE LA);46,3519000;0,2212000
201900028470;9;4;2019;11:40;1;78;78158;2;3;1;6;KLEBER (RUE);48,8201000;2,1326200
201900028492;11;4;2019;19:35;1;67;67482;2;1;1;3;JEAN SEBASTIEN BACH (BOULEVARD);48,5887240;7,7788330
201900028498;10;4;2019;13:00;1;64;64348;2;3;1;3;SALIE;43,3361200; -0,3863500
201900028499;9;4;2019;14:25;1;64;64122;2;6;1;2;ROND POINT LUIS MARIANO ;43,4586000; -1,5473900
201900028506;12;4;2019;14:10;1;59;59599;2;1;1;2;LORIDANT (RUE HENRI);50,6970440;3,1472180
201900028511;5;4;2019;08:10;1;54;54395;2;1;1;6;SAINT GEORGES (RUE);48,6920190;6,1864160
201900028522;10;4;2019;08:45;1;49;49007;2;1;1;3;BEAUVAL;47,4521500; -0,5519900
201900028528;12;4;2019;06:20;4;38;38185;2;3;1;3;RUE HONORÃ DE BALZAC;45,1735500;5,7203900
201900028533;11;4;2019;20:30;1;35;35238;2;1;1;2;LORIENT (DE);48,1085100; -1,6992500
201900028540;12;4;2019;08:10;1;34;34003;2;6;1;3;CONTREBANDIERS (AVENUE DES);43,2904200;3,5140600
201900028541;10;4;2019;12:00;1;33;33063;2;1;1;3;RUE EDMOND BESSE;44,8868400; -0,5429300
201900028561;9;4;2019;17:45;1;17;17306;2;4;1;3;HEDDE (AVENUE DANIEL);45,6304600; -1,0322400
201900028587;11;4;2019;17:24;1;10;10343;2;6;1;6;CANAL (RUE DU);48,2754300;4,0888800
201900028598;13;4;2019;14:00;1;1;01451;1;3;1;3;MARBOZ RD 996 (ROUTE DE ) IMPAIR;46,2476600;5,2301100
201900028629;11;4;2019;21:50;5;75;75117;2;3;1;3;AVENUE DE LA PORTE DE CLICHY;48,8954110;2,3116660
201900028637;11;4;2019;20:10;2;75;75115;2;2;1;3;RUE DE LOURMEL;48,8437670;2,2863650
201900028642;26;7;2019;06:00;1;988;98818;2;6;1;3;OHLEN (RUE ARMAND); -22,2671400;166,4635600
201900028646;27;7;2019;19:50;1;69;69387;2;1;2;2;GERLAND (DE)                        (R );45,7333300;4,8392800
201900028647;27;7;2019;17:30;1;69;69386;2;2;2;3;JULIETTE RECAMIER                   (R );45,7644300;4,8537100
201900028649;26;7;2019;20:15;1;69;69259;2;1;1;3;IRENE JOLIOT CURIE                  (BD);45,7157900;4,8783300
201900028691;25;7;2019;18:30;1;71;71153;2;6;1;3;DE GAULLE (PLACE CHARLES);46,8074200;4,4325200
201900028698;19;7;2019;21:00;2;69;69092;2;6;1;3;SALENGRO (Boulevard Roger);46,0007500;4,7175800
201900028701;25;7;2019;17:00;1;67;67482;2;3;1;3;OBERNAI (RUE D );48,5782100;7,7330600
201900028727;26;7;2019;12:10;1;59;59560;1;1;1;2;TEMPLEMARS ROUTE DE;50,5605043;3,0477372
201900028732;24;7;2019;08:15;1;57;57672;2;1;1;6;ROBERT SCHUMANN (BOULEVARD);49,3525800;6,1750600
201900028734;27;7;2019;16:30;1;56;56260;2;3;1;3;PERRIN (RUE JEAN);47,6435900; -2,7439900
201900028750;24;7;2019;20:08;1;49;49246;2;1;1;2;GAULLE RUE CHARLES DE;47,4248300; -0,5246300
201900028758;27;7;2019;02:00;3;44;44109;2;2;8;3;AVENUE CARNOT/ RUE JEMMAPES;47,2132500; -1,5447300
201900028775;9;3;2019;15:50;1;45;45234;2;1;1;6;BD DE CHATEAUDUN;47,9144130;1,8972620
201900028803;10;3;2019;01:23;5;38;38185;2;2;2;3;RUE NESTOR CORNIER;45,1809600;5,7282700
201900028807;26;7;2019;07:30;1;26;26362;2;3;1;3;MOURETTES RUE DES;44,8926040;4,8806840
201900028809;24;7;2019;15:10;1;21;21231;2;3;1;3;MANUTENTION (DE LA) (RUE);47,3172100;5,0335500
201900028811;5;3;2019;16:43;1;38;38053;2;1;1;3;CHAMPFLEURI (ROND POINT DE);45,6020800;5,2665500
201900028831;7;3;2019;16:50;1;37;37261;2;1;1;3;VICTOIRE (RUE DE LA);47,3949968;0,6775753
201900028846;26;7;2019;13:55;1;10;10325;2;6;7;6;ROCADE OUEST (RD 610);48,2674266;4,0615294
201900028849;5;3;2019;08:10;1;35;35238;2;3;1;3;POMPIDOU ( BD GEORGES);48,0982800; -1,6881200
201900028851;27;2;2019;18:15;2;35;35238;2;9;1;3;LECLERC (AVENUE DU GENERAL);48,1146800; -1,6557300
201900028858;5;3;2019;20:45;5;34;34172;2;2;1;5;MARES (AVENUE HENRI);43,6200500;3,8512000
201900028863;7;3;2019;19:10;5;31;31557;2;1;1;1;BD FRANCOIS MITTERRAND;43,5862000;1,3354100
201900028885;5;3;2019;13:35;1;19;19031;2;3;1;3;BRUNE (RUE DU MARECHAL);45,1620000;1,5310800
201900028892;27;2;2019;14:20;1;16;16089;2;1;1;3;AVENUE D'ANGOULEME;45,6823284; -0,2939873
201900028962;8;3;2019;16:20;1;6;06004;1;6;1;3;MICHARD PELISSIER AV.JEAN;43,6151160;7,1084570
201900028985;9;3;2019;19:00;5;75;75120;2;1;1;7;BOULEVARD DAVOUT;48,8580410;2,4098960
201900028986;7;3;2019;21:05;5;75;75120;2;3;1;6;RUE DE MENILMONTANT;48,8686660;2,3896560
201900028994;15;5;2019;07:45;1;49;49007;2;1;1;6;INKERMANN;47,4656000; -0,5426100
201900028996;14;5;2019;07:40;1;49;49007;2;1;1;2;GEOFFRAY;47,4583800; -0,5450400
201900028997;13;5;2019;18:38;1;49;49007;2;1;1;3;MOULIN BOULEVARD;47,4923700; -0,5527600
201900029000;12;5;2019;15:36;1;49;49007;2;1;1;7;LETANDUERE;47,4546300; -0,5536300
201900029002;9;5;2019;08:15;1;49;49007;2;1;1;6;FOCH BOULEVARD;47,4698400; -0,5489000