Num_Acc;jour;mois;an;hrmn;lum;dep;com;agg;int;atm;col;adr;lat;long
201900029004;6;5;2019;07:37;1;49;49007;2;1;1;7;STRASBOURG BOULEVARD;47,4556600; -0,5504000
201900029007;29;4;2019;22:10;3;49;49353;2;1;1;7;PASTEUR;47,4454600; -0,4696000
201900029010;26;4;2019;07:20;2;49;49007;2;1;2;6;COTE DE BELLEVUE;47,4607800; -0,5968500
201900029017;26;5;2019;11:25;1;45;45147;1;3;1;1;BD DE LAMBALLE - R DESCARTES;47,9273500;1,9199500
201900029020;23;5;2019;09:30;1;45;45234;2;1;1;7;RUE DE PATAY;47,9085640;1,8985540
201900029030;16;5;2019;12:10;1;45;45232;2;1;1;2;RUE DE LA SOURCE;47,8589700;1,9125700
201900029031;15;5;2019;20:20;1;45;45285;2;2;1;3;R P DOUMER - VENELLE GAMBETTA;47,9068933;1,8816138
201900029034;15;5;2019;06:40;2;45;45075;2;6;7;3;ROUTE D'ORLEANS - Rue G BIZET;47,8916925;1,8426896
201900029039;13;5;2019;16:45;1;45;45075;2;1;1;1;AVENUE GEORGES POMPIDOU;47,8993820;1,8556980
201900029043;10;5;2019;17:05;1;45;45234;2;2;2;3;R DE LA BRETONNERIE - R DES ANGLAISES;47,9035500;1,9079200
201900029044;10;5;2019;13:15;1;45;45234;2;1;1;6;RUE DE LA POTERNE;47,8992700;1,9093800
201900029049;6;5;2019;09:10;1;45;45075;2;1;1;7;ROUTE D'ORLEANS;47,8929100;1,8472500
201900029056;29;4;2019;09:00;1;45;45147;2;4;1;2;BD LAMARTINE - R LOUIS LABONNE;47,9212510;1,9082900
201900029070;29;4;2019;09:40;1;44;44184;2;6;1;3;BD LAENNEC / RUE FAURE;47,2700000; -2,2391300
201900029078;22;5;2019;20:10;1;44;44109;2;1;1;3;ROUTE DE SAINTE LUCE;47,2302640; -1,5239220
201900029137;17;5;2019;10:50;1;38;38185;2;7;1;1;PLACE DOCTEUR LEON MARTIN;45,1878100;5,7276600
201900029141;5;5;2019;17:10;1;38;38185;2;1;1;3;RUE DE KAUNAS;45,1733200;5,7421000
201900029143;2;5;2019;16:20;1;38;38421;1;1;1;6;HUIT MAI 45 (AVENUE DU 8);45,1711200;5,7569300
201900029156;15;5;2019;13:45;1;37;37261;2;2;1;3;HUGO (RUE VICTOR);47,3882591;0,6833041
201900029163;11;5;2019;12:05;1;37;37214;2;1;1;7;CHANTERIE (RUE DE LA);47,4182700;0,6744000
201900029165;22;4;2019;03:15;5;37;37261;2;1;1;7;FRANCE (PLACE ANATOLE);47,3970500;0,6860600
201900029174;21;4;2019;04:05;5;37;37122;2;1;1;7;MARTYRS (RUE DES);47,3554900;0,6671200
201900029175;1;5;2019;14:20;1;37;37122;2;1;1;3;CHINON (BOULEVARD DE);47,3519400;0,6862500
201900029258;11;11;2019;15:40;1;17;17291;2;1;1;3;BELGIQUE  RUE;46,1749800; -1,1233300
201900029264;11;11;2019;01:10;5;75;75117;2;5;1;6;AVENUE DE SAINT OUEN;48,8930040;2,3274290
201900029267;11;11;2019;17:50;2;75;75111;2;1;1;3;BOULEVARD DE BELLEVILLE;48,8706120;2,3783540
201900029309;12;11;2019;07:40;1;34;34299;2;1;1;1;Rue Georges Ricard;43,2859200;3,2738370
201900029376;20;12;2019;13:20;1;35;35263;1;1;1;3;;48,6765000; -1,8950000
201900029384;13;7;2019;10:30;1;14;14294;2;3;1;1;D229;49,0980740; -0,2562910
201900029411;20;12;2019;20:50;5;74;74220;1;1;2;2;Route d'Annemasse;46,1522570;6,2522340
201900029467;19;12;2019;13:30;1;69;69383;2;1;1;1;BONNEL (DE)                         (R );45,7627500;4,8591800
201900029470;19;12;2019;17:25;5;91;91377;2;9;1;3;DIX-NEUF MARS 1962 (ROND POINT DU);48,7375770;2,2725860
201900029481;18;12;2019;16:20;5;67;67482;2;1;1;3;ANGLE (RUE DE L );48,6120500;7,7866700
201900029491;19;12;2019;18:45;5;44;44109;2;1;3;1;RUE AUGUSTIN FRESNEL;47,2420700; -1,5235200
201900029492;19;12;2019;11:50;1;38;38421;2;2;1;1;RUE DE LA CHIMIE;45,1940000;5,7676000
201900029498;18;12;2019;15:10;1;24;24037;2;1;1;2;FEYRY (AVENUE MARCEAU);44,8631700;0,4981200
201900029519;19;12;2019;09:40;1;75;75114;2;3;1;3;BOULEVARD JOURDAN;48,8214887;2,3338295
201900029520;18;12;2019;07:50;1;75;75113;2;3;8;3;QUAI FRANCOIS MAURIAC;48,8356830;2,3753800
201900029521;19;12;2019;09:20;1;75;75112;2;3;8;3;BOULEVARD PONIATOWSKI;48,8342670;2,4047240
201900029527;19;12;2019;19:10;5;75;75107;2;1;1;7;RUE DU BAC;48,8523620;2,3236245
201900029529;19;12;2019;11:30;1;75;75104;2;4;8;7;QUAI DES CELESTINS;48,8510270;2,3611270
201900029535;7;10;2019;07:30;5;35;35238;2;6;3;3;BOSPHORE (DU);48,0838340; -1,6770700
201900029538;5;10;2019;04:40;5;33;33281;2;1;1;2;AVE DE L'ARGONNE;44,8133200; -0,7181400
201900029541;4;10;2019;20:25;4;31;31555;2;1;1;1;RTE DE NARBONNE;43,5691400;1,4563100
201900029559;7;10;2019;20:10;5;75;75106;2;1;1;1;QUAI DE CONTI;48,8568023;2,3392779
201900029567;7;10;2019;10:00;1;75;75117;2;3;1;3;BOULEVARD DES BATIGNOLLES;48,8832241;2,3253237
201900029574;7;10;2019;15:00;1;75;75112;2;7;1;6;CARREFOUR DE PYRAMIDE;48,8339963;2,4455832
201900029580;7;10;2019;15:30;1;75;75104;2;3;1;6;RUE DE RIVOLI;48,8554569;2,3600888
201900029583;7;10;2019;13:30;1;94;94041;2;1;1;3;JEAN LE GALLEU (R);48,8140500;2,3765900
201900029607;7;10;2019;15:20;1;76;76408;1;1;1;3;route des mÃ©sanges - CD10;49,6168230;0,3507050
201900029641;3;10;2019;11:55;1;29;29161;2;6;1;3;Toul An Ael;47,9021690; -4,0282800
201900029677;6;10;2019;19:45;5;54;54482;2;1;2;3;CARNOT (AVENUE);48,7010330;6,2093480
201900029682;5;10;2019;12:29;1;37;37261;2;2;2;6;REPUBLIQUE (AVENUE DE LA);47,4114397;0,6896966
201900029704;5;10;2019;23:20;5;75;75103;2;1;1;3;RUE SAINT MARTIN;48,8670271;2,3544618
201900029705;6;10;2019;12:15;1;94;94017;2;1;2;7;STALINGRAD (BD DE);48,8100000;2,5000000
201900029720;7;10;2019;15:30;1;31;31065;1;1;1;7;route de RIEUMES;43,3916800;1,1519150
201900029724;25;1;2019;15:20;1;75;75110;2;1;8;6;RUE DU CHATEAU D EAU;48,8724800;2,3553820
201900029857;25;1;2019;14:45;1;37;37139;1;1;1;3;RD48;47,4261434;0,4947010
201900029883;23;1;2019;14:25;1;971;97116;1;1;1;1;Bonne terre;16,3519260; -61,4505150
201900029885;25;1;2019;11:50;1;44;44020;2;1;1;3;boulevard nelson mandela;47,1766854; -1,6192442
201900029887;24;1;2019;15:30;1;78;78616;2;1;1;2;D45;48,8713550;1,8035980
201900029905;14;1;2019;14:26;1;69;69050;1;1;1;1;chemin;45,8728400;4,6363080
201900029927;7;9;2019;19:50;2;62;62001;2;1;2;3;9 bis rue lancino;50,3900910;2,7209250
201900029928;17;6;2019;13:00;1;59;59634;2;6;1;3;route nationae wallon cappel;50,7297710;2,4761530
201900030008;29;8;2019;09:15;1;84;84007;2;6;1;3;REALPANIER (Rond point de)-MONTFAVET;43,9495095;4,8597014
201900030012;4;9;2019;08:08;1;72;72181;2;3;1;3;ESTOURNELLES DE CONSTANT PAUL (BD D');48,0166200;0,1581200
201900030013;3;9;2019;12:10;1;71;71076;2;1;1;3;AVENUE Pierre MENDES FRANCE;46,7737600;4,8413900
201900030018;24;8;2019;14:35;1;62;62516;2;2;1;3;HOUDAIN (rue);50,5474510;2,4915360
201900030024;4;9;2019;15:35;1;54;54197;1;1;1;3;RD71;48,6273290;6,2145750
201900030027;4;9;2019;08:45;1;51;51454;2;1;1;3;AVENUE DE LAON;49,2679368;4,0241343
201900030028;3;9;2019;14:00;1;49;49328;1;1;1;1;CADRE NOIR (PONT DU) N 347;47,2723000; -0,0784800
201900030030;3;9;2019;19:34;1;49;49007;2;1;1;6;PASTEUR AVENUE;47,4766800; -0,5327600
201900030032;2;9;2019;14:24;1;49;49007;2;1;1;3;GAIN ( LOUIS);47,4694700; -0,5412000
201900030033;3;9;2019;18:00;1;38;38544;2;1;1;3;CLAUDE BERNARD(QUAI);45,5395925;4,8616862
201900030036;3;9;2019;18:20;1;35;35238;1;1;1;2;ALMA (DE L');48,1018963; -1,6764398
201900030040;3;9;2019;14:15;1;31;31557;2;1;1;3;DOUMERGUE (RUE GASTON);43,5882900;1,3582000
201900030042;3;9;2019;18:15;1;29;29019;2;1;7;3;VIEUX BOURG (RAMPE DU);48,3980548; -4,4531912
201900030054;4;9;2019;08:15;1;7;07102;2;6;1;3;Jean MOULIN (Rue);44,9376300;4,8634900
201900030065;4;9;2019;16:15;1;75;75118;2;2;1;6;BOULEVARD BARBES;48,8838520;2,3494760
201900030069;4;9;2019;17:05;1;75;75115;2;7;1;3;PLACE CAMBRONNE;48,8477752;2,3015701
201900030071;3;9;2019;18:35;1;75;75114;2;1;1;3;BOULEVARD BRUNE;48,8265130;2,3110400
201900030072;4;9;2019;17:00;1;75;75113;2;2;1;3;RUE DE TOLBIAC;48,8284661;2,3729348
201900030073;4;9;2019;07:47;1;75;75113;2;3;1;3;AVENUE D ITALIE;48,8267561;2,3570893
201900030074;4;9;2019;14:30;1;75;75111;2;3;1;3;RUE DE MONTREUIL;48,8504600;2,3929370
201900030078;4;9;2019;15:45;1;75;75107;2;1;1;3;RUE DE GRENELLE;48,8578840;2,3158900
201900030080;4;9;2019;09:45;1;94;94080;2;1;1;3;EGALITE (R DE L);48,8480000;2,4280000
201900030104;26;6;2019;17:48;1;6;06088;2;1;1;6;MONT-BORON (BD DU) (A PARTIR DU 66-73);43,7040208;7,2967659
201900030118;26;6;2019;12:45;1;75;75111;2;1;2;1;BOULEVARD VOLTAIRE;48,8614040;2,3740930
201900030119;26;6;2019;08:55;1;75;75111;2;1;1;2;RUE RICHARD LENOIR;48,8542810;2,3699450
201900030120;26;6;2019;20:10;1;75;75110;2;3;1;3;QUAI DE VALMY;48,8763070;2,3642170
201900030122;26;6;2019;19:40;1;75;75108;2;1;1;3;BOULEVARD DE COURCELLES;48,8782790;2,2990690
201900030123;25;6;2019;23:30;5;75;75107;2;2;1;3;QUAI D ORSAY;48,8625900;2,3104280
201900030150;26;6;2019;08:40;1;1;01030;2;3;1;1;impasse de la sabliÃ¨re;46,0021610;4,7533740
201900030159;27;6;2019;07:20;1;61;61145;2;3;7;3;Rue Robert Massoul (Domfront);48,5872254; -0,6280341
201900030160;27;6;2019;19:45;2;42;42107;1;3;1;3;D102;45,5330480;3,9950420
201900030177;27;6;2019;16:40;1;13;13051;1;2;1;2;D15;43,6134850;5,1386960
201900030193;27;6;2019;07:00;1;16;16232;1;1;1;6;Ld Les Groies;45,6799230;0,2708910
201900030194;26;6;2019;18:20;1;33;33413;1;3;1;3;route du trompat;44,8641600; -0,3105200
201900030216;24;6;2019;21:40;1;93;93055;2;1;1;2;JEAN LOLIVE (AVENUE)(107/135 ET 108/132);48,8925300;2,4104600
201900030222;24;6;2019;08:40;1;69;69081;2;1;1;2;VERNIQUE (DE LA )              CH;45,7711000;4,7837000
201900030233;24;6;2019;11:20;1;83;83126;2;1;1;2;DE LATTRE DE TASSIGNY (RD POINT JEAN);43,1076400;5,8629100
201900030244;21;6;2019;09:40;1;73;73065;1;3;1;1;D912 ROUSSEAU JEAN JACQUES (RUE);45,5607640;5,9308855
201900030250;24;6;2019;17:25;1;65;65440;2;6;1;2;SAINT FRAI (ROND POINT);43,2288430;0,0883780
201900030262;11;4;2019;11:10;1;75;75115;2;2;1;3;RUE DUTOT;48,8382400;2,3083550
201900030274;11;4;2019;09:00;1;75;75111;2;3;1;3;BOULEVARD VOLTAIRE;48,8553090;2,3842950
201900030275;10;4;2019;23:00;5;75;75111;2;2;1;3;RUE CHANZY;48,8525200;2,3832460
201900030276;13;4;2019;09:19;1;75;75110;2;2;1;3;QUAI DE VALMY;48,8729030;2,3637390
201900030287;12;4;2019;14:50;1;75;75101;2;7;1;1;RUE DE L AMIRAL DE COLIGNY;48,8603900;2,3405810
201900030302;11;4;2019;18:00;1;94;94028;2;1;1;3;BROSSOLETTE(AVENUE PIERRE);48,7891900;2,4655700
201900030304;12;4;2019;13:25;1;94;94059;2;1;1;3;MAURICE BERTEAUX (AV);48,8158800;2,5623600
201900030326;12;4;2019;16:20;1;93;93010;2;1;1;2;BLANQUI (R. LOUIS-AUGUSTE) DE 2 A 30 COT;48,8990000;2,4810000
201900030328;11;4;2019;07:40;2;93;93001;2;3;1;3;VICTOR HUGO (AVE)  => 120;48,9062500;2,3753300
201900030344;11;4;2019;10:15;1;92;92025;2;1;1;3;GENERAL LECLERC (PLACE);48,9238639;2,2601945
201900030369;4;4;2019;09:45;1;62;62706;2;2;1;3;Rue Hennelle;50,5926594;2,7426445
201900030380;8;4;2019;22:00;3;59;59445;1;1;2;2;D963;50,0486070;4,1161710
201900030395;14;4;2019;15:45;1;12;12165;1;1;1;1;RD904;44,4938930;2,5718800
201900030412;14;4;2019;10:30;1;1;01432;1;1;1;1;Darisole;46,3377380;5,3373840
201900030417;12;4;2019;18:55;1;72;72217;2;3;7;6;Rue Principale;48,0738900;0,2253176
201900030454;5;3;2019;14:20;1;75;75117;2;3;1;3;RUE MILNE EDWARDS;48,8826460;2,2925900
201900030466;7;3;2019;09:35;1;75;75115;2;2;1;7;RUE DE LA CONVENTION;48,8453510;2,2785790
201900030472;7;3;2019;16:30;1;75;75114;2;3;2;3;RUE JULES GUESDE;48,8374870;2,3202070
201900030474;4;3;2019;09:55;1;75;75115;2;7;2;3;BOULEVARD PASTEUR;48,8403580;2,3148970
201900030476;7;3;2019;18:30;2;75;75112;2;3;2;6;BOULEVARD DIDEROT;48,8456820;2,3726780
201900030478;6;3;2019;10:45;1;75;75112;2;2;1;6;BOULEVARD DIDEROT;48,8464450;2,3789440
201900030481;6;3;2019;13:40;1;75;75111;2;3;8;3;BOULEVARD BEAUMARCHAIS;48,8594760;2,3676050
201900030482;5;3;2019;09:30;1;75;75111;2;2;1;6;RUE MORAND;48,8688410;2,3763080
201900030483;9;3;2019;14:40;1;75;75110;2;2;1;3;RUE LUCIEN SAMPAIX;48,8742750;2,3626250
201900030489;6;3;2019;18:20;3;75;75109;2;1;2;6;RUE LA FAYETTE;48,8762010;2,3451430
201900030490;6;3;2019;17:11;1;75;75102;2;7;8;6;PLACE DE L OPERA;48,8706920;2,3325260
201900030496;6;3;2019;09:30;1;75;75107;2;1;1;3;PLACE HENRY DE MONTHERLANT;48,8605930;2,3259540
201900030498;4;3;2019;14:10;1;75;75107;2;7;8;3;PLACE DE FONTENOY;48,8503510;2,3068590
201900030521;8;3;2019;07:00;1;94;94021;2;1;1;3;D'AGEN (RUE);48,7622000;2,3496300
201900030526;9;3;2019;12:40;1;94;94022;2;1;1;7;JEAN JAURES (R);48,7650500;2,4080500
201900030550;5;3;2019;09:50;1;93;93006;2;9;1;3;REPUBLIQUE AVENUE DE LA;48,8623000;2,4159000
201900030555;6;3;2019;08:40;1;93;93047;2;2;2;3;JEAN JAURES (AVENUE);48,8979300;2,5593300
201900030567;5;3;2019;08:30;1;92;92035;2;1;1;3;GÃ©nÃ©ral de Gaulle  ( avenue du );48,9090000;2,2551800
201900030581;8;3;2019;08:15;1;37;37178;2;1;1;7;la basse pointe viniÃ¨re;47,1501700;0,3967830
201900030600;4;3;2019;20:00;5;67;67448;2;1;1;2;19 route du Donon;48,4823130;7,2049250
201900030614;6;3;2019;13:20;1;89;89419;2;1;8;3;15 rue du Corbeau Blanc;47,7320380;3,3030050
201900030636;7;3;2019;11:30;1;29;29153;2;2;7;3;route de port manec'h;47,8155520; -3,7881250
201900030656;26;7;2019;08:35;1;75;75120;2;2;1;2;AVENUE GAMBETTA;48,8769855;2,4064654
201900030657;25;7;2019;00:05;5;75;75120;2;2;1;3;RUE D AVRON;48,8527070;2,4061290
201900030661;27;7;2019;00:20;5;75;75118;2;2;3;3;RUE ORDENER;48,8924080;2,3449990
201900030676;27;7;2019;13:59;1;75;75108;2;2;1;3;RUE PIERRE CHARRON;48,8705200;2,3052860
201900030679;24;7;2019;09:15;1;75;75108;2;2;1;6;PONT ALEXANDRE III;48,8646860;2,3136570
201900030682;26;7;2019;18:30;1;75;75102;2;2;1;3;RUE DU QUATRE SEPTEMBRE;48,8689211;2,3400825
201900030716;26;7;2019;21:15;2;92;92075;2;1;1;6;FABIEN (BOULEVARD DU COLONEL);48,8122100;2,2802100
201900030720;25;7;2019;19:10;1;92;92040;2;2;1;3;PAIX (AVENUE DE LA);48,8166200;2,2750000
201900030726;27;7;2019;21:25;2;92;92012;2;2;1;3;GALLIENI (RUE) 159/FIN;48,8356292;2,2324133
201900030733;27;7;2019;08:20;1;51;51262;2;1;2;1;41 RUE DU GRAND DER;48,6964677;4,5938604
201900030756;21;7;2019;09:45;1;974;97413;1;3;1;3;RN 1 A; -21,2322550;55,2973790
201900030762;28;7;2019;11:20;1;62;62799;1;1;1;2;departementale 145;50,4589280;1,7217400
201900030772;28;7;2019;09:15;1;56;56193;1;1;1;3;Kerhabonnet;47,7341190; -3,3109910
201900030774;26;7;2019;17:10;1;56;56186;2;1;1;3;Boulevard Louison Bobet;47,4749280; -3,1015280
201900030798;26;7;2019;09:10;1;29;29206;1;1;1;3;RD10;48,6501570; -4,2073020
201900030819;27;7;2019;19:50;1;64;64386;2;2;2;3;1 route de PAU;43,1892419; -0,2503662
201900030823;3;5;2019;12:14;1;36;36202;1;1;1;3;ROUTE DEPARTEMENTALE 67;46,8136816;1,6106451
201900030832;23;5;2019;19:00;1;35;35238;2;1;1;3;ROGER HENRI GUERRAND (RUE);48,0988500; -1,6985900
201900030833;22;5;2019;08:25;1;35;35238;2;1;1;2;PATTON (AVENUE DU GENERAL SIR GEORGES);48,1276872; -1,6647658
201900030842;10;5;2019;20:22;2;35;35238;2;1;2;3;ISLY (RUE D');48,1055300; -1,6775600
201900030850;5;5;2019;21:40;5;35;35238;2;1;1;3;VANEAU;48,1102090; -1,6928230
201900030856;3;5;2019;16:00;1;35;35238;2;1;1;3;JANVIER (AVENUE JEAN);48,1082900; -1,6736400
201900030858;2;5;2019;18:05;1;35;35238;2;1;1;5;GROS MALHON (AVENUE);48,1298970; -1,6841180
201900030859;2;5;2019;18:35;1;35;35238;2;3;1;3;NANTES (DE);48,1010240; -1,6851510
201900030869;27;5;2019;12:00;1;34;34172;2;1;1;3;PAVELET (AVENUE DU COLONEL);43,5852900;3,8599600
201900030872;23;5;2019;18:00;1;34;34172;2;2;1;2;PONT DE LAVERUNE (RUE DU);43,6064600;3,8370900
201900030875;23;5;2019;18:50;1;34;34172;2;2;1;3;GAMBETTA (COURS);43,6065300;3,8721900
201900030885;10;5;2019;18:25;1;34;34172;2;1;1;6;SAINT LOUIS (RUE);43,6108300;3,8666400
201900030907;29;5;2019;18:55;1;33;33249;2;3;1;2;RUE MICHEL MONTAIGNE;44,8722500; -0,5161500
201900030908;29;5;2019;16:20;1;33;33162;2;2;1;3;RUE ANDRE BLANC;44,8784530; -0,6413470
201900030910;28;5;2019;22:00;5;33;33063;2;2;1;3;PASTEUR CAUD (RUE );44,8468910; -0,6291470
201900030916;15;5;2019;07:50;1;33;33039;2;3;1;2;Rte de Toulouse/Av Farvarque;44,8045840; -0,5721500
201900030918;24;5;2019;19:48;1;33;33550;2;6;1;3;Av du MarÃ©chal Leclerc/Av de Bridgend;44,7782290; -0,5706800
201900030920;26;5;2019;10:00;1;33;33119;2;1;1;2;SCHWOB (AVE ROGER);44,8553800; -0,5188200
201900030922;12;7;2019;08:00;1;33;33063;2;1;1;3;QUAI DE BRAZZA;44,8576400; -0,5468000
201900030926;22;5;2019;12:45;1;33;33069;2;2;1;3;Av de Tivoli/R. Blanqui/R. Jean Martial;44,8660340; -0,5952460
201900030942;5;5;2019;11:30;1;33;33063;2;3;1;3;R. de CaudÃ©ran / R. de Marseille;44,8455430; -0,5944310
201900030946;30;4;2019;17:47;1;33;33063;2;3;1;3;QUAI DES CHARTRONS;44,8555400; -0,5638100
201900030948;1;5;2019;16:00;1;33;33063;2;3;1;3;RUE FONDAUDEGE;44,8478263; -0,5817219
201900030949;28;3;2019;07:40;1;33;33200;1;6;1;3;AVE DE MAGUDAS;44,8617400; -0,6967300
201900030954;25;4;2019;22:15;5;33;33550;2;3;1;2;RTE DE TOULOUSE;44,8031700; -0,5715500
201900030956;20;4;2019;15:40;1;33;33063;2;1;1;3;QUAI RICHELIEU;44,8389600; -0,5676800
201900030959;22;5;2019;14:00;1;33;33529;2;6;1;2;BD DE CAZAUX;44,6101200; -1,1331200
201900030966;22;5;2019;17:25;1;32;32013;2;1;1;7;CLAUDE DESBONS (PROMENADE);43,6556700;0,5923600
201900030969;1;5;2019;10:00;1;32;32013;2;1;1;3;PIERRE DE MONTESQUIOU (AVENUE);43,6364100;0,5894800
201900030970;28;5;2019;16:53;1;31;31557;2;1;3;1;BD GENERAL DE GAULLE;43,5846500;1,3251400
201900030972;26;5;2019;10:30;1;31;31149;1;1;1;3;ESPLANADE FRANCOIS MITTERRAND ;43,6062400;1,3349400
201900030973;24;5;2019;15:00;1;31;31557;2;1;2;1;PETIT TRAIN (RUE DU);43,5833300;1,3355400
201900030976;23;5;2019;14:10;1;31;31555;2;1;1;3;AllÃ©e Serge RAVANEL;43,5927600;1,4526100
201900030977;23;5;2019;06:50;1;31;31149;2;6;7;3;BRUNAUD (AVENUE YVES);43,6155500;1,3418700
201900030982;19;5;2019;13:40;1;31;31555;2;1;1;3;LYON (AV DE) DU 1AU 37;43,6160400;1,4532000
201900030992;13;5;2019;19:30;1;31;31555;2;1;1;3;RUE DE SAINTONGE;43,5820900;1,4114800
201900030995;12;5;2019;14:00;1;31;31555;2;4;1;3;AV CRAMPEL;43,5874400;1,4597900
201900031032;9;11;2019;12:00;1;75;75109;2;4;1;6;RUE DU FAUBOURG MONTMARTRE;48,8766588;2,3394497
201900031039;27;10;2019;09:15;1;17;17442;1;1;1;3;Route de Saintonge;45,6280960; -0,7782450
201900031053;11;11;2019;16:45;1;42;42325;1;1;1;6;D42;45,9370950;4,1352690
201900031072;4;11;2019;18:10;3;21;21540;2;6;2;3;Rue des LongÃ¨nes;47,3259640;5,0787860
201900031077;11;11;2019;14:50;1;22;22198;2;6;8;3;D21;48,7733877; -3,5203692
201900031107;9;11;2019;09:35;1;72;72181;2;1;1;3;GENDEBIEN OLIVIER (RUE);47,9605000;0,1972400
201900031111;9;11;2019;17:30;5;51;51454;2;1;1;3;RUE DE TINQUEUX;49,2491600;4,0120400
201900031120;9;11;2019;03:30;5;35;35238;2;1;1;7;SAINT-HELIER;48,1063800; -1,6682100
201900031149;9;11;2019;11:20;1;93;93029;2;2;1;3;JACQUELINE QUATREMAIRE;48,9191900;2,4605300
201900031155;9;11;2019;17:00;2;68;68162;1;2;1;3;CD1bis/CD11I/CD28;48,1347431;7,2903820
201900031165;9;11;2019;14:45;1;68;68088;1;6;1;3;route dÃ©partementale D429;47,8480560;7,2788890
201900031167;11;10;2019;09:00;1;44;44116;2;1;7;2;6 Boulevard Dumesnildot;47,2866490; -2,0256950
201900031202;19;12;2019;09:10;1;93;93045;2;1;8;6;PASTEUR AV.;48,8765000;2,4130200
201900031211;17;12;2019;17:30;5;92;92020;2;1;2;3;LIBERTE BOULEVARD DE LA NÂ° PAIRS;48,8030400;2,2900100
201900031217;18;12;2019;18:15;5;33;33088;2;1;1;3;10 Rue de la Republique;45,0152200; -0,0438200
201900031219;19;12;2019;07:45;3;76;76238;1;1;1;2;Rue de Coupeauville;49,5588577;0,2341140
201900031227;19;12;2019;20:15;3;79;79079;1;1;3;6;;46,9308100; -0,8222440
201900031255;16;12;2019;07:00;5;74;74268;2;4;1;1;Route de Sacconges;45,8843850;6,1087250
201900031271;19;12;2019;08:40;2;29;29046;1;6;2;3;Route de Quimper;48,0757690; -4,3117580
201900031295;16;12;2019;07:20;5;75;75120;2;1;3;6;BOULEVARD DAVOUT;48,8611790;2,4093470
201900031296;16;12;2019;07:30;5;75;75117;2;7;3;3;BOULEVARD BERTHIER;48,8873230;2,2978860
201900031327;16;12;2019;10:25;1;92;92062;2;1;2;3;WALLACE (BD RICHARD) DU 17 AU 91 ET DU 3;48,8805900;2,2384300
201900031333;14;12;2019;19:03;5;92;92025;2;2;1;3;GABRIEL PERI (RUE);48,9145400;2,2292090
201900031335;16;12;2019;10:15;1;92;92012;2;9;2;3;VICTOR HUGO (AVENUE) 49/FIN - 60/FIN;48,8388050;2,2466560
201900031336;21;7;2019;11:10;1;47;47256;1;3;1;5;malcournet;44,6375720;0,7984210
201900031357;16;12;2019;11:45;1;3;03138;2;1;1;7;21 rue de Verdun;46,2536056;3,6261443
201900031368;24;11;2019;11:15;1;18;18041;1;1;1;3;D64;46,6418080;2,4933880
201900031373;17;12;2019;17:35;3;17;17385;2;3;2;3;Route des AllÃ©es;45,9366690; -1,3037690
201900031374;16;12;2019;16:45;1;37;37083;2;1;1;3;4 Rue Nationale;47,2694240;0,8349090
201900031419;28;8;2019;16:00;1;74;74010;2;1;1;1;Route de Quintal;45,8565060;6,0890800
201900031467;5;10;2019;17:10;1;74;74012;2;1;1;3;BUCHILLONS (AVENUE DES);46,1982300;6,2644300
201900031477;5;10;2019;11:00;1;44;44109;2;6;1;3;CANCLAUX ( PLACE ) RUE ALFRED RIOM;47,2142100; -1,5741300
201900031494;3;10;2019;14:10;1;7;07281;2;1;1;3;TREMOLETS (RUE DES);44,9379600;4,8630600
201900031495;5;10;2019;11:11;1;7;07102;2;1;1;3;SADI-CARNOT (AV.) ;44,9313500;4,8776700
201900031496;5;10;2019;18:00;1;6;06069;2;1;1;2;LECLERC (BOULEVARD DU MARECHAL);43,6501290;6,9198990
201900031498;5;10;2019;03:30;5;75;75118;2;3;1;3;RUE DU DEPARTEMENT;48,8857448;2,3649831
201900031539;2;10;2019;18:00;2;74;74010;2;1;1;1;Route de Geneve (Pringy);45,9467840;6,1210580
201900031553;2;10;2019;19:30;1;32;32160;2;1;1;1;Impasse du Couchant;43,6116830;1,0758050
201900031559;13;9;2019;11:45;1;47;47054;2;6;7;3;Rue du 11 Novembre 1918;44,3975670;0,4950290
201900031560;5;10;2019;14:35;1;47;47051;1;2;8;3;D813, La Gravette;44,1729970;0,6912390
201900031624;22;1;2019;08:30;1;69;69386;2;2;1;3;CHARMETTES (DES)                    (R );45,7663600;4,8671400
201900031637;22;1;2019;13:40;1;66;66136;2;1;1;3;ARGELES SUR MER AVENUE D';42,6812000;2,9105900
201900031639;20;1;2019;20:30;4;62;62270;2;1;8;3;REPUBLIQUE (RUE DE LA);50,4792200;2,4795300
201900031650;21;1;2019;17:41;2;49;49007;2;2;1;3;LARREY;47,4792360; -0,5556800
201900031651;21;1;2019;07:43;2;49;49007;2;2;1;3;DE LATTRE DE TASSIGNY;47,4525300; -0,5404900
201900031657;22;1;2019;20:34;5;37;37261;2;1;2;7;MAGINOT (AV. ANDRE);47,4130000;0,6860000
201900031668;22;1;2019;09:05;1;31;31555;2;6;1;3;ROND POINT JEROME PUGENS;43,5894500;1,4787900
201900031669;21;1;2019;16:40;1;31;31555;2;4;1;3;BD MATABIAU;43,6159500;1,4386900
201900031722;15;1;2019;15:30;1;33;33093;1;1;1;7;D13;44,7270700; -0,3308700
201900031754;25;6;2019;21:10;2;44;44162;2;1;1;3;RUE DE LA JOHARDIERE;47,2272400; -1,6510200
201900031762;24;6;2019;18:00;1;31;31555;2;1;1;3;RUE DU PONT GUILHEMERY;43,6017600;1,4580700