Num_Acc;jour;mois;an;hrmn;lum;dep;com;agg;int;atm;col;adr;lat;long
201900031775;25;6;2019;13:35;1;13;13204;2;1;1;3;ALEX. FLEMING (BOULEVARD);43,3154100;5,4015500
201900031781;24;6;2019;18:10;1;12;12145;2;1;1;3;AUMIERES (ROUTE DES);44,1032380;3,0646683
201900031789;25;6;2019;19:00;1;75;75118;2;1;1;4;AVENUE DE SAINT OUEN;48,8899830;2,3264570
201900031800;25;6;2019;09:10;1;75;75108;2;1;1;7;AVENUE DE WAGRAM;48,8761970;2,2968940
201900031801;25;6;2019;16:20;1;75;75107;2;1;1;6;ALLEE JEAN PAULHAN;48,8589660;2,2960430
201900031809;4;9;2019;09:30;1;92;92026;2;1;1;3;COLOMBES;48,8985900;2,2566200
201900031813;4;9;2019;08:00;1;92;92007;2;6;1;3;RAVERA (AVENUE HENRI) NÂ° 92 A 106;48,8098300;2,3174300
201900031814;25;6;2019;19:20;1;94;94046;2;1;1;6;PROFESSEUR CADIOT (AV DU);48,8060388;2,4300433
201900031815;3;9;2019;18:30;1;31;31418;2;1;7;3;rd 70;43,6270489;1,5305128
201900031825;4;9;2019;17:45;1;74;74019;2;6;7;3;Route de Champ Moisi;45,9399000;6,1442430
201900031842;25;6;2019;15:50;1;92;92040;2;1;1;3;VICTOR CRESSON (AVENUE) DU 01 AU 27;48,8232300;2,2702000
201900031847;25;6;2019;19:30;1;92;92007;2;1;1;2;BRIAND (AVENUE ARISTIDE) NÂ° 2 A 98;48,8041915;2,3248943
201900031850;24;6;2019;18:00;1;83;83072;2;6;1;3;Rond-Point de la Liberation;43,4931970;6,3611460
201900031864;4;9;2019;18:45;1;5;05010;2;1;1;3;Aiguebelle;44,5253160;5,7723640
201900031866;25;6;2019;15:00;1;76;76238;2;3;1;3;53 Rue Roger Cuvelier;49,5630690;0,2339620
201900031875;27;8;2019;10:00;1;87;87027;1;1;2;7;Fayollas;45,6135870;1,0003590
201900031906;4;9;2019;17:25;1;84;84138;1;1;1;2;Route de Richerenches;44,3734680;4,9369510
201900031912;5;9;2019;11:10;1;67;67544;2;9;1;1;33 Rue de la PÃ©piniÃ¨re;49,0267760;7,9461820
201900031913;2;9;2019;08:00;1;54;54509;2;4;1;3;41 rue de lorraine;48,6313470;6,3723440
201900031934;18;6;2019;10:40;1;28;28051;2;2;1;7;Rue des Ãcoles;48,1827190;1,3898390
201900031955;3;9;2019;14:30;1;69;69264;2;6;1;3;FRANS ROUTE DE;45,9840900;4,7389100
201900031963;2;9;2019;22:10;5;974;97411;2;6;1;3;JAURES (BLD 2 JEAN); -20,8977900;55,4755000
201900031965;2;9;2019;20:55;5;974;97407;2;6;1;2;ROND POINT DES DANSEUSES; -20,9498200;55,3016400
201900031967;3;9;2019;10:29;1;973;97302;2;3;1;6;FELIX EBOUE(ROCADE);4,9272489; -52,3195231
201900031970;3;9;2019;21:15;5;69;69387;2;3;1;3;YVES FARGES                         (BD);45,7373900;4,8291400
201900031976;25;6;2019;10:50;1;42;42041;1;1;1;2;D 107;45,6966850;4,1754930
201900031985;2;9;2019;09:10;1;85;85194;2;6;1;3; BOULEVARD DU VENDEE GLOBE ;46,4922300; -1,7500000
201900031999;30;8;2019;14:05;1;67;67365;2;3;7;3;ETTORE BUGATTI (RUE);48,5377440;7,6952210
201900032022;3;9;2019;19:10;1;54;54304;1;1;1;3;MOSELLE (RUE DE LA);48,6988170;6,1333760
201900032030;2;9;2019;20:05;1;37;37122;2;3;1;3;PILON (RUE GERMAIN);47,3461811;0,6567455
201900032034;31;5;2019;12:45;1;49;49007;2;1;1;3;GEOFFRAY;47,4583187; -0,5451834
201900032035;2;9;2019;19:45;1;35;35238;2;1;1;7;METZ (BD DE);48,1213000; -1,6622000
201900032037;5;4;2019;18:00;1;44;44109;2;1;2;3;BOULEVARD JEAN MOULIN;47,2061200; -1,6014000
201900032063;24;6;2019;08:30;1;69;69276;2;3;1;1;BEAUREGARD (DE)                 CH;45,6767000;4,8579300
201900032086;3;9;2019;15:35;1;75;75114;2;1;1;3;AVENUE DU GENERAL LECLERC;48,8284772;2,3274158
201900032097;2;9;2019;20:00;2;94;94046;2;1;1;3;GENERAL LECLERC (AV DU);48,8118200;2,4297100
201900032118;6;3;2019;17:55;2;3;03072;2;1;8;3;;46,4831668;2,5258305
201900032169;9;3;2019;12:25;1;973;97309;2;3;1;3;route d'Attila Cabassou;4,8856356; -52,2965774
201900032178;7;3;2019;18:00;2;69;69033;1;1;1;2;RD 85;45,8622500;4,8935800
201900032193;27;2;2019;16:30;1;974;97408;2;3;1;3;intersection rue Pierre Rossolin-chemin boeuf mort; -20,9444770;55,3386170
201900032209;13;4;2019;16:50;1;67;67130;1;1;2;5;Rue du Canal;48,4227840;7,6978310
201900032215;12;4;2019;16:30;1;74;74042;2;2;1;1;avenue de la roche Parnale;46,0784436;6,4007643
201900032221;7;3;2019;08:00;1;13;13015;2;3;1;1;ROUTE DE CALAS;43,4543150;5,3953950
201900032234;13;4;2019;11:30;1;29;29022;2;6;1;3;rue de la gare;48,2723490; -4,5956590
201900032362;4;3;2019;07:35;1;974;97416;2;3;1;2;PRESBYTERE (RUE DU); -21,3353800;55,4745800
201900032376;2;3;2019;11:50;1;87;87085;2;1;1;3;BEL AIR (BOULEVARD DE);45,8191200;1,2512200
201900032382;10;4;2019;12:50;1;69;69383;2;2;1;3;PAUL BERT                           (R );45,7570400;4,8585900
201900032394;6;4;2019;13:00;1;78;78640;2;1;1;3;ARISTIDE BRIAND (RUE), NÂ°4;48,7855100;2,1890100
201900032399;10;4;2019;14:15;1;65;65440;2;6;1;3;HOPITAL (ROND POINT DE L');43,2213000;0,0582500
201900032403;9;4;2019;21:55;5;64;64102;2;1;1;1;AVENUE DE L' AQUITAINE;43,4857826; -1,4734707
201900032414;10;4;2019;13:00;1;45;45235;2;1;1;3;RUE DES CHATAIGNIERS;47,9509852;1,8431068
201900032420;4;4;2019;18:15;1;33;33281;2;2;1;3;AVE DE MAGUDAS;44,8561600; -0,6495200
201900032421;2;4;2019;17:30;1;33;33522;2;1;1;6;CRS DE LA LIBERATION;44,8120400; -0,5908000
201900032423;9;4;2019;17:23;1;32;32013;2;1;1;6;ETIGNY (RUE D');43,6461900;0,5831900
201900032429;9;4;2019;07:30;1;29;29019;2;6;1;3;BACH JEAN SEBASTIEN;48,3926400; -4,5232000
201900032441;10;4;2019;22:15;5;75;75119;2;3;1;3;BOULEVARD DE LA VILLETTE;48,8843410;2,3668690
201900032442;10;4;2019;16:40;1;75;75119;2;1;2;3;RUE GASTON TESSIER;48,8960320;2,3741710
201900032460;8;4;2019;21:36;5;75;75101;2;3;1;3;AVENUE DE L OPERA;48,8665490;2,3340750
201900032482;25;7;2019;07:49;1;43;43038;1;3;7;3;RN102 BarliÃ©res;45,3486160;3,3419870
201900032515;26;7;2019;09:10;1;38;38289;1;1;1;3;D44A;45,1438700;6,0581800
201900032526;28;7;2019;04:10;3;988;98814;1;1;8;6;RM3; -20,7778900;167,1284600
201900032528;26;7;2019;10:40;1;971;97131;2;2;1;7;Rue BenoÃ®t Cassin;15,8645390; -61,5840650
201900032532;28;7;2019;11:10;1;84;84004;1;2;1;3;Route de Caromb;44,0997250;5,0614700
201900032533;24;7;2019;12:17;1;13;13081;1;6;1;2;RD20;43,5043580;5,2207080
201900032542;26;7;2019;09:30;1;3;03298;2;1;1;3;98 avenue de Chazeuil;46,3170801;3,3953399
201900032544;27;7;2019;14:20;1;63;63077;1;1;2;1;D 996;45,5740651;2,8861494
201900032557;26;7;2019;18:20;1;69;69153;2;3;1;3;Route d'AmpÃ¨re;45,8523992;4,7960784
201900032571;28;7;2019;19:10;1;76;76130;1;1;1;7;1090 route de Neufchatel;49,7071088;1,4918661
201900032627;23;7;2019;17:30;1;72;72181;1;1;1;3;MAC JEAN (AV) NÂ° IMP 107 ET plus;47,9790200;0,2255200
201900032631;23;7;2019;15:30;1;67;67482;2;1;1;5;RHIN (AVENUE DU);48,5695960;7,7804700
201900032636;23;7;2019;15:10;1;64;64445;2;3;1;7;CORISANDE;43,2965000; -0,3752400
201900032646;24;7;2019;07:05;1;35;35278;2;6;1;3;CHESNAIS BEAUREGARD (RUE DU);48,1374620; -1,6864830
201900032649;24;7;2019;07:40;1;34;34003;1;1;1;3;SETE ( ROUTE);43,3106600;3,5185200
201900032675;19;5;2019;11:55;1;29;29232;1;1;1;5;BENODET ROUTE DE;47,9397068; -4,0711050
201900032696;23;5;2019;23:10;3;27;27375;1;1;2;2;PARIS (ROUTE DE);49,2023200;1,2009100
201900032699;25;5;2019;19:05;1;27;27229;2;1;1;3;ROUSSEAU (RUE JEAN JACQUES);49,0066600;1,1576600
201900032700;16;5;2019;12:25;1;26;26058;2;1;1;2;LYON AVENUE DE;44,9500600;4,8920600
201900032703;30;4;2019;08:00;1;26;26362;1;3;1;2;FAUCONNIERES ROUTE DE;44,9468000;4,9548200
201900032710;15;5;2019;18:25;1;25;25462;2;1;1;1;CHARDONNET (COMTE DE);46,9112800;6,3529400
201900032713;4;5;2019;11:46;1;25;25462;2;1;8;6;SALINS DE (DU 0 AU 15);46,9057500;6,3497800
201900032714;23;5;2019;14:00;1;25;25056;2;1;1;3;TARRAGNOZ FAUBOURG;47,2251700;6,0318800
201900032716;21;5;2019;23:40;5;25;25056;2;1;1;1;ORME DE CHAMARS RUE DE L';47,2368900;6,0221000
201900032717;20;5;2019;23:13;5;25;25056;2;2;8;3;CHURCHILL BD WINSTON (sup19);47,2463400;5,9980800
201900032728;15;5;2019;19:55;1;22;22278;1;1;1;7;NOGUES (MAURICE);48,5181100; -2,8099300
201900032734;14;5;2019;10:50;1;22;22113;2;1;1;3;TREGASTEL (ROUTE DE);48,7630090; -3,4726179
201900032737;23;4;2019;08:50;1;22;22113;2;3;1;3;RESISTANCE (AVENUE DE LA);48,7505800; -3,4602600
201900032764;30;4;2019;19:30;1;17;17380;2;1;1;2;VERDUN (74 AVENUE DE);45,6586340; -1,0758270
201900032767;28;5;2019;09:20;1;17;17300;2;1;1;6;SCHWEITZER   RUE DU DOCTEUR ALB;46,1582300; -1,1438700
201900032772;22;5;2019;21:35;1;17;17300;2;1;1;6;VIELJEUX   RUE LEONCE;46,1579100; -1,1555800
201900032774;21;5;2019;12:20;1;17;17291;1;1;1;3;JUIN 18  RUE;46,1761900; -1,1114800
201900032775;16;5;2019;17:25;1;17;17300;2;1;1;3;MONNET   AVENUE JEAN;46,1473500; -1,1518300
201900032783;2;5;2019;17:00;1;17;17300;2;3;1;3;CHAUDRIER   RUE;46,1627600; -1,1523900
201900032784;2;5;2019;08:30;1;17;17300;2;1;1;3;SAINT-LOUIS   RUE;46,1612700; -1,1455200
201900032786;29;4;2019;09:30;1;17;17300;2;2;1;3;YSER   RUE DE L';46,1694310; -1,1480540
201900032787;18;5;2019;07:50;1;17;17299;1;6;2;3;PREE DES CANONS ROND-POINT;45,9234140; -0,9692010
201900032788;10;5;2019;08:30;1;17;17299;2;6;1;3;VAUBAN ROND POINT;45,9305800; -0,9606600
201900032799;27;5;2019;18:35;1;14;14118;2;1;1;3;VENDEUVRE (QUAI);49,1830300; -0,3557900
201900032859;4;11;2019;13:00;1;63;63113;2;1;1;6;PREVOST (RUE ABBE);45,7933884;3,0842028
201900032889;14;12;2019;17:40;3;4;04197;1;4;1;2;RD 4096 / Vieux ch de Manosque;43,8028210;5,7784700
201900032901;7;11;2019;07:40;2;76;76540;2;2;1;3;NEUFCHATEL. ROUTE DE;49,4487700;1,0995200
201900032934;8;11;2019;20:20;5;64;64445;2;1;2;6;RESISTANCE;43,3025000; -0,3752800
201900032941;15;12;2019;08:30;1;972;97209;2;6;1;3;ROND POINT DU VIET-NAM-HEROIQUE (ECHANGE;14,6114800; -61,0785300
201900032954;7;11;2019;13:58;1;49;49007;2;1;1;7;MUSSES CHEMIN;47,4565900; -0,5704000
201900032956;7;11;2019;18:40;2;49;49267;2;1;2;1;BOUVINERIE;47,4819100; -0,4915700
201900032957;7;11;2019;20:30;4;49;49007;2;1;2;3;MAINE;47,4757900; -0,5491800
201900032988;8;11;2019;18:10;5;29;29019;2;1;1;1;VILLENEUVE (PONT);48,4046007; -4,5231639
201900032990;15;12;2019;15:17;1;30;30189;2;1;1;3;ALLENDE SALVADOR (RUE);43,8485053;4,3988358
201900032992;7;11;2019;11:34;1;26;26362;2;2;1;3;JONCHERE RUE;44,9318200;4,8938900
201900033018;15;12;2019;16:10;1;75;75116;2;1;1;6;ROUTE DES TRIBUNES;48,8578254;2,2288065
201900033023;6;11;2019;16:02;1;5;05061;2;9;3;3;SAGNIERES ( RUE DES );44,5498300;6,0651900
201900033034;8;11;2019;16:30;1;75;75106;2;4;1;3;RUE DE RENNES;48,8502790;2,3299380
201900033036;7;11;2019;10:30;1;75;75106;2;4;1;2;RUE NOTRE DAME DES CHAMPS;48,8418703;2,3322345
201900033037;8;11;2019;13:40;1;75;75120;2;1;1;6;RUE VITRUVE;48,8591510;2,4064600
201900033040;7;11;2019;13:00;1;75;75119;2;4;1;6;RUE MANIN;48,8847539;2,3922281
201900033046;8;11;2019;16:10;1;75;75116;2;3;1;6;RUE DE PASSY;48,8579035;2,2807574
201900033051;8;11;2019;12:02;1;75;75115;2;2;1;3;RUE EMERIAU;48,8496240;2,2861540
201900033053;7;11;2019;09:15;1;75;75115;2;1;1;7;BOULEVARD LEFEBVRE;48,8322300;2,2896000
201900033058;8;11;2019;10:56;1;75;75109;2;1;1;3;RUE DE DOUAI;48,8814238;2,3356149
201900033087;7;11;2019;08:55;1;92;92036;2;4;1;6;PRINCIPALE DU PORT (ROUTE) (2>S/SA15);48,9397543;2,3023635
201900033096;15;12;2019;11:40;1;59;59641;1;2;1;1;Route de la Colme;50,9880970;2,5282030
201900033098;15;12;2019;17:19;3;30;30226;1;9;1;2;RD 86;44,2368020;4,6380070
201900033104;3;12;2019;15:25;1;49;49307;1;8;1;7;Rue de la Marsaulaye;47,4253220; -0,3434963
201900033112;16;12;2019;14:30;1;16;16103;1;4;1;7;Clos de Nodoux;45,5181950;0,4295410
201900033116;11;12;2019;16:40;5;67;67291;2;6;3;2;Rue de la Liberte;48,8649590;7,6814930
201900033126;15;12;2019;05:40;3;973;97303;1;1;1;3;N1;5,4786300; -53,1949470
201900033138;13;12;2019;10:45;1;85;85178;2;6;1;3;2 Rue de la Croix Bouet;46,7704100; -1,5056670
201900033168;14;12;2019;18:30;3;972;97209;2;1;1;3;AVE CAMILLE DARSIERES;14,5992900; -61,0508900
201900033183;14;12;2019;09:10;1;56;56260;2;3;1;3;MARTIN(RUE JEAN);47,6542000; -2,7489700
201900033184;5;10;2019;17:20;1;34;34192;2;3;1;5;Avenue de l'Eveche de Maguelone;43,5229610;3,9190620
201900033188;5;10;2019;15:22;1;3;03062;1;2;8;2;;46,1885011;3,1852195
201900033216;5;10;2019;17:15;1;22;22173;1;3;1;3;le val;48,5453150; -2,5957200
201900033232;22;7;2019;21:20;1;54;54300;2;1;1;2;GALTIER (RUE LUCIEN);48,6633970;6,2191490
201900033242;4;10;2019;08:55;1;69;69387;2;2;1;6;GUILLOTIERE (DE LA)                 (GR);45,7521000;4,8466400
201900033247;3;10;2019;12:28;1;95;95051;2;1;1;3;RUE DENIS PAPIN;49,0172070;2,1775780
201900033260;3;10;2019;15:20;1;72;72181;2;1;1;2;ZOLA EMILE (BD) NÂ° IMP 69 A 171;47,9925100;0,2042900
201900033279;2;10;2019;18:41;1;49;49007;2;1;1;3;RABELAIS;47,4578400; -0,5445500
201900033280;4;10;2019;19:51;5;42;42044;2;1;1;1;GAFFARD (AVENUE DE);45,3865148;4,3078461
201900033284;4;10;2019;05:16;5;37;37261;2;1;2;6;PROUDHON (AVENUE);47,3940000;0,6690000
201900033318;4;10;2019;17:04;1;10;10362;2;1;1;3;ERIC TABARLY (RUE);48,2960000;4,0394100
201900033331;3;10;2019;14:15;1;75;75103;2;4;1;2;RUE DE TURENNE;48,8636199;2,3646791
201900033332;4;10;2019;12:15;1;75;75120;2;4;8;3;RUE DE LA JUSTICE;48,8690599;2,4088319
201900033339;4;10;2019;18:45;1;75;75115;2;3;1;3;BOULEVARD GENERAL MARTIAL VALIN;48,8383398;2,2707986
201900033341;4;10;2019;16:15;1;75;75113;2;1;1;6;BOULEVARD KELLERMANN;48,8208509;2,3555582
201900033354;4;10;2019;17:00;1;94;94046;2;1;1;6;REPUBLIQUE (AV DE LA);48,8076000;2,4471900
201900033359;4;10;2019;19:10;2;94;94028;2;1;8;3;POMPADOUR.(CHEMIN DE LA);48,7721070;2,4315810
201900033380;24;6;2019;09:50;1;60;60057;2;6;1;3;MARCEL DASSAULT (AVENUE) - PAIR -;49,4520205;2,0989902
201900033381;24;6;2019;21:23;1;59;59350;2;2;1;6;FAUBOURG DE DOUAI NÂ°1-81/2-140;50,6131200;3,0750100
201900033385;24;6;2019;14:10;1;51;51172;2;1;1;3;VOIE VERTE;49,2163100;4,0514100
201900033391;21;6;2019;19:32;1;49;49007;2;1;1;6;JERUSALEM;47,4736100; -0,5309300
201900033402;21;6;2019;13:10;1;34;34032;2;9;9;3;BADIE VINCENT (RD POINT);43,3477300;3,2524100
201900033441;24;6;2019;19:30;1;75;75111;2;1;1;6;BOULEVARD VOLTAIRE;48,8642280;2,3693370
201900033445;24;6;2019;14:07;1;75;75104;2;1;1;3;BOULEVARD BOURDON;48,8500150;2,3668720
201900033463;23;6;2019;22:45;5;93;93066;2;9;1;1;"""PERI GABRIEL, NR 116 A 144 ET 135 A 149";48,9434500;2,3570100
201900033468;22;6;2019;15:45;1;92;92025;2;1;1;1;CHARLES DE GAULLE (BD);48,9138196;2,2300241
201900033469;22;6;2019;14:25;1;92;92023;2;1;1;3;PORTE DE TRIVAUX (RUE DE) NÂ°57 A 197 ET;48,7864200;2,2439700
201900033471;24;6;2019;14:35;1;92;92012;2;1;1;2;ANATOLE FRANCE (BOULEVARD) 1/4BIS;48,8505800;2,2362900
201900033476;19;6;2019;18:30;1;67;67362;1;1;1;7;Col du Haut-Koenigsbourg -- RD159;48,2470180;7,3336930
201900033481;25;6;2019;07:50;1;62;62043;2;1;1;2;chemin latÃ©rale;50,9009210;1,9423960
201900033486;24;6;2019;11:45;1;71;71580;1;1;1;3;1936 route du moulin;46,6629590;5,2192910
201900033487;25;6;2019;13:15;1;89;89201;2;2;1;3;Carrefour RD203-RD91;47,9234030;3,6524320
201900033493;24;6;2019;08:30;1;39;39149;2;1;1;1;;47,0208570;5,7174310
201900033495;23;6;2019;10:40;1;31;31396;1;6;1;2;RD 19;43,3556730;1,6228400
201900033497;19;6;2019;10:15;1;66;66106;2;6;1;3;RD618;42,4902658;2,8026526
201900033511;24;6;2019;17:15;1;91;91200;1;9;1;3;Rue de la Gambade;48,5426770;1,9943760
201900033512;17;6;2019;14:20;1;78;78128;1;1;1;3;d24;48,6795080;1,9452570
201900033522;25;6;2019;10:00;1;63;63417;1;1;1;5;RD 943;45,8468282;3,0231500
201900033524;24;6;2019;09:49;1;38;38200;2;3;1;3;MontÃ©e de la Creuse;45,0996620;5,7417870
201900033563;21;1;2019;06:45;2;974;97407;1;1;1;2;VOIE DE LIAISON PORTUAIRE EST/ OUEST; -20,9275800;55,2953600
201900033570;21;1;2019;08:45;1;91;91345;2;1;9;2;SAVIGNY (RUE DE);48,6883310;2,3227500
201900033590;21;1;2019;21:30;5;68;68149;2;3;1;3;ABBATUCCI ( RUE ET PLACE );47,5936800;7,5811100
201900033601;20;1;2019;08:45;1;56;56121;2;1;1;7;EMBELLIE (RUE  DE L' );47,7597000; -3,3943600
201900033612;21;1;2019;13:00;1;35;35281;1;3;1;5;RD 634;48,0698700; -1,7103900
201900033644;21;1;2019;20:45;5;75;75113;2;7;1;2;PLACE D ITALIE;48,8312710;2,3562640
201900033645;21;1;2019;14:20;1;75;75113;2;1;1;3;RUE DE SAINTE HELENE;48,8185890;2,3524930
201900033648;21;1;2019;17:20;2;75;75101;2;5;1;3;RUE DE SEZE;48,8699120;2,3280070
201900033722;30;8;2019;18:45;1;30;30060;2;1;1;1;215 rue de l'abrivado;43,7957080;4,3778180
201900033724;2;9;2019;23:20;3;30;30356;1;1;1;2;RD999;43,8328850;4,4301250
201900033731;3;9;2019;15:12;1;2;02810;1;3;1;3;Route de ViviÃ¨res;49,2655030;3,0999760
201900033732;4;9;2019;08:50;1;26;26108;2;3;1;3;Avenue FÃ©lix Rozier;44,7352780;5,0099190
201900033739;31;8;2019;18:03;1;85;85234;2;1;1;6;Rue Auguste LepÃ¨re;46,7845500; -2,0707900
201900033753;3;9;2019;19:15;2;91;91017;2;1;1;1;21 Grande Rue;48,5919140;2,0671080
201900033759;3;9;2019;20:50;3;67;67046;2;6;1;3;Route de Strasbourg;48,7524190;7,8476050
201900033763;4;9;2019;14:15;1;64;64230;2;1;1;2;Chemin de Lacau;43,2369120; -0,3911960
201900033764;20;2;2019;04:56;3;44;44026;1;1;1;2;D37;47,2877340; -1,4640390
201900033792;2;9;2019;10:35;1;69;69381;2;1;1;6;JEAN MOULIN                         (QU);45,7679100;4,8378800
201900033805;30;8;2019;14:05;1;76;76351;1;6;1;6;JEAN JACQUES ROUSSEAU (PONT);49,4919900;0,1326800
201900033807;31;8;2019;17:30;1;76;76351;2;2;1;3;MARYSE BASTIE;49,5242800;0,0968600
201900033811;31;8;2019;12:45;1;67;67482;2;1;1;6;CERVANTES (AVENUE);48,5930500;7,6983300
201900033815;31;8;2019;11:45;1;64;64024;2;1;8;7;BIARRITZ (AVENUE DE);43,4804000; -1,5281000
201900033819;2;9;2019;07:50;1;51;51454;2;6;1;3;AVENUE FRANCOIS MAURIAC;49,2335218;3,9992514
201900033822;2;9;2019;18:30;1;44;44109;2;1;1;6;RUE L'OUCHE DE VERSAILLES;47,2289400; -1,5548400
201900033823;28;8;2019;03:05;5;44;44055;2;2;1;3;AVENUES SAINT GEORGES / VERNE;47,2723100; -2,3480320
201900033825;27;8;2019;16:00;1;35;35238;2;6;1;3;GRAFF (AVENUE GEORGES);48,0900400; -1,6909300
201900033828;2;9;2019;15:50;1;34;34198;2;1;1;3;D21  ROUTE DE CARNON;43,5825593;3,9256348
201900033831;1;9;2019;20:20;1;31;31555;2;1;1;6;AV HONORE SERRES;43,6142000;1,4378900
201900033839;2;9;2019;18:35;1;15;15014;2;4;1;1;REPUBLIQUE (AVENUE DE LA);44,9231290;2,4362600
201900033845;30;8;2019;23:50;5;11;11262;2;1;1;2;AUGE (BOULEVARD DU DR LEON);43,1806200;2,9752900
201900033883;2;9;2019;13:30;1;62;62271;2;1;1;4;11 Rue d'Upen;50,6368300;2,1889370
201900033886;2;9;2019;14:10;1;62;62748;2;3;7;2;58 Rue de Calais;50,9442360;2,1267170
201900033909;10;2;2019;06:40;5;59;59350;2;1;1;2;CAMBRAI RUE DE NÂ°PAIRS;50,6243600;3,0698000
201900033913;3;3;2019;09:45;1;51;51454;2;6;1;4;PLACE DES COMBATTANTS D'AFN;49,2195754;4,0211625
201900033925;4;3;2019;13:36;1;34;34172;2;2;1;3;MAURIN (AVENUE DE;43,5997000;3,8757100
201900033930;3;3;2019;12:05;1;29;29232;2;1;3;3;PONT L'ABBE ROUTE DE;47,9808333; -4,1212528
201900033939;4;3;2019;09:00;1;10;10297;2;1;6;6;ANATOLE FRANCE (RUE);48,3207100;4,0973600
201900033943;4;3;2019;09:20;1;75;75118;2;4;8;6;BOULEVARD ORNANO;48,8936630;2,3479490
201900033945;3;3;2019;18:05;2;75;75114;2;2;1;3;RUE JULIA BARTET;48,8254580;2,3023080
201900033990;5;3;2019;12:30;1;16;16032;1;1;1;3;Ld Le Grand Lopin;45,6569780; -0,0936850
201900033993;3;3;2019;11:10;1;17;17018;1;1;1;7;D111;46,0569060; -0,8788250
201900034001;5;3;2019;09:00;1;33;33005;2;2;1;3;Rue des Marins / Av du Bois;44,7427900; -1,0943500
201900034009;5;3;2019;14:20;1;22;22093;1;1;6;6;Lieu-dit La Garde;48,4554195; -2,5363441
201900034022;23;2;2019;12:31;1;49;49267;2;2;1;3;PELLERINIERE;47,4611300; -0,4899100
201900034048;14;2;2019;16:40;1;92;92025;2;2;1;3;VOIES DU BOIS (RUE DES);48,9152300;2,2466890
201900034070;24;2;2019;11:00;1;974;97411;2;2;1;3;NICE (RUE DE); -20,8728400;55,4512000
201900034072;28;2;2019;18:08;1;974;97409;2;3;1;3;1er SECT STA; -20,9746900;55,6816600
201900034075;1;3;2019;09:30;1;974;97407;1;1;1;3;RUE VERLAINE; -20,9375000;55,3158000
201900034079;2;4;2019;14:50;1;2A;2A212;1;1;1;6;Fer Ã  Cheval;42,2556376;8,6697597
201900034095;11;4;2019;11:00;1;84;84030;1;1;1;7;D938;44,1301780;5,1009730
201900034108;8;4;2019;09:30;1;31;31263;2;2;1;3;Rue du Pont de Mont Merly;43,4080260;1,3856430
201900034121;7;4;2019;19:00;1;95;95060;2;1;1;1;CARNOT (RUE);49,0165500;2,2001700
201900034122;8;4;2019;08:01;1;49;49007;2;1;1;6;RABELAIS;47,4635800; -0,5481600
201900034123;28;1;2019;14:09;1;41;41018;2;7;1;1;TOURVILLE (RUE DU MARECHAL DE);47,5893900;1,3059700
201900034131;6;2;2019;06:45;5;93;93046;2;6;2;3;BOSQUETS ROND POINT DES;48,9264090;2,5408180
201900034132;12;1;2019;16:55;2;93;93001;2;2;2;3;BERNARD ET MAZOYER (RUE)   => 21/24;48,9122400;2,3811400
201900034145;8;4;2019;19:30;4;974;97416;2;3;1;1;STADE(RUE DU); -21,3286300;55,4813000
201900034151;7;4;2019;18:20;5;974;97407;2;1;1;3;19 MARS 1946(AVENUE DU); -20,9497900;55,2971800
201900034154;9;4;2019;07:22;1;69;69387;2;2;1;3;TONY GARNIER                        (AV);45,7316000;4,8239200
201900034162;8;4;2019;09:40;1;69;69384;2;5;1;3;ENTREPOTS (DES)                     (R );45,7756500;4,8105800
201900034176;9;4;2019;09:50;1;86;86194;2;3;1;3;IASSY (AVENUE DE);46,5736865;0,3918225
201900034182;8;4;2019;11:00;1;78;78440;2;1;1;2;HENRI DUNANT (RUE);48,9935000;1,9123100
201900034190;2;4;2019;17:51;1;68;68066;2;9;1;3;ROUFFACH (ROUTE DE);48,0657000;7,3420000
201900034196;6;4;2019;17:00;1;64;64102;2;6;1;3;GIRATOIRE LES PONTOTS ;43,4881900; -1,4916700
201900034200;26;3;2019;12:50;1;59;59350;2;1;1;3;MONTEBELLO BD PAIRS DE 78 -196;50,6206200;3,0469900
201900034206;6;4;2019;01:25;3;56;56107;2;1;1;6;LE PORT (ROGER BOULEVARD);47,7194000; -3,3745000
201900034208;6;4;2019;10:00;1;50;50602;2;2;1;3;CROIX MOREL (RUE DE LA);49,6486100; -1,5760500
201900034209;6;4;2019;12:00;1;50;50602;2;3;1;3;BOUIN (RUE JEAN);49,6335400; -1,5861700
201900034214;6;4;2019;15:46;1;49;49007;2;1;1;3;BON PASTEUR BOULEVARD;47,4727900; -0,5769000
201900034229;9;4;2019;18:00;1;38;38185;2;2;1;3;BOULEVARD CLEMENCEAU;45,1857300;5,7428000
201900034242;8;4;2019;11:30;1;30;30189;2;1;1;1;RONDES (CHEMIN);43,8727300;4,3570400
201900034261;24;7;2019;03:45;3;11;11069;1;1;1;2;RD 6113;43,2117260;2,3873660
201900034274;23;7;2019;10:00;1;75;75115;2;3;1;7;QUAI DE GRENELLE;48,8536990;2,2876780
201900034276;24;7;2019;10:20;1;75;75109;2;7;1;3;PLACE KOSSUTH;48,8760420;2,3402080
201900034279;23;7;2019;16:10;1;94;94068;2;1;1;1;PARC (QU DU);48,8100100;2,4985700
201900034294;21;7;2019;12:35;1;92;92072;2;1;1;7;ALBERT DAMOUSE (RUE);48,8183500;2,2161100
201900034300;25;7;2019;17:00;1;63;63163;2;1;1;3;Tracros;45,7856654;2,7485565