Num_Acc;jour;mois;an;hrmn;lum;dep;com;agg;int;atm;col;adr;lat;long
201900037302;26;8;2019;10:35;1;2B;2B033;2;9;1;3;CAP - ROUTE DU CAP;42,7094500;9,4544200
201900037307;28;8;2019;15:20;1;2A;2A004;2;1;1;3;MARECHAL LYAUTEY AVENUE PAIR;41,9389000;8,7455000
201900037326;24;8;2019;19:01;1;87;87050;1;1;1;6;BELLEGARDE(RUE DU PETIT);45,8758500;1,1914800
201900037332;26;8;2019;13:20;1;85;85194;2;6;1;3;RUE GEORGES CLEMENCEAU ;46,4996500; -1,7564500
201900037333;30;8;2019;10:25;1;85;85191;2;1;1;3;RUE OLOF PALME ;46,6580900; -1,4202900
201900037337;28;8;2019;17:15;1;80;80021;2;1;1;3;PAUL CLAUDEL (AVENUE);49,8753100;2,2799600
201900037351;29;8;2019;13:52;1;76;76270;2;6;1;2;JEAN JAURES;49,5300900;0,1431600
201900037369;31;8;2019;10:50;1;69;69091;2;1;1;2;NEUVE  ( RTE );45,5840400;4,7671400
201900037372;24;8;2019;17:40;1;67;67482;2;3;1;3;RHIN (ROUTE DU);48,5733840;7,7980020
201900037375;29;8;2019;10:04;1;66;66136;2;1;1;1;JULIEN PANCHOT (AVENUE);42,6871200;2,8704000
201900037381;27;8;2019;12:00;1;64;64483;2;9;1;3;LARRAMENDY PIERRE (AVENUE);43,3835900; -1,6598900
201900037383;31;8;2019;17:20;1;64;64445;2;1;1;6;FEDERICO GARCIA LORCA;43,3087200; -0,3548200
201900037386;30;8;2019;10:00;1;63;63300;2;6;1;3;RD 2009;45,9066900;3,1252800
201900037403;30;8;2019;09:25;2;56;56121;2;6;1;6;SVOB ( BD EMMANUEL);47,7515200; -3,3694000
201900037407;31;8;2019;10:44;1;54;54395;2;1;1;1;LORRAIN (QUAI CLAUDE;48,6964040;6,1707370
201900037415;26;8;2019;18:55;1;54;54395;2;1;1;7;STANISLAS (RUE);48,6932800;6,1824700
201900037416;28;8;2019;11:10;1;54;54549;2;1;7;1;RD400;48,6342210;6,3210050
201900037418;24;8;2019;11:26;1;52;52121;2;3;1;3;R.D. 161;48,1262000;5,1360000
201900037426;27;8;2019;06:55;2;49;49099;2;6;1;3;DOROHOI (PLACE DE);47,0500700; -0,8719300
201900037429;28;8;2019;13:21;1;49;49007;2;1;1;3;CARMES QUAI ET RUE;47,4732900; -0,5585800
201900037433;23;8;2019;13:47;1;49;49007;2;1;1;7;PATTON AVENUE;47,4737900; -0,5776500
201900037442;1;3;2019;09:55;1;56;56098;2;6;1;3;ARAGO (RUE  DOMINIQUE );47,7833500; -3,3382600
201900037451;19;2;2019;13:30;1;54;54395;2;1;1;6;LECLERC (AV. DU GENE;48,6771650;6,1782040
201900037464;26;2;2019;06:45;3;50;50602;2;6;1;3;PYROTECHNIE (rue de la );49,6488100; -1,5916400
201900037465;24;2;2019;16:30;1;50;50173;2;1;1;7;SALINE (BOULEVARD DE LA);49,6569200; -1,6546600
201900037472;25;2;2019;08:03;1;49;49007;2;1;1;3;LETANDUERE;47,4606100; -0,5547000
201900037476;24;2;2019;12:35;1;49;49007;2;1;1;7;CARMES QUAI ET RUE;47,4729280; -0,5615280
201900037497;14;2;2019;15:50;1;41;41018;2;1;1;3;LAIGRET (AVENUE DU DOCTEUR JEAN);47,5862000;1,3293900
201900037502;26;2;2019;18:40;5;38;38185;2;1;1;6;JOUHAUX       61-102 A 79-118;45,1756580;5,7442350
201900037507;28;2;2019;08:15;1;37;37261;2;1;1;3;MAUPAS (RUE DU PROFESSEUR);47,4137200;0,7080900
201900037509;22;2;2019;15:40;1;37;37195;2;1;7;6;PORT CORDON (RUE);47,3830361;0,6563129
201900037510;27;2;2019;05:35;3;37;37261;2;4;1;3;MIRABEAU (PONT);47,4028000;0,7019600
201900037518;27;2;2019;18:20;2;35;35238;2;2;1;6;BRIAND (AVENUE ARISTIDE);48,1103000; -1,6658700
201900037520;26;2;2019;17:49;1;35;35238;2;3;1;3;GINGUENE;48,0994500; -1,6757200
201900037521;26;2;2019;16:30;1;35;35238;2;3;1;2;MAGINOT (AVENUE SERGENT);48,1099200; -1,6554800
201900037522;25;2;2019;19:45;3;35;35238;2;2;1;3;PARIS (RUE DE);48,1146100; -1,6572000
201900037538;1;3;2019;09:10;1;31;31555;2;1;1;6;RTE DE REVEL;43,5736300;1,4918800
201900037545;23;2;2019;10:10;1;31;31555;2;1;1;3;BD LASCROSSES;43,6083000;1,4283200
201900037548;22;2;2019;18:55;5;31;31555;2;1;1;3;AV DU COLONEL ROCHE;43,5649600;1,4700100
201900037554;16;2;2019;13:07;1;29;29232;2;1;1;7;BRIAND  ARISTIDE RUE;47,9942800; -4,0962500
201900037564;26;2;2019;08:10;1;27;27681;2;9;1;6;ARDECHE (AVENUE DE L');49,0878100;1,4811100
201900037576;15;2;2019;19:00;2;22;22187;2;1;1;1;ROSELIER (rue du ) ;48,5533700; -2,7187562
201900037577;26;2;2019;10:25;1;19;19031;2;1;1;3;RIBOT (AVENUE);45,1645400;1,5075200
201900037580;23;2;2019;14:00;1;19;19031;2;3;1;3;BUFFET (AVENUE CAPITAINE ANDRE);45,1639200;1,5521200
201900037591;26;2;2019;17:05;1;17;17300;2;2;1;6;FROMENTIN   RUE EUGENE;46,1603200; -1,1541200
201900037596;28;2;2019;15:15;1;14;14327;2;1;1;3;GARBSEN (AVENUE DE);49,2129900; -0,3430700
201900037640;7;4;2019;13:00;1;69;69386;2;1;1;7;DUGUESCLIN  (R);45,7707404;4,8469636
201900037643;6;4;2019;11:50;1;91;91114;2;1;1;6;VALLEES (RUE);48,6989200;2,5112700
201900037681;8;4;2019;12:26;1;973;97353;2;1;8;2;Avenue LÃ©onard Domerger;3,6414425; -54,0305582
201900037690;6;4;2019;15:00;1;76;76396;1;1;1;6;Route dÃ©partementale 206;49,5511280;1,2842770
201900037699;7;4;2019;10:00;1;49;49307;2;1;1;3;Grande Rue (Brain-sur-l'Authion);47,4460890; -0,4108620
201900037700;29;3;2019;12:40;1;41;41198;2;9;7;1;Impasse des Terres Rouges;47,2609170;1,3620360
201900037717;8;4;2019;12:45;1;83;83107;1;1;1;2;;43,3737150;6,6732670
201900037727;8;4;2019;16:25;1;60;60041;1;1;1;2;RD12;49,3847362;2,2201033
201900037756;3;4;2019;07:20;1;974;97411;2;1;1;2;MONNERVILLE (BOULEVARD GASTON); -20,8962940;55,4471600
201900037767;5;4;2019;21:15;5;69;69383;2;1;1;3;FELIX FAURE                         (AV);45,7544000;4,8657000
201900037771;4;4;2019;07:10;1;69;69383;2;1;2;3;BONNEL (DE)                         (R );45,7620800;4,8515800
201900037782;4;4;2019;13:31;1;69;69286;1;1;4;3;ROUTE DU MAS RILLIER                (RO);45,8230000;4,9120000
201900037792;6;4;2019;10:30;1;91;91326;2;9;1;6;COUR DE FRANCE (AVENUE DE LA);48,6970700;2,3719200
201900037794;3;4;2019;18:08;1;91;91223;2;3;1;3;COQUERIVE (AVENUE DE);48,4350200;2,1681600
201900037819;22;7;2019;19:30;1;57;57467;1;3;1;3;Mey;49,1299280;6,2431580
201900037829;14;7;2019;13:20;1;49;49050;2;1;1;7;Rue Saint-Aubin (Saint-RÃ©my-la-Varenne);47,3545884; -0,4491704
201900037858;22;7;2019;10:00;1;83;83064;1;1;1;2;RD 554;43,3227830;6,0282050
201900037860;23;7;2019;08:45;1;13;13111;1;1;7;7;Departementale 10;43,5539240;5,6924770
201900037861;21;7;2019;11:30;1;68;68142;1;1;1;1;D5 B1;48,0745680;7,1351080
201900037880;20;7;2019;20:40;2;69;69382;2;2;2;3;DELANDINE                           (R );45,7478500;4,8281700
201900037889;21;7;2019;10:00;1;59;59090;2;6;1;1;GAULLE (AVENUE DU GENERAL DE);50,7197600;3,1095100
201900037910;21;7;2019;21:00;1;10;10333;2;6;1;6;ANDRE MAUGOUT (RUE);48,2850700;4,0610400
201900037916;21;7;2019;13:45;1;75;75119;2;1;1;7;RUE BOTZARIS;48,8766110;2,3812580
201900037922;21;7;2019;11:30;1;75;75115;2;2;1;3;RUE DE VOUILLE;48,8335620;2,3092180
201900037928;22;7;2019;14:00;1;9;09149;1;1;1;3;D618;42,9445070;1,1714790
201900037933;21;7;2019;08:15;1;31;31113;2;1;1;1;12 Route de Mervilla;43,5142590;1,4851140
201900037938;29;6;2019;20:00;3;974;97410;1;1;2;2;Saint-Francois; -21,0885780;55,6378390
201900037943;20;7;2019;05:40;5;83;83047;2;1;1;6;Quartier la Moutonne;43,1260230;6,0737380
201900037957;20;7;2019;16:30;1;22;22147;2;1;1;7;8 Rue GÃ©nÃ©ral de Gaulle;48,1906340; -2,4081900
201900037975;18;7;2019;07:34;1;85;85012;1;3;1;3;D 38 - LA GUITONNIERE;46,8636200; -2,1155400
201900037988;9;12;2019;07:38;5;77;77058;2;2;3;3;ANDRE MALRAUX (AVENUE);48,8405800;2,7106500
201900037991;11;12;2019;07:58;1;63;63113;2;1;1;6;PRADELLE (RUE DE LA);45,7734000;3,0966400
201900038055;12;12;2019;09:05;1;51;51454;2;6;1;3;AVENUE EDMOND MICHELET;49,2243907;4,0309509
201900038064;13;12;2019;00:50;5;35;35238;2;2;3;3;HORLOGE (DE L');48,1117600; -1,6802700
201900038077;12;12;2019;13:25;1;27;27229;2;6;2;3;VERNON (RUE DE);49,0232500;1,1692900
201900038080;2;12;2019;13:25;1;27;27229;2;2;1;3;SAINT GERMAIN (RUE);49,0195500;1,1390100
201900038089;20;5;2019;19:15;1;75;75120;2;1;1;2;RUE DES PYRENEES;48,8653870;2,3981040
201900038098;10;5;2019;13:00;1;75;75120;2;1;1;3;AVENUE GAMBETTA;48,8649660;2,3967570
201900038105;6;5;2019;10:40;1;75;75120;2;7;1;2;PLACE DE LA PORTE DE MONTREUIL;48,8545100;2,4143470
201900038110;11;12;2019;07:45;5;8;08105;2;3;3;3;PINSONS;49,7444940;4,7153980
201900038122;12;12;2019;17:25;5;75;75105;2;1;2;6;RUE BUFFON;48,8426350;2,3616230
201900038127;12;12;2019;18:15;5;75;75119;2;4;3;6;RUE DE CRIMEE;48,8806739;2,3882413
201900038128;23;5;2019;19:30;1;75;75119;2;3;1;6;AVENUE DE FLANDRE;48,8905760;2,3765170
201900038132;11;12;2019;13:30;1;75;75119;2;1;1;3;BOULEVARD MACDONALD;48,8987400;2,3721990
201900038141;17;5;2019;12:00;1;75;75119;2;1;1;3;AVENUE JEAN JAURES;48,8847390;2,3776530
201900038145;13;5;2019;18:00;1;75;75119;2;2;1;3;RUE DE CRIMEE;48,8907200;2,3766990
201900038160;12;12;2019;06:05;5;75;75113;2;2;1;3;BOULEVARD KELLERMANN;48,8193297;2,3445776
201900038176;20;5;2019;17:20;1;75;75118;2;1;1;6;BOULEVARD NEY;48,8977790;2,3397880
201900038179;12;12;2019;18:00;5;75;75110;2;4;2;6;QUAI DE VALMY;48,8742260;2,3628570
201900038184;12;12;2019;19:30;5;75;75108;2;5;2;7;RUE DU ROCHER;48,8768570;2,3216650
201900038192;12;12;2019;08:30;2;94;94081;2;9;1;4;JULES GUESDE (QU);48,7824400;2,4170800
201900038196;9;5;2019;19:00;1;75;75118;2;2;1;3;RUE LETORT;48,8966080;2,3437490
201900038224;12;12;2019;05:50;5;93;93010;2;3;1;1;GALLIENI (AV.) DE 2 A 96;48,9054700;2,4785400
201900038239;13;5;2019;22:20;5;75;75117;2;4;1;3;AVENUE DE CLICHY;48,8912530;2,3190650
201900038250;8;5;2019;04:30;5;75;75117;2;2;2;3;AVENUE DE CLICHY;48,8897100;2,3217210
201900038256;29;4;2019;10:00;1;75;75117;2;2;1;3;BOULEVARD GOUVION SAINT CYR;48,8807060;2,2852830
201900038264;26;5;2019;12:10;1;75;75116;2;7;1;3;PLACE DE LA PORTE MAILLOT;48,8773750;2,2813650
201900038272;12;12;2019;12:15;1;34;34310;1;1;1;1;D19;43,4031400;3,1661300
201900038278;23;5;2019;11:25;1;75;75116;2;2;1;3;AVENUE DE MALAKOFF;48,8750930;2,2839670
201900038325;10;5;2019;08:40;1;75;75115;2;2;1;3;RUE DES QUATRE FRERES PEIGNOT;48,8472760;2,2838410
201900038332;30;4;2019;14:35;1;75;75115;2;1;1;3;RUE DE LA PORTE D ISSY;48,8325180;2,2813690
201900038335;27;5;2019;16:25;1;75;75114;2;2;1;3;RUE JULIA BARTET;48,8254570;2,3023100
201900038346;15;5;2019;07:42;1;75;75114;2;3;1;7;AVENUE DU GENERAL LECLERC;48,8313680;2,3299280
201900038353;6;5;2019;08:50;1;75;75114;2;1;1;3;RUE FROIDEVAUX;48,8364800;2,3262630
201900038354;4;5;2019;16:25;1;75;75115;2;2;2;7;RUE SAINT CHARLES;48,8447640;2,2839030
201900038357;2;5;2019;09:20;1;75;75115;2;1;2;2;BOULEVARD DE VAUGIRARD;48,8412820;2,3173240
201900038361;28;5;2019;10:20;1;75;75113;2;1;1;3;QUAI D AUSTERLITZ;48,8401340;2,3703640
201900038362;25;5;2019;15:00;1;75;75105;2;2;2;3;RUE CLAUDE BERNARD;48,8402820;2,3460390
201900038369;19;6;2019;15:39;1;10;10387;2;1;1;3;GAMBETTA (RUE);48,2997500;4,0730100
201900038373;21;6;2019;18:30;1;7;07102;2;6;1;3;Chemin des MULETS;44,9330200;4,8594500
201900038413;20;6;2019;08:10;1;75;75117;2;4;2;6;AVENUE MAC MAHON;48,8783410;2,2942930
201900038426;21;6;2019;19:30;1;75;75113;2;3;1;2;RUE BOBILLOT;48,8303660;2,3545660
201900038428;21;6;2019;17:40;1;75;75105;2;2;1;3;BOULEVARD DE PORT ROYAL;48,8371110;2,3490080
201900038430;20;6;2019;11:30;1;75;75113;2;1;1;6;RUE DUNOIS;48,8306920;2,3698950
201900038439;21;6;2019;16:17;1;75;75111;2;3;1;3;RUE DE LA FOLIE REGNAULT;48,8601800;2,3864320
201900038445;21;6;2019;18:39;1;75;75108;2;3;1;3;AVENUE DE FRIEDLAND;48,8741980;2,2997260
201900038453;20;6;2019;09:30;1;75;75103;2;1;1;3;RUE DU TEMPLE;48,8610440;2,3558540
201900038455;22;6;2019;18:30;1;75;75103;2;2;1;6;BOULEVARD DE SEBASTOPOL;48,8634030;2,3509510
201900038456;21;6;2019;13:30;1;75;75102;2;2;1;3;BOULEVARD MONTMARTRE;48,8714850;2,3430440
201900038458;21;6;2019;12:15;1;94;94068;2;1;1;3;FOCH (AV);48,7900000;2,4900000
201900038460;21;6;2019;12:30;1;94;94046;2;3;1;3;JEAN JAURES (R);48,7956100;2,4339500
201900038496;22;6;2019;21:20;2;93;93014;2;4;1;3;JOACHIM DU BELLAY (ALLEE);48,9058500;2,5439400
201900038508;21;6;2019;09:10;1;92;92033;2;1;1;1;BUZENVAL;48,8537900;2,2004000
201900038511;21;6;2019;08:20;1;92;92063;2;1;1;1;COLMAR (AVENUE DE);48,8873457;2,1816840
201900038515;21;6;2019;11:00;1;92;92051;2;2;1;2;BINEAU (BOULEVARD, NÂ°53 A 131 ET 52 A 13;48,8880600;2,2752800
201900038534;21;6;2019;21:30;5;1;01450;2;3;1;3;rue de l'artisanat;45,9166840;5,2363320
201900038544;16;6;2019;00:30;3;10;10037;2;1;1;7;rue de maraye;48,2087800;3,8925180
201900038561;31;10;2019;17:30;3;69;69029;2;3;3;3;CAMILLE ROUSSET                     (AV);45,7350100;4,9063100
201900038567;28;10;2019;14:25;1;67;67482;2;1;1;3;RATHSAMHAUSEN (RUE DE);48,5663700;7,7605000
201900038570;26;10;2019;23:00;5;67;67482;2;3;1;3;ZIEGELAU (RUE DE LA);48,5645800;7,7668100
201900038576;29;10;2019;18:15;5;64;64445;2;1;1;6;UNIVERSITE DE L';43,3112900; -0,3639700
201900038584;31;10;2019;23:55;5;59;59350;2;9;1;2;MOSELLE BOULEVARD NÂ°IMPAIRS;50,6269200;3,0310400
201900038597;28;10;2019;20:00;2;54;54395;2;3;1;1;BATAILLE (QUAI DE LA);48,6768300;6,1918800
201900038601;30;10;2019;14:00;1;51;51454;2;3;1;1;PLACE D'ERLON;49,2571400;4,0258400
201900038606;30;10;2019;16:15;1;45;45234;2;9;8;6;PL DU MARTROI;47,9027540;1,9046853
201900038607;28;10;2019;13:50;1;44;44184;2;6;2;3;RTE DES FRÃCHETS / ALLEE DES LILAS;47,2640000; -2,2436000
201900038619;31;10;2019;18:00;5;35;35238;2;2;1;3;CHURCHILL (AVENUE SIR WINSTON);48,1170200; -1,7080600
201900038620;30;10;2019;18:00;5;35;35238;2;1;2;3;VERN (DE);48,0871000; -1,6444000
201900038634;30;10;2019;14:45;1;33;33318;2;1;1;3;AVE PASTEUR;44,8005500; -0,6579800
201900038659;30;10;2019;19:40;5;17;17300;2;6;2;3;MOULIN   AVENUE JEAN;46,1519200; -1,1397800
201900038698;30;10;2019;11:35;1;75;75103;2;2;1;3;RUE ETIENNE MARCEL;48,8634000;2,3509450
201900038705;30;10;2019;08:30;1;75;75120;2;3;8;3;RUE DE BELLEVILLE;48,8733868;2,3826038
201900038707;1;11;2019;13:10;1;75;75119;2;1;8;3;BOULEVARD DE LA VILLETTE;48,8797822;2,3704239
201900038710;30;10;2019;15:30;1;75;75118;2;1;1;6;RUE DE LA CHAPELLE;48,8965729;2,3592420
201900038711;31;10;2019;09:30;1;75;75117;2;1;1;6;RUE LEGENDRE;48,8903790;2,3243691
201900038738;2;11;2019;16:55;1;75;75101;2;2;1;6;RUE DE RIVOLI;48,8590890;2,3464450
201900038743;1;10;2019;09:50;1;17;17300;2;6;3;2;MONNET   AVENUE JEAN;46,1430300; -1,1535300
201900038756;2;10;2019;21:10;5;75;75119;2;4;1;3;AVENUE SECRETAN;48,8824769;2,3703847
201900038766;2;10;2019;17:50;1;94;94081;2;3;1;3;MOULIN DE SAQUET (AV DU);48,7907839;2,3809478
201900038786;2;10;2019;19:57;5;92;92075;2;1;1;6;FRERES VIGOUROUX (RUE DES);48,8142800;2,2781600
201900038809;25;9;2019;10:50;1;17;17299;2;1;3;1;Rue Jean-RenÃ© Quoy;45,9449210; -0,9633380
201900038816;3;10;2019;10:00;1;34;34327;1;3;1;3;Avenue de NÃ®mes;43,6477470;3,9544170
201900038837;30;9;2019;17:10;1;86;86194;2;1;1;2;TRAIT TABOULEAU (RUE DU);46,5960000;0,3354000
201900038845;20;9;2019;15:10;1;33;33009;2;2;1;3;DUNES (ALL. DES);44,6557200; -1,1756600
201900038856;1;10;2019;20:20;5;69;69383;2;2;3;3;ALBERT THOMAS                       (CO);45,7469700;4,8671500
201900038870;30;9;2019;18:01;1;71;71153;2;2;1;3;LONGWY (RUE DE);46,8073400;4,4111600
201900038878;29;9;2019;12:15;1;64;64122;2;1;1;7;ESPAGNE (RUE D');43,4769400; -1,5651600
201900038883;7;9;2019;19:50;2;59;59350;2;1;1;6;DORMOY MARX AVENUE;50,6339800;3,0324700
201900038884;30;9;2019;18:25;1;56;56121;2;3;2;3;CHAZELLES ( COURS LOUIS  DE );47,7548500; -3,3633200
201900038885;30;9;2019;07:15;5;56;56098;2;1;1;2;Avenue du Gal STOSSKOPF;47,7503600; -3,3384200
201900038888;23;4;2019;20:15;1;54;54395;2;3;1;3;TIERCELINS (RUE DES);48,6911600;6,1909400
201900038894;1;10;2019;18:36;1;37;37261;2;1;2;6;LECLERC (PLACE DU MARECHAL);47,3901582;0,6928715
201900038896;1;10;2019;16:40;1;37;37261;2;1;1;6;MONNET (BOULEVARD);47,3757300;0,6713900
201900038897;1;10;2019;17:10;1;35;35238;2;1;1;3;NANTES (DE);48,0977800; -1,6887400
201900038898;30;9;2019;12:45;1;35;35238;2;1;1;5;FOUGERES (RUE DE);48,1197000; -1,6664300
201900038902;27;9;2019;07:45;2;33;33529;2;6;1;3;GRAILLY (RUE JEAN DE) DU 31 ET +;44,6267000; -1,1415000
201900038905;1;10;2019;07:25;1;30;30189;2;2;1;3;PUCCINI (RUE);43,8238000;4,3388000
201900038907;1;10;2019;07:35;5;29;29019;2;1;2;3;ECOLE NAVALE  (DE 1 A 103 ET 2 A 82);48,3772900; -4,5266100
201900038915;1;10;2019;10:30;1;13;13209;2;1;1;3;MARÃCHAL DE LATTRE (AVENUE);43,2448370;5,4256174
201900038922;18;1;2019;14:10;1;93;93007;2;9;1;3;"""REPUBLIQUE (AVENUE DE LA """"COTE PAIRS""""";48,9000000;2,4000000
201900038936;17;1;2019;12:05;1;92;92012;2;1;1;2;ANDRE MORIZET (AVENUE) 1/47 - 2/52;48,8350770;2,2411765
201900038937;17;1;2019;10:20;1;92;92012;2;2;1;3;REPUBLIQUE (BOULEVARD DE LA) 5/77BIS - 6;48,8320700;2,2530400
201900038944;17;1;2019;16:30;1;84;84142;1;6;1;3;D938;43,9574820;5,0284790
201900038953;19;1;2019;16:00;1;972;97216;1;1;1;1;Axe D15 - fleury;14,8053270; -61,0353930
201900038955;20;1;2019;10:05;1;62;62621;2;1;1;3;rue de la Liette;50,8885970;2,0435320
201900038961;18;1;2019;08:30;1;1;01354;2;3;9;7;10 parc du bugnon;46,2494670;6,0376740
201900038974;19;1;2019;11:15;1;22;22193;1;3;7;3;D44 prÃ¨s lieu dit le rocher;48,3884610; -2,4470690
201900038994;18;1;2019;10:00;1;89;89074;1;1;1;3;D 606;48,3093880;3,1620120
201900039005;17;1;2019;14:05;1;46;46029;2;2;2;3;Avenue de la RÃ©publique;44,9319130;1,8487310
201900039016;19;1;2019;11:30;1;29;29061;2;3;1;3;rue du pont d'argent;48,4545310; -4,4648590
201900039042;17;1;2019;16:55;1;85;85179;1;1;1;4;La Petite BataillÃ¨re;46,4787500; -1,5385600
201900039086;19;1;2019;09:13;1;77;77508;1;6;1;3;RD 231/ RD 21;48,8188110;2,8180220
201900039093;18;1;2019;16:30;1;2B;2B205;2;3;1;3;lieudit Campo d'Elge;42,6991670;9,3538890
201900039108;28;8;2019;21:55;5;45;45234;2;1;1;3;AV DE LA MOUILLERE;47,8868262;1,9068950
201900039115;22;8;2019;08:57;1;42;42218;2;2;1;3;GUICHARD PAUL ET PIERRE;45,4579800;4,3887000
201900039116;10;8;2019;11:25;1;42;42218;2;1;1;2;LAVOISIER;45,4465100;4,3897700
201900039120;28;8;2019;11:10;1;38;38563;2;1;1;2;PAVIOT (AVENUE DE);45,3520000;5,5909600
201900039129;30;8;2019;20:30;1;35;35238;2;9;1;6;SAINT-HELIER;48,1077000; -1,6728000
201900039141;15;6;2019;16:00;1;34;34003;2;2;1;3;CAYROU (G14 A H14;43,3080400;3,4733600
201900039143;29;8;2019;22:50;5;33;33063;2;2;1;3;Crs de la Marne / R. Malbec;44,8281880; -0,5607620
201900039150;28;8;2019;00:30;5;33;33192;2;3;1;3;PESSAC (RTE DE);44,7664600; -0,6196000
201900039153;27;8;2019;15:25;1;33;33009;2;6;1;3;Av. de la LibÃ©ration;44,6535500; -1,1592200
201900039161;29;8;2019;06:10;5;31;31555;2;1;1;2;BD ANDRE NETWILLER;43,6429000;1,4640800
201900039164;24;8;2019;17:40;1;31;31555;2;1;1;3;RUE DE FENOUILLET;43,6280600;1,4251100
201900039180;27;8;2019;12:35;1;24;24037;2;1;1;6;QUAI DE LA PELOUSE;44,8481300;0,4807700
201900039184;27;8;2019;14:50;1;18;18279;2;1;1;3;SOCIETE FRANCAISE (RUE DE LA);47,2268900;2,0552900
201900039186;31;8;2019;12:00;1;17;17333;2;2;1;6;DE LATTRE DE TASSIGNY (BD);45,6072000; -1,0069000
201900039195;25;8;2019;13:00;1;14;14117;2;1;1;3;GUILLAUME LE CONQUERANT (AVENUE);49,2837000;0,1338600
201900039198;27;8;2019;17:20;1;14;14118;2;1;1;3;FALAISE (RUE DE  - 90-142 IMPAIR - 95);49,1735700; -0,3539400
201900039222;26;8;2019;13:00;1;13;13205;2;1;1;6;JEAN MOULIN (BOULEVARD);43,2868600;5,3996000
201900039226;27;8;2019;11:05;1;13;13005;1;1;1;6;CD 2 (CAMP MAJOR);43,2878100;5,5279000
201900039233;31;8;2019;10:10;1;10;10343;2;6;1;3;SAPINS (AVENUE);48,2756000;4,0890000
201900039241;31;8;2019;10:45;1;7;07102;2;6;1;3;SADI-CARNOT (AVEN.) [DU NÂ° AU NÂ°];44,9253300;4,8690700
201900039256;28;8;2019;08:40;1;5;05023;2;1;8;1;PROVENCE (AVENUE DE);44,8994300;6,6311500
201900039265;31;8;2019;17:37;1;75;75105;2;2;1;6;BOULEVARD SAINT GERMAIN;48,8513880;2,3431830
201900039266;28;8;2019;12:30;1;75;75106;2;5;1;6;RUE DE L ANCIENNE COMEDIE;48,8536680;2,3383981
201900039270;27;8;2019;15:15;1;75;75120;2;3;1;7;RUE DE MENILMONTANT;48,8687640;2,3900460
201900039272;29;8;2019;19:33;1;75;75119;2;2;1;6;AVENUE DE FLANDRE;48,8905500;2,3768760
201900039274;28;8;2019;08:00;1;75;75120;2;3;1;3;RUE DE BELLEVILLE;48,8743999;2,3862904
201900039285;26;8;2019;12:20;1;75;75115;2;1;1;6;BOULEVARD VICTOR;48,8351880;2,2815510
201900039305;1;3;2019;13:50;1;13;13047;2;6;1;3;RADOLFZELL AVENUE DE;43,4988400;4,9863700
201900039316;28;2;2019;17:02;1;10;10357;2;9;1;3;GENERAL DE GAULLE (RUE DU);48,2959000;4,1329000
201900039319;27;2;2019;16:25;1;10;10343;2;9;1;3;CHATEAU DES COURS (RUE DU);48,2701000;4,0892000
201900039321;28;2;2019;11:57;1;8;08105;2;3;1;3;MONGE;49,7606340;4,7184440
201900039349;26;2;2019;13:10;1;75;75117;2;1;1;2;RUE NICOLAS CHUQUET;48,8886430;2,3034070
201900039366;28;2;2019;12:05;1;75;75119;2;3;1;3;BOULEVARD MACDONALD;48,8987720;2,3741050
201900039368;26;2;2019;08:35;1;75;75119;2;1;1;3;AVENUE DE FLANDRE;48,8914650;2,3779860
201900039369;25;2;2019;14:00;1;75;75119;2;1;1;3;BOULEVARD MACDONALD;48,8988740;2,3795620
201900039374;27;2;2019;15:30;1;75;75118;2;3;1;3;RUE DE LA CHAPELLE;48,8927090;2,3597290
201900039380;26;2;2019;10:50;1;75;75117;2;7;1;2;PLACE PAUL LEAUTAUD;48,8872280;2,2979680
201900039383;1;3;2019;12:35;1;75;75116;2;2;1;3;AVENUE THEOPHILE GAUTIER;48,8499390;2,2722040
201900039388;26;2;2019;18:45;2;75;75116;2;1;1;3;CARREFOUR DES CASCADES;48,8611680;2,2398320
201900039389;25;2;2019;12:30;1;75;75116;2;1;1;6;ROUTE DE SEVRES A NEUILLY;48,8629420;2,2387900
201900039405;26;2;2019;12:20;1;75;75105;2;1;1;3;BOULEVARD DE PORT ROYAL;48,8382160;2,3429080
201900039406;25;2;2019;21:10;5;75;75113;2;7;1;6;PLACE D ITALIE;48,8309770;2,3555580
201900039409;28;2;2019;01:50;5;75;75111;2;2;1;2;RUE DU FAUBOURG SAINT ANTOINE;48,8513010;2,3761410
201900039411;27;2;2019;16:25;1;75;75112;2;1;1;3;BOULEVARD SOULT;48,8440240;2,4100760
201900039412;26;2;2019;15:40;1;75;75112;2;1;1;3;AVENUE EMILE LAURENT;48,8411750;2,4123390
201900039420;26;2;2019;09:00;1;75;75111;2;3;1;3;RUE AMELOT;48,8612400;2,3677150
201900039421;25;2;2019;19:20;5;75;75111;2;2;1;3;AVENUE DE LA REPUBLIQUE;48,8640090;2,3811940
201900039438;25;2;2019;22:35;5;75;75104;2;2;1;6;BOULEVARD HENRI IV;48,8508240;2,3614290
201900039448;7;3;2019;16:45;1;94;94068;2;3;1;3;PIE (QU DE LA);48,7882383;2,4749083
201900039449;26;2;2019;07:50;1;94;94068;2;1;1;5;ALMA (AV DE L);48,7870100;2,4952400
201900039458;28;2;2019;07:00;2;94;94041;2;1;1;3;GEORGES GOSNAT (AV);48,8136300;2,3888300
201900039464;1;3;2019;13:10;1;94;94011;2;1;1;3;MARGUERITRES(AVENUE DES);48,7686300;2,4922200
201900039467;28;2;2019;09:00;1;94;94028;2;9;1;3;LECOQ(PASSAGE);48,7867800;2,4689200
201900039475;27;2;2019;17:15;1;94;94059;2;2;1;7;MAURICE BERTEAUX (AV);48,8100000;2,5685000