Num_Acc;jour;mois;an;hrmn;lum;dep;com;agg;int;atm;col;adr;lat;long
201900039492;2;4;2019;08:37;1;77;77152;1;3;1;3;D142 - PONTHIERRY(ROUTE DE);48,5127500;2,5912900
201900039500;3;4;2019;18:35;1;69;69275;2;3;1;3;EMILE ZOLA                          (R );45,7634600;4,9406900
201900039507;5;4;2019;05:55;3;67;67365;2;3;8;6;OLIDA (QUAI);48,5354840;7,7164260
201900039510;6;4;2019;01:15;5;64;64445;2;1;2;1;PLACE GRAMONT;43,2964500; -0,3742700
201900039511;4;4;2019;23:00;5;64;64129;2;6;1;3;BAYONNE DE;43,3050194; -0,4018754
201900039512;5;4;2019;09:45;1;63;63113;1;1;1;6;PRE COMTAL (RUE DE);45,7984940;3,1288370
201900039521;4;4;2019;13:45;1;56;56121;2;1;1;3;LECLERC ( BD GENERAL );47,7484600; -3,3655200
201900039527;4;4;2019;05:20;5;49;49007;2;1;2;6;ORGEMONT;47,4518800; -0,5448400
201900039536;30;3;2019;17:05;1;42;42207;2;1;1;3;GILLET FRANCOIS RUE;45,4565600;4,5046200
201900039542;6;4;2019;05:30;5;37;37261;2;1;1;7;GRAMMONT (AVENUE DE);47,3845900;0,6913200
201900039546;4;4;2019;13:00;1;35;35238;2;1;1;6;VERDUN (BD DE);48,1176700; -1,6880000
201900039549;3;4;2019;09:30;1;35;35238;2;4;1;3;ROUTE DE ST MALO;48,1213650; -1,6830170
201900039607;4;4;2019;12:20;1;11;11262;2;1;8;7;JACOBINS (RUE ET PLACE DES);43,1821100;3,0041400
201900039610;1;4;2019;14:50;1;7;07102;1;6;1;3;BEAUCAIRE (AVENUE DE);44,9238400;4,8566800
201900039657;5;4;2019;18:20;1;75;75117;2;2;1;3;AVENUE DES TERNES;48,8801010;2,2878810
201900039662;4;4;2019;12:00;1;75;75116;2;1;1;3;ROUTE DE SEVRES A NEUILLY;48,8566030;2,2375100
201900039683;16;7;2019;13:20;1;69;69264;2;6;1;3;BURDEAU BD;45,9952621;4,7207288
201900039684;16;7;2019;15:48;1;63;63113;2;3;1;3;AURIOL (BOULEBARD VINCENT);45,7924100;3,1188500
201900039687;17;7;2019;23:10;5;13;13207;2;2;1;3;SAUVEUR TOBELEM (RUE);43,2880100;5,3634800
201900039696;19;7;2019;11:20;1;976;97611;2;1;1;1;m'tsapere-Macoco Mandzarsoa ( rue ); -12,7870800;45,2246200
201900039702;18;7;2019;08:10;1;974;97407;2;6;1;3;ROND POINT TITAN; -20,9425000;55,2918000
201900039703;20;7;2019;03:30;5;69;69387;2;2;1;3;TONY GARNIER                        (AV);45,7317115;4,8240828
201900039710;18;7;2019;09:25;1;69;69386;2;1;1;7;CREQUI (DE)                         (R );45,7738500;4,8451100
201900039743;21;6;2019;20:30;1;83;83034;1;5;1;2;RUE DES 3 PINS;43,1002000;6,0614000
201900039744;17;7;2019;13:20;1;83;83034;2;1;1;7;ROUTE DE LA BENOITE;43,0909800;6,0764600
201900039752;18;7;2019;21:30;2;77;77445;2;3;8;3;MENDES-FRANCE (AVENUE PIERRE);48,5961360;2,5739260
201900039755;19;7;2019;09:40;1;76;76540;2;2;1;3;BELGES. BOULEVARD DES;49,4416900;1,0834800
201900039760;20;7;2019;17:17;1;74;74008;2;1;1;3;NEGOCIANTS (RUE DES);46,1948000;6,2277100
201900039765;18;7;2019;19:45;1;67;67482;2;3;1;1;CAPUCINS (RUE DES);48,5779390;7,7039110
201900039766;18;7;2019;19:08;1;67;67447;2;3;1;1;DE LATTRE DE TASSIGNY (RUE);48,6069800;7,7453200
201900039768;17;7;2019;17:00;1;64;64122;2;1;1;6;MADRID (RUE DE);43,4687400; -1,5701100
201900039787;18;7;2019;16:43;1;49;49007;2;1;1;6;CHAPEAU DE GENDARME;47,4515800; -0,5548400
201900039802;12;6;2019;19:55;1;38;38053;2;1;7;3;ISLE D'ABEAU (ROUTE DE);45,6079200;5,2539300
201900039805;18;7;2019;17:15;1;37;37261;2;1;1;7;MONTJOYEUX (AVENUE);47,3617944;0,7025149
201900039806;20;7;2019;19:45;1;35;35278;2;9;1;2;ROBIQUETTE (ROND POINT DE LA);48,1341100; -1,6941700
201900039811;20;7;2019;19:35;1;34;34172;2;9;1;6;SAINT EXUPERY (ROND-POINT);43,5972700;3,8400600
201900039828;18;7;2019;10:30;1;30;30189;2;1;1;7;ALLENDE SALVADOR (RUE);43,8400600;4,3890200
201900039838;8;12;2019;14:45;1;27;27438;2;3;1;3;9 Rue Gambetta;48,7703580;1,1993600
201900039879;28;11;2019;08:45;1;74;74012;2;1;8;3;VERDUN (AVENUE DE);46,1913300;6,2421800
201900039880;10;12;2019;15:10;1;71;71306;2;1;1;1;GENERAL DE GAULLE (QUAI DU);46,6742900;4,3620000
201900039883;10;12;2019;09:00;1;93;93055;2;1;1;3;JEAN LOLIVE (AVENUE)(75/105.88/106);48,8939000;2,4145000
201900039903;10;12;2019;16:15;1;80;80021;2;1;1;6;CHARLES DE FOUCAULD (RUE);49,8895500;2,3071800
201900039910;30;11;2019;09:50;1;70;70550;2;6;1;3;BRIAND (RUE ARISTIDE);47,6307000;6,1677100
201900039912;9;12;2019;11:20;1;68;68066;2;2;2;3;RAPP (RUE);48,0817300;7,3604300
201900039914;8;12;2019;08:00;2;67;67482;1;1;1;3;OHMACHT (RUE);48,5925920;7,7601200
201900039936;11;12;2019;07:35;5;37;37195;2;2;2;2;PRIEURE (AVENUE DU);47,3828954;0,6544757
201900039943;10;12;2019;16:10;1;31;31483;2;3;1;3;FOCH (AVENUE DU MARECHAL);43,1048300;0,7142600
201900039971;11;12;2019;21:57;3;75;75113;2;2;8;3;RUE DE LA GLACIERE;48,8341680;2,3448540
201900039976;11;12;2019;10:40;1;75;75108;2;5;8;3;RUE DU ROCHER;48,8782390;2,3198370
201900039980;11;12;2019;19:00;5;75;75107;2;1;1;6;BOULEVARD DES INVALIDES;48,8546780;2,3148470
201900039981;8;12;2019;14:50;1;75;75101;2;1;1;3;RUE DES PYRAMIDES;48,8640970;2,3323620
201900039986;10;12;2019;18:30;5;94;94068;2;2;1;2;LOUIS BLANC (AV);48,7921089;2,4970279
201900040022;17;5;2019;12:35;1;75;75105;2;4;1;3;BOULEVARD DE L HOPITAL;48,8399900;2,3617400
201900040035;29;5;2019;09:45;1;75;75112;2;1;1;3;RUE TAINE;48,8382430;2,3926890
201900040037;25;5;2019;19:05;1;75;75112;2;1;1;3;AVENUE DE LA PORTE DE CHARENTON;48,8299210;2,4006720
201900040057;9;5;2019;15:45;1;75;75112;2;2;8;6;BOULEVARD DIDEROT;48,8470030;2,3837740
201900040058;7;5;2019;16:00;1;75;75112;2;1;1;6;RUE DU SERGENT BAUCHAT;48,8458910;2,3937750
201900040062;7;5;2019;09:45;1;75;75112;2;3;1;3;RUE MOREAU;48,8489210;2,3719910
201900040063;28;5;2019;09:50;1;75;75111;2;1;8;3;AVENUE PARMENTIER;48,8595910;2,3791610
201900040066;26;5;2019;15:35;1;75;75111;2;2;1;3;BOULEVARD VOLTAIRE;48,8546980;2,3853150
201900040074;14;5;2019;08:55;1;75;75111;2;1;1;6;RUE DE CHARONNE;48,8534260;2,3795950
201900040086;27;5;2019;20:30;1;75;75110;2;3;1;3;BOULEVARD DE MAGENTA;48,8760390;2,3562880
201900040087;27;5;2019;09:30;1;75;75110;2;3;1;7;RUE RENE BOULANGER;48,8689380;2,3587890
201900040088;23;5;2019;18:00;1;75;75110;2;5;1;3;BOULEVARD DE LA CHAPELLE;48,8843080;2,3593620
201900040091;14;5;2019;19:05;1;75;75102;2;1;1;3;BOULEVARD DE BONNE NOUVELLE;48,8699140;2,3516050
201900040092;13;5;2019;15:59;1;75;75110;2;2;1;6;RUE LA FAYETTE;48,8772090;2,3489930
201900040097;30;4;2019;08:35;1;75;75110;2;1;1;6;BOULEVARD DE MAGENTA;48,8781170;2,3544220
201900040098;26;5;2019;17:00;1;75;75109;2;3;8;3;RUE LAFFITTE;48,8734060;2,3378110
201900040102;19;5;2019;19:58;2;75;75109;2;1;2;6;RUE DU FAUBOURG MONTMARTRE;48,8721650;2,3431960
201900040105;17;5;2019;09:00;1;75;75102;2;3;1;3;BOULEVARD POISSONNIERE;48,8708690;2,3467610
201900040109;10;5;2019;10:20;1;75;75118;2;7;1;2;PLACE DE CLICHY;48,8836780;2,3275630
201900040110;29;4;2019;16:30;1;75;75109;2;7;1;6;RUE HALEVY;48,8722190;2,3328190
201900040137;24;5;2019;10:45;1;75;75107;2;1;1;3;AVENUE DUQUESNE;48,8521850;2,3091660
201900040151;25;5;2019;14:30;1;75;75104;2;2;1;2;RUE DE LA COUTELLERIE;48,8575460;2,3512980
201900040160;4;5;2019;11:25;1;75;75104;2;1;2;1;QUAI AUX FLEURS;48,8535010;2,3520410
201900040161;2;5;2019;13:55;1;75;75104;2;1;2;3;RUE SAINT ANTOINE;48,8541190;2,3641910
201900040162;30;4;2019;19:20;1;75;75104;2;2;1;3;RUE SAINT ANTOINE;48,8539210;2,3648420
201900040163;28;5;2019;10:20;1;75;75103;2;3;1;3;RUE DU PERCHE;48,8608180;2,3613400
201900040169;28;5;2019;08:20;1;75;75101;2;3;2;7;RUE SAINT HONORE;48,8622180;2,3391840
201900040171;21;5;2019;13:45;1;75;75102;2;1;1;6;RUE VIVIENNE;48,8707840;2,3411090
201900040172;15;5;2019;19:45;1;75;75104;2;2;1;3;RUE DE L HOTEL DE VILLE;48,8546070;2,3551760
201900040174;13;5;2019;16:45;1;75;75102;2;3;1;3;BOULEVARD DE BONNE NOUVELLE;48,8705320;2,3486890
201900040187;3;5;2019;10:30;1;75;75101;2;3;1;3;RUE DE RIVOLI;48,8594950;2,3451880
201900040213;21;6;2019;12:15;1;95;95026;1;1;1;2;DEPARTEMENTALE 909;49,1500870;2,3800480
201900040232;19;6;2019;17:30;1;11;11206;2;6;1;3;rond-point du 8 mai 1945;43,0544150;2,2129270
201900040235;20;6;2019;14:40;1;63;63322;1;6;1;3;INTERSECTION D210-D6;45,8531516;3,1765103
201900040241;22;6;2019;10:20;1;49;49014;1;3;1;6;La petie bourdigale;47,7162830; -0,7991040
201900040245;22;6;2019;15:15;1;47;47315;1;1;1;3;D 911;44,4534193;0,8942080
201900040253;21;6;2019;21:00;2;35;35106;1;3;7;3;D57;47,8255355; -1,5140460
201900040256;20;6;2019;17:56;1;2;02361;2;6;1;2;Place Louis Meurisse;49,9006230;3,6303000
201900040263;20;6;2019;15:00;1;70;70284;2;3;1;3;Hameau d Beuchot;47,8366140;6,2974780
201900040266;21;6;2019;15:30;1;58;58295;1;1;1;3;D4;47,3183860;2,9060080
201900040267;23;6;2019;10:00;1;72;72386;1;1;1;7;D91;48,0169470;0,2587590
201900040283;22;6;2019;12:40;1;7;07192;1;1;1;2;Route dÃ©partementale 214;45,0807940;4,4591510
201900040289;20;6;2019;09:30;1;24;24211;2;1;1;3;D38 Le bourg;45,0147590;0,4506420
201900040296;21;6;2019;17:05;1;28;28359;2;4;1;1;Rue de Nonancourt;48,7627912;1,2294761
201900040302;20;6;2019;15:50;1;48;48016;1;1;1;7;Le Choizal;44,4635710;3,4551870
201900040363;3;6;2019;11:45;1;17;17155;2;1;1;7;3 Rue de la Matte Ã  la Canette;45,7278010; -1,0896760
201900040419;2;11;2019;16:55;1;93;93066;2;1;1;3;"""LANDY RD 20, NR IMPAIRS 1 A 144""";48,9158000;2,3624000
201900040429;30;10;2019;10:30;1;92;92075;2;3;1;3;FABIEN (BOULEVARD DU COLONEL);48,8118600;2,2806800
201900040430;31;10;2019;18:15;5;92;92073;2;3;8;3;NIEUPORT (RUE EDOUARD);48,8723400;2,2314500
201900040432;7;11;2019;13:33;1;92;92072;2;3;1;3;EUROPE (AVENUE DE L');48,8231839;2,2100008
201900040445;2;11;2019;18:50;5;92;92004;2;1;1;6;ARGENTEUIL AV D';48,9118600;2,2849837
201900040452;31;10;2019;16:15;1;60;60559;2;1;1;3;Rue du Jardin Ã  But;49,4100040;2,2937370
201900040483;28;10;2019;17:50;2;79;79174;2;1;8;3;6 rue du Pont-de-PÃ©rouzeau;46,1756260; -0,1691050
201900040487;30;10;2019;13:20;1;32;32304;1;1;1;1;D128;43,3784720;0,5754100
201900040531;30;10;2019;08:20;1;37;37104;1;1;2;3;510 Route du Noble JouÃ©;47,3031560;0,7712660
201900040534;17;9;2019;16:20;1;987;98734;2;3;1;3;PK 34 - route territoriale nÂ°01; -17,7233790; -149,5057300
201900040559;31;10;2019;11:00;1;34;34199;2;6;1;3;Avenue de Plaisance;43,4606750;3,4105524
201900040587;22;10;2019;17:00;1;80;80625;2;1;1;2;D935;49,7270970;2,5323120
201900040596;19;1;2019;14:00;1;64;64139;1;1;1;3;D24;43,2155370; -0,3365200
201900040598;17;1;2019;14:30;1;33;33376;1;6;7;3;EX RD 1215, Rond point de Picot;44,9070300; -0,7448900
201900040605;17;1;2019;11:50;1;56;56176;2;1;1;2;rue Georges Cadoudal;47,6743440; -2,9586100
201900040606;18;1;2019;21:10;3;29;29055;2;1;2;3;Zone Industrielle de Kerduff, ZI DE KERDUFF;48,5663218; -4,3536751
201900040657;14;1;2019;12:15;1;76;76351;2;3;1;3;PALFRAY;49,4912300;0,1247300
201900040690;14;1;2019;06:50;2;67;67043;2;3;8;3;BRUMATH (ROUTE DE);48,6189900;7,7316800
201900040707;15;1;2019;13:18;1;37;37261;2;1;1;3;VAILLANT (RUE EDOUARD);47,3819740;0,7054376
201900040708;15;1;2019;07:45;1;37;37261;2;1;1;3;MARECHAL JUIN (BD);47,4183800;0,7044600
201900040709;14;1;2019;08:30;5;35;35288;2;6;1;3;GRAND JARDIN (RUE DU);48,6374800; -1,9820900
201900040716;14;1;2019;15:00;1;34;34172;2;9;1;3;JUSTICE DE CASTELNAU (AVENUE DE LA);43,6262000;3,8843200
201900040718;15;1;2019;07:40;2;31;31149;2;1;1;3;8 AV YVES BRUNAUD;43,6150900;1,3463400
201900040733;15;1;2019;14:20;1;75;75106;2;2;1;6;RUE DE VAUGIRARD;48,8482290;2,3310160
201900040736;15;1;2019;21:00;5;75;75118;2;2;1;6;BOULEVARD BARBES;48,8915610;2,3496000
201900040739;15;1;2019;18:50;5;75;75117;2;1;1;3;RUE GUY MOQUET;48,8923300;2,3242930
201900040747;15;1;2019;01:50;5;75;75110;2;7;1;3;BOULEVARD DE MAGENTA;48,8705510;2,3612000
201900040763;13;1;2019;09:00;1;92;92062;2;1;8;7;PARVIS (LE);48,8916000;2,2401000
201900040770;1;10;2019;12:45;1;75;75116;2;2;1;2;RUE RAYNOUARD;48,8537189;2,2774148
201900040782;30;9;2019;07:00;2;75;75114;2;1;1;6;BOULEVARD JOURDAN;48,8217542;2,3325128
201900040783;1;10;2019;09:30;1;75;75112;2;1;2;6;AVENUE DE SAINT MAURICE;48,8292648;2,4199601
201900040788;1;10;2019;13:55;1;75;75107;2;7;8;3;PLACE DE LA RESISTANCE;48,8619072;2,3020347
201900040789;1;10;2019;07:20;2;75;75104;2;2;1;2;BOULEVARD DE SEBASTOPOL;48,8585260;2,3481940
201900040793;1;10;2019;17:26;1;94;94028;2;9;2;2;GALLIENI.(AVENUE DU GENERAL);48,7964400;2,4579100
201900040823;2;10;2019;08:50;1;44;44133;2;8;1;2;Lieu dit La Gare;47,1172730; -1,7388840
201900040843;1;10;2019;20:45;3;68;68036;1;1;1;6;RD52;48,0505940;7,5561020
201900040848;30;9;2019;16:45;1;22;22070;2;1;2;7;rue notre dame;48,5608390; -3,1492810
201900040870;19;9;2019;19:43;1;36;36044;2;1;1;3;12 RUE VICTOR HUGO;46,8116785;1,6943303
201900040878;30;9;2019;10:15;1;69;69383;2;2;1;6;GARIBALDI                           (R );45,7529200;4,8533600
201900040890;28;9;2019;19:06;1;86;86041;2;3;1;5;FRERES LUMIERE (RUE DES);46,6106700;0,3674700
201900040902;18;9;2019;17:40;1;73;73008;2;6;1;3;D1201  ROOSEVELT FRANKLIN AVENUE;45,7018625;5,9092476
201900040904;25;9;2019;16:40;1;69;69266;2;2;1;6;TOLSTOI    (Cours);45,7609300;4,8847200
201900040905;30;9;2019;08:49;1;67;67447;2;3;1;3;GENERAL DE GAULLE (ROUTE DU);48,6107100;7,7339000
201900040914;27;9;2019;22:15;3;63;63164;1;6;1;3;Rond point de COURLANDE;45,8417517;3,1577777
201900040936;30;9;2019;08:35;1;35;35238;2;6;1;1;GRIMAULT (BD LEON);48,0911800; -1,6504000
201900040950;27;2;2019;18:30;5;93;93066;2;3;1;1;LIBERATION RD14 (BOULEVARD);48,9257900;2,3421700
201900040958;1;3;2019;17:55;1;93;93051;2;2;1;6;NEUILLY (ROUTE);48,8469100;2,5404000
201900040966;26;2;2019;09:15;1;93;93048;2;3;7;3;COTE DU NORD (RUE DE LA);48,8621330;2,4741960
201900041076;3;3;2019;15:50;1;65;65290;2;1;1;3;48 Rue du Montaigu;43,1494850;0,1787400
201900041080;25;2;2019;13:45;1;22;22020;2;1;1;3;09 rue de l'avenir;48,3149530; -2,2473110
201900041091;27;2;2019;11:45;1;83;83097;1;1;1;3;D23;43,5290450;5,7342070
201900041117;26;2;2019;07:35;2;41;41016;1;6;1;3;D956;47,3207314;1,4966780
201900041118;3;3;2019;16:00;1;65;65371;2;9;1;3;122 CAMI DE BEAUCENS;42,9933910; -0,0702550
201900041137;28;8;2019;00:30;5;75;75113;2;1;1;1;QUAI D AUSTERLITZ;48,8409524;2,3692435
201900041138;30;8;2019;18:30;1;75;75112;2;1;1;3;AVENUE DU TREMBLAY;48,8394720;2,4506595
201900041142;26;8;2019;19:20;1;75;75112;2;1;1;3;ROUTE DE LA PYRAMIDE;48,8396140;2,4373930
201900041143;26;8;2019;09:40;1;75;75112;2;4;1;3;AVENUE DE NOGENT;48,8420442;2,4491497
201900041152;31;8;2019;05:35;5;75;75109;2;5;1;3;RUE PIERRE FONTAINE;48,8804522;2,3350702
201900041194;30;8;2019;16:50;1;93;93078;2;6;1;6;BREGUET (ALLEE LOUIS);48,9581100;2,5621600
201900041198;30;8;2019;13:00;1;93;93055;2;3;1;3;JEAN JAURES (AVENUE)(130 AU 172);48,9090800;2,3982300
201900041219;30;8;2019;16:30;1;93;93001;2;1;1;3;LONG-SENTIER (RUE DU);48,9100000;2,3940000
201900041238;26;8;2019;16:05;1;92;92048;2;1;1;2;TRIVAUX (AVENUE DE) NÂ° 9;48,8022400;2,2340357
201900041247;28;8;2019;16:15;1;92;92026;2;9;7;1;BOULEVARD CIRCULAIRE;48,8921890;2,2458860
201900041255;27;8;2019;09:10;1;92;92060;2;1;1;3;DESCARTES (AVENUE);48,7767100;2,2462100
201900041291;31;8;2019;10:30;1;81;81295;1;1;1;2;D81;43,8360770;2,3292230
201900041294;27;8;2019;19:00;2;68;68295;1;1;1;6;Route de Herrlisheim;48,0156990;7,3535090
201900041298;29;8;2019;12:45;1;5;05027;1;1;1;3;cd902;44,8775835;6,6818279
201900041322;6;4;2019;08:10;1;75;75115;2;1;1;6;RUE LECOURBE;48,8436310;2,3061160
201900041324;4;4;2019;12:35;1;75;75115;2;2;1;2;AVENUE DE LA PORTE DE SEVRES;48,8341530;2,2772350
201900041328;4;4;2019;08:35;1;75;75115;2;2;1;6;RUE PAUL BARRUEL;48,8373520;2,3059950
201900041332;5;4;2019;13:15;1;75;75112;2;3;1;6;RUE BARON LE ROY;48,8359070;2,3864750
201900041333;5;4;2019;08:05;1;75;75112;2;2;1;3;AVENUE DE SAINT MANDE;48,8446690;2,4057320
201900041334;4;4;2019;20:00;1;75;75112;2;4;1;3;ROUTE DE LA PYRAMIDE;48,8400850;2,4367170
201900041335;4;4;2019;15:20;1;75;75112;2;2;1;6;AVENUE DAUMESNIL;48,8371840;2,4021230
201900041336;6;4;2019;17:50;1;75;75111;2;3;1;6;BOULEVARD BEAUMARCHAIS;48,8558080;2,3684870
201900041341;6;4;2019;00:25;5;75;75110;2;5;1;6;RUE LA FAYETTE;48,8826700;2,3698750
201900041342;4;4;2019;17:10;1;75;75110;2;1;1;2;RUE DE LA GRANGE AUX BELLES;48,8763750;2,3687410
201900041343;6;4;2019;16:23;1;75;75102;2;5;1;3;RUE ETIENNE MARCEL;48,8638670;2,3490260
201900041345;4;4;2019;09:50;1;75;75109;2;2;1;7;RUE DE PROVENCE;48,8740360;2,3424240
201900041349;3;4;2019;11:55;1;75;75117;2;1;1;6;BOULEVARD DE COURCELLES;48,8806410;2,3107960
201900041352;4;4;2019;19:40;1;75;75102;2;2;1;3;RUE ETIENNE MARCEL;48,8636500;2,3500030
201900041360;5;4;2019;16:30;1;94;94052;2;1;1;2;VICTOR HUGO (R);48,8337450;2,4741260
201900041366;4;4;2019;17:50;1;94;94041;2;1;1;3;VERDUN (AV DE);48,8159400;2,3678400
201900041372;5;4;2019;16:00;1;94;94011;2;1;1;3;GROSS(RUE AUGUSTE);48,7667000;2,4833000
201900041401;12;2;2019;17:30;1;92;92046;2;9;1;3;GABRIEL PERI;48,8192000;2,3021900
201900041405;4;4;2019;09:30;1;92;92062;2;1;1;6;REPUBLIQUE (RUE DE LA) DU 102 AU 200;48,8837800;2,2335700
201900041413;4;4;2019;09:43;1;92;92048;2;1;1;7;JEAN JAURES (AVENUE) NÂ° 8 A 72;48,8097400;2,2425400
201900041421;5;4;2019;08:40;1;92;92012;2;1;1;2;ALPHONSE LE GALLO (QUAI) 1/34;48,8304306;2,2280730
201900041427;4;4;2019;14:45;1;33;33250;1;3;2;6;intersection D21et D129;44,6136800; -0,0275300
201900041444;4;4;2019;16:20;1;66;66141;2;1;1;3;avenue Torcatis;42,7447600;2,9174300
201900041468;5;4;2019;23:30;5;63;63338;2;3;1;3; rue aristide Briand/rue grands bassins;46,1678150;2,8323610
201900041471;7;4;2019;15:55;1;42;42267;2;1;1;6;Chemin des Cours;46,1541000;4,1230700
201900041485;6;4;2019;14:35;1;38;38027;2;3;1;1;route du faye - D9;45,4287400;5,9780400
201900041498;7;4;2019;12:30;1;6;06068;1;1;2;7;Route du Bar sur Loup;43,7205797;6,9746067
201900041501;5;4;2019;09:45;1;50;50031;1;2;2;3;D650;49,3786240; -1,7422820
201900041511;19;7;2019;17:08;1;17;17300;2;2;1;3;EGLANTIERS   RUE DES;46,1676430; -1,1239830
201900041515;18;7;2019;12:05;1;14;14118;2;2;8;3;BAYEUX (RUE DU 143 IMPAIR . 160 PAIR;49,1831500; -0,3845400
201900041533;20;7;2019;22:40;5;10;10362;2;2;1;3;GENERAL GALLIENI (RUE DU);48,2939100;4,0544100
201900041548;17;7;2019;10:25;1;5;05023;2;1;1;3;FORGUES (AVENUE DU PROF.);44,9055400;6,6303100
201900041569;18;7;2019;10:00;1;75;75120;2;1;1;2;RUE DES COURONNES;48,8702710;2,3851910
201900041571;19;7;2019;16:00;1;75;75119;2;1;1;3;RUE GASTON TESSIER;48,8963370;2,3757800
201900041575;18;7;2019;09:20;1;75;75118;2;5;1;3;RUE ORDENER;48,8917210;2,3487230
201900041576;18;7;2019;02:40;5;75;75118;2;7;1;3;PLACE ALBERT KAHN;48,8960090;2,3460000
201900041578;19;7;2019;08:45;1;75;75117;2;1;1;6;BOULEVARD BESSIERES;48,8955910;2,3172170
201900041579;19;7;2019;08:40;1;75;75117;2;2;1;3;BOULEVARD BERTHIER;48,8901150;2,3037800
201900041592;18;7;2019;06:50;1;75;75114;2;7;1;6;AVENUE PAUL VAILLANT COUTURIER;48,8159300;2,3439220
201900041595;18;7;2019;12:45;1;75;75111;2;2;1;6;RUE SEDAINE;48,8564420;2,3735060
201900041597;20;7;2019;15:20;1;75;75110;2;1;1;3;RUE JACQUES LOUVEL TESSIER;48,8715880;2,3713360
201900041607;19;7;2019;09:15;1;75;75104;2;3;1;3;RUE GEOFFROY L ASNIER;48,8541150;2,3558000
201900041615;18;7;2019;16:05;1;94;94003;2;1;1;6;ARISTIDE BRIAND (AV);48,8045200;2,3253100
201900041620;19;7;2019;17:35;1;94;94033;2;3;1;6;ROGER SALENGRO (R);48,8516200;2,4869300
201900041650;19;7;2019;07:50;1;92;92073;2;1;8;6;TOURNEROCHES (RUE DES);48,8627400;2,2169200
201900041654;19;7;2019;17:50;1;92;92051;2;1;9;3;PAULINE BORGHESE (RUE);48,8849300;2,2682700
201900041659;18;7;2019;09:00;1;92;92009;2;1;1;6;VERDUN (AVENUE);48,9167310;2,2682350
201900041669;18;7;2019;02:45;3;22;22259;1;1;1;1;Rue des FrÃ¨res l'Hermitte;48,4736250; -2,0878150
201900041688;19;7;2019;18:50;1;41;41010;2;1;1;3;Route de Galette;47,8489620;0,9954200
201900041690;18;7;2019;13:15;1;31;31157;2;6;1;3;Avenue du GÃ©nÃ©ral Leclerc Philippe de Hautecloque;43,5390390;1,3394990
201900041724;12;12;2019;13:35;1;37;37109;2;1;2;3;Rue FranÃ§ois Rabelais;47,4036904;0,6031199
201900041739;12;12;2019;12:10;1;88;88196;2;1;1;6;Boulevard de Saint-diÃ©;48,0718420;6,8817650
201900041745;11;12;2019;21:15;5;14;14762;2;3;3;3;Rue Deslongrais;48,8378600; -0,8891650
201900041769;28;11;2019;18:20;3;976;97611;1;9;1;7;m'tsapere-Nationale 2 (route); -12,8047900;45,2106300
201900041772;16;11;2019;18:00;1;974;97407;2;1;1;7;SACRE COEUR (RD POINT) -RIV. DES GALETS ; -20,9567300;55,3134600
201900041784;10;12;2019;09:23;1;91;91645;2;9;9;7;PARIS (RUE DE);48,7393720;2,2469100
201900041789;10;12;2019;08:45;1;86;86194;2;3;1;3;PAIX (AVENUE DE LA);46,5893569;0,3341117
201900041804;9;12;2019;18:25;4;67;67218;1;1;8;3;ALFRED KASTLER (ROUTE);48,5374000;7,7463800
201900041805;9;12;2019;12:50;1;67;67482;2;1;1;3;LAUSANNE (RUE DE);48,5758000;7,7563000
201900041807;7;12;2019;09:15;1;67;67447;2;1;2;2;BISCHWILLER (ROUTE DE);48,6047250;7,7476630
201900041811;9;12;2019;11:36;1;65;65440;2;1;1;2;DESPOURRINS (RUE);43,2333800;0,0731400
201900041829;9;12;2019;16:00;1;49;49007;2;1;1;3;HOTEL DIEU AVENUE;47,4806300; -0,5597300
201900041836;10;12;2019;07:30;5;37;37261;2;2;1;3;CURIE (RUE PIERRE ET MARIE);47,4289200;0,6838700
201900041865;10;12;2019;09:30;1;6;06069;2;1;1;3;RENOIR (AVENUE AUGUSTE);43,6797930;6,9482970
201900041869;10;12;2019;14:00;1;75;75120;2;1;1;6;RUE D AVRON;48,8529980;2,4077770
201900041885;13;5;2019;10:10;1;94;94068;2;7;1;3;8 MAI 1945 (CARR DU);48,8022300;2,4923800
201900041887;12;5;2019;09:40;1;94;94068;2;1;1;3;MARNE (BD DE LA);48,7907612;2,5067337
201900041892;2;5;2019;20:45;2;94;94068;2;2;1;3;BOURDIGNON (R);48,8050200;2,4778400
201900041896;27;5;2019;13:25;1;94;94058;2;3;1;3;GABRIEL PERI (AV);48,8373200;2,5002000
201900041897;19;4;2019;14:30;1;94;94042;2;3;1;3;PARIS (R DE);48,8150000;2,4700000
201900041908;10;5;2019;11:30;1;94;94046;2;1;1;3;GENERAL DE GAULLE (AV DU);48,8026800;2,4286200
201900041913;27;5;2019;19:05;1;94;94003;2;1;1;1;LAPLACE (AV);48,8075800;2,3343000
201900041921;16;5;2019;15:40;1;94;94037;2;1;1;6;ARCUEIL (R D);48,8142800;2,3469300
201900041943;12;5;2019;09:30;1;94;94021;2;1;1;3;PEPINIERES (AV);48,7670000;2,3498500
201900041953;16;5;2019;19:00;1;94;94033;2;2;1;2;PEPINIERE (AV DE LA);48,8453200;2,4511200
201900041959;23;5;2019;17:54;1;94;94028;2;9;1;3;SARRAIL.(RUE DU GENERAL);48,7946800;2,4560100
201900041995;15;5;2019;08:50;1;94;94018;2;1;7;3;GRAVELLE (AV DE);48,8284100;2,4049700