Num_Acc;jour;mois;an;hrmn;lum;dep;com;agg;int;atm;col;adr;lat;long
201900041997;10;5;2019;09:00;1;94;94018;2;3;1;3;PARIS (R DE);48,8214429;2,4138524
201900042012;17;5;2019;16:37;1;94;94044;2;9;1;3;EUGENE VARLIN (R);48,7423500;2,4912500
201900042013;13;5;2019;11:00;1;94;94071;2;2;1;3;MAURICE BERTEAUX (R);48,7739400;2,5172300
201900042046;13;5;2019;19:50;1;93;93070;2;3;1;3;ALBERT-DHALENNE (RUE);48,9145100;2,3322000
201900042048;6;5;2019;16:55;1;93;93070;2;1;1;3;MICHELET(AV):NÂ°1AU 103;48,9105200;2,3441200
201900042055;24;5;2019;09:30;1;93;93066;2;2;1;3;"""LANDY RD 20, NR IMPAIRS 146 A 254""";48,9142105;2,3442078
201900042058;17;5;2019;09:00;1;93;93066;2;1;1;2;WILSON (AVENUE DU PRESIDENT);48,9024700;2,3589900
201900042059;15;5;2019;19:50;1;93;93066;2;2;1;3;FRUITIERS (AVENUE);48,9165100;2,3547600
201900042089;8;1;2019;16:30;1;84;84007;2;3;1;6;AMANDIER (Avenue de l');43,9317000;4,8472800
201900042098;14;6;2019;10:45;1;63;63113;2;3;1;6;INDUSTRIE (RUE DE L');45,7857140;3,1195180
201900042118;1;6;2019;20:50;1;25;25056;2;1;1;5;20 rue de Vesoul;47,2504300;6,0186000
201900042119;12;6;2019;18:00;1;21;21231;2;1;1;3;PIERRE DE COUBERTIN (RUE);47,3118100;5,0808500
201900042137;30;5;2019;19:00;1;13;13206;2;1;1;6;BAILLE (BOULEVARD);43,2864300;5,3858900
201900042205;2;6;2019;20:10;1;974;97409;2;1;1;3;Rue Alphonse Daudet; -20,8945700;55,4597600
201900042206;29;5;2019;12:15;1;974;97409;2;1;1;3;Rue Arc en ciel; -20,9634200;55,6437000
201900042210;3;6;2019;16:30;1;974;97407;2;1;1;3;VERGES(AVENUE); -20,9394700;55,3028000
201900042213;28;5;2019;18:10;5;974;97407;2;3;1;6;Avenue Raymond VergÃ¨s; -20,9395600;55,3026700
201900042217;12;6;2019;14:00;1;973;97302;2;2;1;3;MANDELA  (BOULEVARD);4,9400474; -52,3266507
201900042295;6;11;2019;12:30;1;83;83137;2;3;1;3;BORIES (RUE PIERRE);43,1237400;5,9595100
201900042299;2;11;2019;11:55;1;77;77285;2;2;2;3;D1009T X AV MAURICE DAUVERGNE;48,5429400;2,6315800
201900042311;5;11;2019;09:10;1;70;70550;2;1;1;3;GIRARD (RUE JEAN GEORGES);47,6301100;6,1416600
201900042313;5;11;2019;23:30;3;67;67204;1;1;1;2;WANTZENAU (ROUTE DE LA);48,6354100;7,7738200
201900042330;5;11;2019;08:24;1;49;49007;2;1;2;3;LIZE;47,4905500; -0,5647400
201900042342;6;11;2019;09:00;1;35;35238;1;2;1;3;PREVALAYE (CHEMIN DE LA);48,0980400; -1,7272000
201900042344;5;11;2019;08:50;1;34;34172;2;1;1;3;RAYMOND DUGRAND (AVENUE);43,5936200;3,9059400
201900042380;5;11;2019;17:40;5;75;75118;2;1;1;3;BOULEVARD BARBES;48,8854128;2,3495246
201900042383;6;11;2019;15:10;1;75;75120;2;1;1;6;RUE DES COURONNES;48,8722710;2,3893560
201900042393;5;11;2019;15:00;1;75;75114;2;1;1;3;RUE LEBOUIS;48,8364510;2,3219300
201900042394;6;11;2019;18:05;5;75;75111;2;3;2;6;BOULEVARD VOLTAIRE;48,8610043;2,3748363
201900042413;2;3;2019;12:20;1;68;68222;1;1;1;3;DÃ©partementale 473;47,5278970;7,4135820
201900042423;24;2;2019;18:20;1;29;29135;1;1;1;6;lieu dit hent croas;47,8285040; -4,1935690
201900042463;27;2;2019;16:50;1;50;50639;2;3;1;3;Rue du GÃ©nÃ©ral HUARD;48,8419330; -1,2192580
201900042469;25;2;2019;17:35;1;64;64493;2;1;7;3; Avenue de NAVARRE;43,3158207; -1,0199473
201900042476;26;2;2019;16:20;1;53;53147;2;6;1;2;Place de l'europe;48,3010870; -0,6237010
201900042499;24;2;2019;11:50;1;78;78406;1;1;1;7;Route de Romainville;48,7305000;2,0399430
201900042511;1;3;2019;15:40;1;973;97309;2;1;1;3;Route de DÃ©grade;4,8909047; -52,2882485
201900042514;14;2;2019;17:00;1;33;33192;2;3;1;6;Rue de Canteloup / impasse Rodin;44,7648900; -0,6175500
201900042565;8;1;2019;08:19;1;83;83112;2;1;1;1;47 avenue de tauroentum;43,1804080;5,7103270
201900042571;24;2;2019;11:20;1;13;13030;2;2;1;3;RD8N PK 60.100;43,2755120;5,7156730
201900042572;26;2;2019;12:05;1;13;13072;2;1;1;2;D908;43,4336300;5,6270000
201900042579;25;2;2019;17:40;1;57;57303;1;1;1;3;RD 52;49,2197780;6,1874850
201900042585;27;2;2019;04:30;3;73;73228;1;1;1;2;D1006;45,5445960;5,8819426
201900042586;25;2;2019;14:50;1;42;42319;1;1;1;3;d 10;45,7125630;4,2980250
201900042590;22;2;2019;16:50;1;38;38474;2;6;1;3;Place Jean PrÃ©vost;45,2130800;5,6615600
201900042611;16;1;2019;04:00;3;63;63453;1;1;1;7;D 2089 - CHIGNAT;45,7919650;3,2985820
201900042632;30;9;2019;19:00;2;75;75111;2;5;1;6;RUE DE MONTREUIL;48,8504732;2,3844620
201900042637;30;9;2019;11:15;1;75;75111;2;2;1;6;RUE SAINT MAUR;48,8684390;2,3749350
201900042650;30;9;2019;13:45;1;94;94068;2;1;1;6;CRETEIL (BD DE);48,7980773;2,4874002
201900042662;30;9;2019;12:20;1;94;94017;2;1;1;6;GENERAL DE GAULLE (AV DU);48,8202400;2,4853500
201900042673;30;9;2019;16:45;1;93;93046;2;1;1;6;ARISTIDE BRIAND AVENUE;48,9113800;2,5177700
201900042718;11;1;2019;09:00;1;86;86194;2;4;1;3;PETIT POLYGONE (RUE DU);46,5773100;0,3588100
201900042728;3;1;2019;19:00;5;68;68066;2;7;2;3;LATTRE DE TASSIGNY (PLACE JEAN DE);48,0785750;7,3518690
201900042754;12;1;2019;17:18;1;49;49007;2;1;1;2;JOUVET SQUARE;47,4514900; -0,5266500
201900042756;12;1;2019;11:26;1;49;49246;2;1;1;7;BROSSE CHEMINE DE LA;47,4393300; -0,5055700
201900042764;30;9;2019;18:00;1;77;77415;2;1;1;7;D603-100 rue pasteur;48,9538900;3,0083500
201900042765;14;1;2019;07:55;5;45;45234;2;2;8;3;ROUTE D'OLIVET;47,8849100;1,9044200
201900042769;30;9;2019;10:15;1;83;83107;1;1;7;3;Chemin de l'Homede;43,4216190;6,6808740
201900042774;14;1;2019;13:40;1;37;37261;2;2;1;3;CHOISEUL (PLACE);47,4015800;0,6683800
201900042776;1;10;2019;09:20;1;64;64230;1;6;1;3;rond-point Baragat, N134;43,2370466; -0,3899496
201900042777;14;1;2019;07:28;4;37;37208;2;6;8;3;LAC (AVENUE DU);47,3670936;0,7205597
201900042825;14;1;2019;17:00;5;75;75106;2;2;1;3;RUE DE BUCI;48,8531460;2,3358880
201900042832;14;1;2019;17:05;5;75;75113;2;2;1;6;AVENUE D ITALIE;48,8261820;2,3572730
201900042857;29;9;2019;18:15;1;74;74305;2;1;1;6;TOURNELLES (RUE DES);46,2000316;6,2458039
201900042869;28;9;2019;16:55;1;62;62826;2;1;3;6;THIERRY SABINE (BOULEVARD);50,5314200;1,5864950
201900042877;29;9;2019;21:00;5;54;54547;2;1;2;1;28 rue Aristide Briand;48,6729420;6,1824020
201900042879;28;9;2019;10:07;1;50;50165;2;1;1;2;D 135E;48,8524700; -1,5624000
201900042883;29;9;2019;05:58;5;37;37214;2;1;1;7;CROIX PERIGOURD (RUE DE LA);47,4121925;0,6592749
201900042888;15;1;2019;14:20;1;89;89459;1;3;1;3;RD 369;48,1538510;3,1687530
201900042913;15;1;2019;15:28;1;13;13029;1;3;1;1;D70 - CHEMIN DE LA COPÃRATIVE;43,5720910;5,0753450
201900042962;11;1;2019;10:30;1;95;95476;2;6;2;3;JULES CESAR (CHAUSSEE);49,0498300;2,0746800
201900042975;1;9;2019;18:30;1;69;69046;2;2;1;3;intersection rue de la fÃ©e des eaux et rue des corcelles;45,6518500;4,7963200
201900042992;26;8;2019;17:15;1;74;74173;2;6;1;3;Rue d'Oberstdorf;45,8592630;6,6198800
201900042997;27;8;2019;10:25;1;77;77051;2;3;1;3;Rue Pasteur;48,4099940;3,2344814
201900042998;28;8;2019;20:10;2;67;67414;2;6;1;3;D1420;48,4578330;7,2082850
201900043007;30;8;2019;16:00;1;80;80010;2;3;1;1;17 Rue Saint-Martin;49,7568400;2,3629760
201900043016;26;8;2019;08:20;1;11;11170;2;4;8;6;BOULEVARD PECH MAYAUD;43,1116300;3,0948600
201900043023;23;8;2019;09:00;1;63;63350;1;2;1;1;D212;45,7247870;3,2784400
201900043038;29;8;2019;09:50;1;68;68068;2;6;1;3;Rue de Belfort;47,6311340;7,1152510
201900043039;25;8;2019;11:00;1;39;39261;1;1;1;3;;46,4636070;5,4487560
201900043047;27;8;2019;17:15;1;29;29249;2;1;1;6;vieille route de chateauneuf du faou;48,1629140; -3,7885760
201900043049;25;8;2019;10:11;1;29;29135;2;3;1;2;gÃ©nÃ©ral de gaulle;47,8338018; -4,1706952
201900043054;28;8;2019;13:15;1;38;38229;2;3;1;3;Rue Dubois AymÃ©;45,2117700;5,7898800
201900043062;27;8;2019;18:45;1;1;01231;1;3;1;3;RD 933;46,3489590;4,9001610
201900043073;23;8;2019;08:20;1;54;54299;1;1;1;3;RD9;48,4713210;6,2733380
201900043094;31;8;2019;10:45;1;45;45182;1;1;1;3;Route de Villeny;47,6786350;1,7811590
201900043128;29;8;2019;17:30;1;27;27056;2;9;1;3;Rue Jean Racine;49,0802540;0,5966290
201900043132;31;8;2019;08:00;1;17;17392;1;1;1;2;RD 2 E1;45,4398830; -0,7560420
201900043167;7;4;2019;15:30;1;13;13051;1;1;1;2;D10;43,5343110;5,1126460
201900043185;5;4;2019;11:12;1;91;91386;2;6;1;6;Avenue Darblay;48,5671870;2,4262040
201900043197;5;4;2019;13:40;1;58;58117;2;6;1;3;Rue du Pont;47,0123800;3,0785610
201900043198;27;3;2019;13:50;1;67;67223;1;1;1;3;RD 147;48,5027080;7,5669380
201900043271;31;1;2019;08:45;1;94;94043;2;1;4;7;FONTAINEBLEAU (AV DE);48,8148604;2,3607647
201900043283;3;4;2019;08:00;1;69;69383;2;2;2;3;GAMBETTA                            (CO);45,7521000;4,8522300
201900043294;29;3;2019;11:35;1;88;88519;2;6;1;1;Route Principale;48,3450400;6,8920100
201900043300;3;4;2019;11:10;1;67;67447;2;1;1;6;BISCHWILLER (ROUTE DE);48,6030500;7,7462300
201900043307;2;4;2019;11:45;1;49;49007;2;1;1;3;MIRABEAU;47,4596148; -0,5492467
201900043310;3;4;2019;07:20;1;42;42095;2;1;2;3;RD 88;45,3821800;4,2787600
201900043314;3;4;2019;14:20;1;37;37261;2;3;8;6;BOURDAISIERE (ALLEE DE LA);47,3863445;0,6953520
201900043318;3;4;2019;11:00;1;34;34172;2;1;2;3;ANTONELLI (AVENUE DU PROFESSEUR ETIENNE);43,5998700;3,8955800
201900043327;3;4;2019;08:55;1;13;13201;2;1;8;2;NATIONAL   1 A 51 (BOULEVARD);43,3024200;5,3868500
201900043337;19;7;2019;18:30;1;76;76605;2;3;1;1;Chemin Sous les BruyÃ¨res;49,9098310;0,9579206
201900043376;19;7;2019;15:20;1;6;06038;1;3;1;1;route de Nice;43,6730950;6,9914920
201900043388;21;7;2019;14:50;1;36;36001;1;1;1;2;La Bouzanne;46,4466160;1,8078530
201900043393;18;7;2019;12:15;1;40;40128;1;1;1;3;route des pyrÃ©nÃ©es;43,6828380; -0,5981560
201900043395;19;7;2019;12:15;1;24;24081;2;1;1;7;Le bourg;44,8801000;1,3515500
201900043409;18;7;2019;11:00;1;30;30006;1;6;1;3;d 6313;43,6843310;4,2077280
201900043430;20;7;2019;11:50;1;971;97131;1;1;2;7;Route de l'Anse Rodrigue;15,8586380; -61,5796230
201900043435;27;6;2019;08:13;1;18;18285;1;2;1;3;D27;47,0257070;2,2103390
201900043460;18;7;2019;10:50;1;73;73329;1;1;1;3;D1504 Route du Bourget;45,6176261;5,8821021
201900043464;20;7;2019;05:50;2;38;38348;1;1;1;3;Route D1006;45,5834410;5,3213330
201900043471;17;7;2019;11:00;1;17;17161;1;6;1;3;RD 735;46,1796120; -1,3334400
201900043481;20;7;2019;19:05;1;59;59466;2;1;7;1;Rue des Tisserands;50,5209940;3,1173860
201900043531;10;12;2019;09:20;1;75;75115;2;1;1;2;BOULEVARD VICTOR;48,8355172;2,2801791
201900043534;10;12;2019;13:01;1;75;75109;2;1;1;6;RUE SAINT LAZARE;48,8758670;2,3291830
201900043536;10;12;2019;19:15;5;75;75108;2;7;2;3;PLACE DE LA CONCORDE;48,8649441;2,3193693
201900043540;10;12;2019;08:50;1;75;75104;2;1;1;3;QUAI DE L HOTEL DE VILLE;48,8536450;2,3569073
201900043543;10;12;2019;09:00;1;94;94046;2;1;1;3;GENERAL LECLERC - CAR DE LA RESISTANCE (;48,8126500;2,4280700
201900043577;2;12;2019;17:55;5;38;38229;2;1;1;3;Allee de la Faculte;45,2089400;5,7754170
201900043618;9;12;2019;06:15;1;972;97209;2;4;1;3;PIONNIERS (RUE DES);14,6019819; -61,0782444
201900043625;28;11;2019;16:00;1;51;51454;2;2;1;1;RUE DES MOULINS;49,2455800;4,0358800
201900043626;6;6;2019;15:57;1;49;49007;2;1;1;3;FOCH BOULEVARD;47,4675800; -0,5513700
201900043628;7;12;2019;17:48;5;30;30189;2;9;1;2;Lt Col Pierre COLIN;43,8367240;4,3602915
201900043638;9;12;2019;18:45;5;972;97209;2;1;1;1;ABATTOIR (RUE DE L');14,6035300; -61,0738700
201900043662;8;12;2019;05:50;5;71;71475;2;1;2;7;AUGUSTE MARTIN (RUE);46,7640000;4,8380000
201900043686;9;12;2019;18:55;5;35;35238;2;2;1;3;SAINT-HELIER;48,1069680; -1,6706130
201900043687;9;12;2019;15:40;1;35;35238;2;2;1;3;PATTON (AVENUE DU GENERAL SIR GEORGES);48,1326900; -1,6613700
201900043690;8;12;2019;18:10;5;33;33063;2;2;1;3;RUE DUPATY;44,8585600; -0,5636500
201900043694;4;12;2019;18:50;5;27;27229;2;1;5;3;DESMOULINS (RUE C. ET L.);49,0303200;1,1792500
201900043700;9;12;2019;14:14;3;14;14574;1;1;1;6;DIVES (D.45 route de);49,1597300;0,1935300
201900043732;13;5;2019;09:05;1;93;93053;2;3;1;1;CHASSE (RUE DE LA);48,8795400;2,4559500
201900043735;12;5;2019;21:25;5;93;93051;2;1;1;5;NEUILLY (ROUTE);48,8499600;2,5362900
201900043739;22;5;2019;13:00;1;93;93051;2;9;1;3;GEORGES CLEMENCEAU (AVENUE);48,8400000;2,5500000
201900043753;1;5;2019;06:50;2;93;93048;2;3;1;1;ETIENNE MARCEL (RUE);48,8576100;2,4274200
201900043763;20;5;2019;20:50;1;93;93006;2;9;1;6;MOULIN RUE DU;48,8721710;2,4239470
201900043767;15;5;2019;08:50;1;93;93061;2;1;7;3;ESTIENNE D'ORVES RUE D';48,8856710;2,4014140
201900043777;22;5;2019;18:00;1;93;93032;2;1;1;3;CONTANT   (RUE);48,8919200;2,5313100
201900043783;14;5;2019;11:20;1;93;93066;2;1;1;3;BLES;48,9129450;2,3594530
201900043811;27;5;2019;12:35;1;93;93057;2;9;1;7;MONTYON (AL.) 1 A 74;48,9130370;2,5063150
201900043826;30;4;2019;20:06;2;93;93010;2;3;1;3;BOREL (RUE);48,9067880;2,4861250
201900043879;27;5;2019;08:05;1;92;92075;2;1;8;2;LARMEROUX (RUE);48,8165258;2,2802717
201900043880;24;5;2019;10:50;1;92;92046;2;2;1;6;PAUL BERT (RUE);48,8192414;2,2978404
201900043886;14;5;2019;09:25;1;92;92075;2;6;1;3;HENRI BARBUSSE (ROND POINT);48,8143000;2,2874000
201900043888;9;5;2019;10:45;5;92;75075;2;1;1;6;JACQUES JEZEQUEL (AVENUE);48,8197200;2,2905600
201900043913;11;6;2019;23:40;5;69;69386;2;7;2;3;RENE DEROUDILLE                        (;45,7659500;4,8558300
201900043935;30;5;2019;15:45;1;69;69383;2;1;1;3;FELIX FAURE                         (AV);45,7531600;4,8549000
201900043938;30;5;2019;03:00;5;69;69383;2;2;1;3;EUGENIE                             (CO);45,7488600;4,8871800
201900043974;7;6;2019;08:01;1;69;69385;2;1;1;1;PIERRE SCIZE                        (QU);45,7673708;4,8266995
201900043983;31;5;2019;16:15;1;69;69382;2;1;7;5;BELLECOUR                           (PL);45,7581900;4,8332600
201900044007;15;6;2019;18:45;1;95;95607;2;3;1;3;HERBLAY (RUE D';49,0189400;2,2125500
201900044011;14;6;2019;09:25;1;95;95018;2;3;1;1;ROLLAND (ALLEE ET PLACE ROMAI;48,9508400;2,2310700
201900044012;14;6;2019;20:20;1;91;91589;2;2;1;3;PERI (AVENUE GABRIEL);48,6911300;2,3503100
201900044020;17;6;2019;07:00;1;91;91161;2;9;1;3;LONGJUMEAU (route de);48,7094400;2,2974600
201900044047;14;6;2019;17:57;1;87;87085;2;1;3;2;4 CHURCHILL WINSTON (PLACE);45,8316100;1,2535100
201900044059;4;6;2019;18:43;1;87;87085;2;1;1;3;LANDOUGE (AVENUE DE);45,8391900;1,2118500
201900044088;25;2;2019;16:15;1;60;60671;1;1;1;7;Chemin communal C11;49,1619448;2,7724110
201900044090;26;2;2019;18:00;1;62;62014;2;1;7;2;80 boulevard Foch;50,6360530;2,3936170
201900044141;20;9;2019;13:00;1;92;92026;2;1;1;6;EDITH CAVEL (DE01 A 46);48,9031300;2,2682060
201900044240;31;10;2019;16:15;1;81;81105;2;1;1;3;2 Rue Beausejour;43,7642010;1,9832570
201900044249;29;10;2019;15:10;1;22;22272;1;2;3;3;Traou Maudez;48,5669880; -3,1315890
201900044257;7;11;2019;18:35;3;27;27448;1;1;2;2;D141;48,9973300;1,3455870
201900044284;20;2;2019;16:50;1;76;76540;2;1;1;1;DESSEAUX. RUE;49,4309900;1,0930200
201900044292;23;2;2019;09:00;1;64;64545;1;1;1;3;RD810;43,3460849; -1,7522329
201900044315;19;2;2019;18:30;5;38;38563;2;6;1;3;BRUNERIE (CARREFOUR DE LA);45,3797000;5,5808500
201900044322;4;11;2019;21:20;3;971;97101;2;1;1;2;PETIT PEROU;16,2574842; -61,5198424
201900044324;2;11;2019;05:00;5;971;97101;1;1;2;2;GRAND CAMP(SECTION);16,2538400; -61,5410300
201900044347;17;2;2019;13:22;1;22;22187;2;1;1;7;PECHEURS (rue des );48,5325003; -2,7308621
201900044348;4;11;2019;10:35;1;80;80021;2;1;1;3;ALEXANDRE DUMAS (RUE);49,8715500;2,2986600
201900044358;21;2;2019;16:40;1;13;13210;2;9;1;1;RABATAU (BOULEVARD);43,2811600;5,3994600
201900044365;4;11;2019;23:50;5;67;67482;2;1;1;6;WILSON (TUNNEL WODLI );48,5881200;7,7373800
201900044366;4;11;2019;10:45;1;67;67482;2;1;1;3;SCHUTZENBERGER (AVENUE);48,5951150;7,7583240
201900044389;23;2;2019;17:50;1;75;75115;2;2;1;3;RUE DE LA CONVENTION;48,8367550;2,2980600
201900044393;30;10;2019;20:42;5;49;49007;2;1;3;3;CHEF DE VILLE;47,4762200; -0,5729800
201900044398;5;11;2019;20:50;5;37;37261;2;7;2;6;COLLON (RUE GEORGES);47,3817000;0,7067200
201900044403;25;10;2019;13:07;1;33;33063;2;2;1;2;RUE DES VIGNES;44,8320000; -0,5656900
201900044429;13;1;2019;08:20;1;83;83137;2;6;1;3;BON RENCONTRE (ROND POINT);43,1279700;5,9071900
201900044438;13;1;2019;18:50;5;17;17300;2;1;1;6;POINCARE   AVENUE RAYMOND;46,1669000; -1,1923700
201900044451;13;1;2019;14:55;1;75;75118;2;3;1;6;RUE DAMREMONT;48,8893040;2,3335550
201900044471;13;1;2019;13:10;1;33;33381;2;6;2;3;Avenue de LUZANNE;44,7486700; -0,4323800
201900044484;12;1;2019;16:15;1;24;24532;1;2;2;3;moulin neuf;44,6691000;0,4653300
201900044492;13;1;2019;19:30;5;974;97415;2;1;1;1;RN1A; -21,0148224;55,2707248
201900044494;14;1;2019;07:30;1;973;97304;2;3;7;2;fÃ©lix Ã©bouÃ©;5,1663751; -52,6398857
201900044531;7;1;2019;17:45;1;974;97407;1;6;8;3;TAMATAVE (BOULEVARD); -20,9306320;55,3080820
201900044534;12;1;2019;07:30;1;973;97302;2;6;1;3;GALMOT (AVENUE);4,9313800; -52,3299000
201900044541;10;1;2019;17:30;5;69;69388;2;1;1;6;ETATS UNIS (DES)                    (BD);45,7361000;4,8620900
201900044546;8;1;2019;08:25;1;69;69383;2;1;2;3;FELIX FAURE                         (AV);45,7555600;4,8751900
201900044612;9;1;2019;17:24;2;87;87085;2;3;1;3;GAY-LUSSAC (COURS);45,8364800;1,2652000
201900044619;8;1;2019;18:35;5;85;85194;2;2;1;3;RUE DU DOCTEUR CHARCOT;46,5058380; -1,7853170
201900044621;28;9;2019;12:25;1;70;70489;1;1;1;2;route des vosges, D.486;47,8366858;6,7139078
201900044646;30;9;2019;13:30;1;4;04106;1;3;1;6;RD 116 / RD 12;43,9574330;5,8669230
201900044648;13;8;2019;08:05;1;13;13004;1;1;1;1;RD.8Chemin de l'Ilon et PÃ¢ti;43,6686890;4,7405910
201900044666;28;9;2019;18:00;1;69;69259;2;3;1;3;MARCEL SEMBAT                       (BD);45,7130800;4,8768300
201900044679;27;9;2019;18:01;1;77;77108;2;2;1;6;D34A X CHEMIN DU VIEUX MOULIN;48,8698900;2,5921100
201900044698;28;9;2019;10:08;1;32;32013;2;6;1;3;rond point des justes;43,6628100;0,5994000
201900044707;28;9;2019;08:40;1;10;10362;2;4;3;2;DANTON (RUE);48,2954600;4,0618600
201900044714;28;9;2019;18:30;1;75;75116;2;1;1;2;VOIE GEORGES POMPIDOU;48,8492730;2,2767820
201900044716;28;9;2019;12:57;1;75;75116;2;4;1;2;ROUTE DES TRIBUNES;48,8638660;2,2366033
201900044744;28;9;2019;20:15;3;74;74070;1;1;1;5;D1005;46,2853950;6,2632740
201900044749;29;9;2019;09:10;1;81;81325;1;1;1;5;RD621;43,5529964;2,1872413
201900044756;28;9;2019;18:10;2;38;38065;1;3;7;3;D51b;45,4435420;5,4295320
201900044760;29;9;2019;11:50;1;64;64559;1;1;7;6;Route de Saint-Palais;43,2578560; -0,8791870
201900044764;28;9;2019;21:45;3;40;40046;2;1;1;3;Route de Parentis;44,3790710; -1,1380480
201900044768;29;9;2019;19:15;1;30;30006;2;6;1;2;Chemin d'Aigues Vives;43,6988860;4,2031820
201900044823;30;8;2019;15:18;1;974;97420;2;1;8;6;Chemin Transversal du Bel-Air; -20,9072380;55,5828050
201900044840;25;8;2019;11:00;1;95;95690;1;1;1;6;Rue Saint-Romain;49,1035520;1,8344430
201900044843;28;8;2019;16:54;1;78;78655;1;2;1;3;Route d'Auffargis;48,6822200;1,8869070
201900044850;27;8;2019;06:36;1;84;84019;2;6;1;3;Rond-Point des Portes de Provence;44,2882460;4,7520450
201900044865;31;8;2019;10:40;1;68;68344;1;1;1;1;route nationale 66;47,8819770;6,9216720
201900044866;29;8;2019;17:55;1;68;68063;2;1;1;2;41 A Avenue Charles de Gaulle;47,8005750;7,1823630
201900044868;18;8;2019;10:35;1;67;67100;2;1;1;7;D758;48,7170530;7,6513080
201900044896;29;6;2019;16:00;1;9;09302;1;1;1;7;Aygue-Rouge et Arbu;42,8064610;1,4205660
201900044898;25;8;2019;18:55;1;17;17121;1;9;1;3;RD 735;46,1984450; -1,4261660
201900044899;31;8;2019;18:55;1;33;33268;2;3;7;3;D2;45,0408240; -0,6742550
201900044902;29;8;2019;13:00;1;33;33519;2;1;7;3;Chemin de Sabaton;44,9054400; -0,6863200
201900044910;25;8;2019;19:30;1;22;22201;1;3;1;7;LA THEBAUDAIS;48,6589170; -2,3263820
201900044913;21;8;2019;19:00;1;27;27168;2;1;1;3;17 Route d'Amfreville-Sous-Les-Monts;49,2555670;1,2704580
201900044922;28;8;2019;15:20;1;60;60628;2;2;1;6;rue aimÃ© besnard;49,4251660;2,1347410
201900044970;2;4;2019;12:21;1;75;75115;2;2;1;6;RUE BRANCION;48,8321370;2,3029730
201900044972;3;4;2019;09:00;1;75;75119;2;1;1;3;BOULEVARD DE LA VILLETTE;48,8759730;2,3726610
201900044976;3;4;2019;18:20;1;75;75113;2;1;1;1;QUAI PANHARD ET LEVASSOR;48,8277820;2,3852720
201900044979;2;4;2019;13:40;1;75;75112;2;1;1;4;RUE DE BERCY;48,8440780;2,3728270
201900044986;2;4;2019;09:25;1;94;94081;2;9;8;3;GABRIEL PERI (R);48,7980000;2,3990000
201900045021;3;4;2019;07:05;3;44;44087;2;1;2;2;Rue de Nantes (Machecoul);46,9915710; -1,8087580
201900045028;28;3;2019;20:15;3;88;88160;1;1;1;3;LIEU DIT LES 4 VENTS;48,1306580;6,4328550
201900045067;2;4;2019;11:10;1;69;69259;2;7;1;1;ACACIAS (DES)                       (AL);45,7247697;4,8690838
201900045069;2;4;2019;17:00;1;972;97209;1;1;1;3;FONTAINE DIDIER (RUE DE LA);14,6386900; -61,0822600
201900045081;2;4;2019;16:15;1;91;91174;2;1;1;3;JEAN COCTEAU (RUE);48,6088700;2,4471600
201900045093;1;4;2019;08:20;1;67;67482;2;1;1;3;ROUGET DE L ISLE (QUAI);48,5876600;7,7636500
201900045107;1;4;2019;14:20;1;56;56121;2;1;1;7;MONISTROL (RUE);47,7370300; -3,3826300
201900045112;2;4;2019;16:10;1;51;51454;2;3;2;3;RUE DE L'EQUERRE;49,2487700;4,0364100
201900045114;2;4;2019;18:10;1;45;45234;2;1;2;7;RUE DE LA REPUBLIQUE;47,9041480;1,9043520
201900045134;2;4;2019;14:09;1;10;10387;2;1;1;3;ST DOMINIQUE (QUAI);48,2953100;4,0826300
201900045169;17;7;2019;23:55;5;69;69382;2;1;1;3;REPUBLIQUE (DE LA)                  (R );45,7643800;4,8358400
201900045174;17;7;2019;08:03;1;91;91692;1;6;1;3;CD35;48,6755600;2,1923400
201900045176;16;7;2019;09:46;1;87;87050;1;2;1;3;VILLAGEAS ( route de);45,8877100;1,2213800
201900045205;16;7;2019;20:40;1;37;37261;2;2;1;3;HEURTELOUP (BOULEVARD);47,3907800;0,6919300
201900045206;17;7;2019;09:05;1;37;37122;2;6;1;3;JAURES (BOULEVARD JEAN);47,3520600;0,6866400
201900045208;17;7;2019;16:30;1;35;35238;2;1;1;7;VEZIN (ROUTE DE);48,1162400; -1,7161900
201900045212;16;7;2019;21:30;1;33;33069;2;6;1;3;CRS LOUIS BLANC;44,8636500; -0,5945500
201900045226;17;7;2019;19:00;1;13;13208;2;1;1;3;MONTREDON (AVENUE DE);43,2446210;5,3721760
201900045250;16;7;2019;18:55;1;75;75115;2;2;1;6;BOULEVARD PASTEUR;48,8406410;2,3149820
201900045270;16;7;2019;17:40;1;93;93045;2;1;1;2;BRUYERES RUE DES;48,8788000;2,4131400
201900045286;18;7;2019;09:45;1;68;68030;1;9;1;1;CHEMIN VITICOLE;47,9274630;7,2326480
201900045289;17;7;2019;18:30;1;23;23245;1;6;1;2;RD47;46,2004040;1,8276230
201900045290;16;7;2019;11:45;1;67;67539;1;9;1;2;D58 - Roue de Krautwiller;48,7212780;7,6353440
201900045301;16;7;2019;15:20;1;76;76618;1;1;1;3;RD925 - Pk 106.950;49,9520000;1,2211000