Num_Acc;jour;mois;an;hrmn;lum;dep;com;agg;int;atm;col;adr;lat;long
201900045303;17;7;2019;14:30;1;86;86207;2;3;1;1;carrefour de la rue des sarrazins et de l'avenue du Mal De Lattre de Tassigny;46,7887190;0,8076780
201900045305;17;7;2019;08:45;1;29;29061;2;6;1;3;Route de Saint-Renan;48,4492120; -4,4763849
201900045307;13;7;2019;10:40;1;15;15198;1;1;1;7;RD 56;44,8720130;2,8644060
201900045309;16;7;2019;12:15;1;66;66003;2;9;1;6;Rue de la Riviera;42,4765650;2,6655260
201900045317;18;7;2019;09:35;1;85;85018;2;6;1;3;rue des sables;46,9110100; -2,0470600
201900045319;18;7;2019;09:50;1;30;30322;1;1;1;7;route dÃ©partementale 39;44,0666470;3,8340660
201900045342;9;12;2019;14:20;1;75;75119;2;1;2;3;RUE AUGUSTIN THIERRY;48,8761248;2,3937154
201900045350;9;12;2019;14:10;1;75;75114;2;1;1;3;RUE DE L ABBE CARTON;48,8281134;2,3197944
201900045351;9;12;2019;08:10;2;75;75114;2;4;3;3;RUE DU PERE CORENTIN;48,8241050;2,3277600
201900045356;9;12;2019;12:50;1;75;75109;2;1;1;6;BOULEVARD DE CLICHY;48,8834490;2,3333313
201900045359;9;12;2019;17:05;5;75;75104;2;3;1;6;RUE DE RIVOLI;48,8582340;2,3490770
201900045383;10;12;2019;16:11;1;25;25410;1;1;7;3;N57;47,2203500;6,0818420
201900045394;7;12;2019;16:15;1;61;61145;1;1;1;1;La Semasiere;48,5870900; -0,6145870
201900045467;7;12;2019;11:18;1;67;67180;2;6;2;3;LANDAU (ROND-POINT DE);48,8210000;7,7910000
201900045477;8;12;2019;11:05;1;17;17300;2;1;2;3;CHAMP DE MARS   AVENUE DU;46,1691200; -1,1495300
201900045488;7;12;2019;23:55;5;75;75119;2;2;1;3;AVENUE DE FLANDRE;48,8906240;2,3768500
201900045490;8;12;2019;22:02;5;75;75116;2;2;1;3;RUE JEAN DE LA FONTAINE;48,8511090;2,2723220
201900045497;7;12;2019;12:44;1;75;75108;2;4;1;3;AVENUE MONTAIGNE;48,8677213;2,3076868
201900045499;8;12;2019;19:45;5;75;75107;2;1;1;2;PLACE JOFFRE;48,8527256;2,3031753
201900045501;8;12;2019;21:45;5;75;75103;2;7;2;7;RUE DU PAS DE LA MULE;48,8560580;2,3666150
201900045511;7;12;2019;10:30;1;51;51608;1;1;1;7;RD 62;48,8421184;4,8529512
201900045518;21;5;2019;09:25;1;92;92072;2;1;1;7;GRANDE RUE;48,8239793;2,2097745
201900045538;14;5;2019;13:45;1;92;92063;2;2;1;3;FLOQUET (RUE CHARLES) EST;48,8751700;2,1775392
201900045540;9;5;2019;08:50;1;92;92063;2;3;2;3;REPUBLIQUE (AVENUE DE LA);48,8831700;2,1713100
201900045547;14;5;2019;08:35;1;92;92062;2;1;7;3;GENERAL DE GAULLE (AV) DU 44 AU 106;48,8865900;2,2315200
201900045553;19;5;2019;08:00;1;92;92051;2;1;1;6;ARGENSON (BOULEVARD, NÂ° 24 AU 48);48,8875400;2,2658900
201900045599;13;5;2019;13:40;1;92;92026;2;6;1;2;VICTOR HUGO (PLACE;48,8920800;2,2537700
201900045613;5;5;2019;14:15;1;92;92025;2;1;1;3;GENERAL LECLERC (PLACE DU);48,9227830;2,2526600
201900045619;29;5;2019;13:00;1;92;92023;2;3;1;6;GENERAL DE GAULLE (AVENUE DU);48,7853900;2,2514700
201900045622;24;5;2019;20:30;1;92;92023;2;1;1;6;PAIX (AVENUE DE LA);48,8151700;2,2723700
201900045640;15;5;2019;20:10;2;92;92012;2;1;1;3;VICTOR GRIFFUELHES (RUE) - COTE IMPAIR;48,8306900;2,2422000
201900045645;7;5;2019;12:20;1;92;92007;2;2;1;2;SUISSES (VOIE DES);48,8000500;2,3013960
201900045654;16;5;2019;17:35;1;92;92009;2;3;1;3;CHARLES-DE-GAULLE ( AVENUE );48,9199049;2,2770079
201900045662;21;5;2019;07:00;1;92;92002;2;3;1;2;ABBAYE (RUE DE L');48,7520281;2,2982585
201900045680;5;5;2019;11:42;1;35;35276;1;2;1;3;Rue de la Croisade;48,2653830; -1,8401500
201900045704;12;6;2019;16:46;1;86;86194;2;1;1;3;JEAN BRUNET (RUE);46,1947000;0,1947000
201900045707;6;6;2019;16:05;1;86;86194;2;6;1;3;GIBAUDERIE (RUE DE LA);46,5525192;0,3868040
201900045711;16;6;2019;09:25;1;85;85194;2;1;1;6; RUE DES DEUX PHARES;46,4921100; -1,7719100
201900045719;11;4;2019;20:34;2;84;84007;2;2;1;3;TROIS FAUCONS (rue des);43,9451200;4,8074200
201900045748;17;6;2019;13:22;1;80;80021;2;1;1;3;493, AV DU QUATORZE JUILLET 1789;49,8749200;2,2815700
201900045749;17;6;2019;16:35;1;80;80021;2;1;1;6;BATONNIER MAHIU (RUE DU);49,8961491;2,2746527
201900045750;14;6;2019;07:15;1;80;80021;2;1;2;3;R DE VIGNACOURT ;49,9058680;2,2896630
201900045755;11;6;2019;09:15;1;80;80021;2;3;1;3;11, R SAINT GERMAIN;49,8962600;2,2963400
201900045763;14;6;2019;10:28;1;79;79329;2;1;1;6;5 boulevard Pierre Curie;46,9797100; -0,2165900
201900045770;16;6;2019;22:44;4;78;78358;2;1;1;3;PARIS (RUE DE);48,9459000;2,1514600
201900045790;2;6;2019;15:35;1;77;77450;1;1;1;3;D 51;48,7249900;2,5951100
201900045793;13;6;2019;15:35;1;77;77058;2;1;1;6;D35-LAGNY (BOULEVARD DE);48,8335000;2,7059000
201900045811;1;6;2019;13:25;1;76;76341;2;6;1;2;BREQUE;49,5045000;0,1962000
201900045826;3;6;2019;17:05;1;74;74012;2;6;1;2;MERMOZ RUE JEAN);46,1945000;6,2515000
201900045832;17;6;2019;09:14;1;72;72095;2;1;1;3;SAINT NICOLAS (BD);48,0278300;0,2023500
201900045847;13;6;2019;21:55;1;71;71270;2;1;1;3;LACRETELLE (RUE);46,3041900;4,8297100
201900045858;24;2;2019;17:05;1;93;93005;2;3;1;2;PREFET CHALEIL (CD44) (RUE DU);48,9396230;2,5080230
201900045901;24;2;2019;12:15;1;95;95039;1;1;1;3;Chemin de Cordeville;49,0845810;2,1740280
201900045923;21;2;2019;18:30;2;71;71445;2;1;1;3;LOUISE MICHEL (RUE);46,7745300;4,8901500
201900045924;21;2;2019;14:30;1;33;33009;2;1;1;5;PLAGE (BD DE LA) DU 161 ET +;44,6626700; -1,1745000
201900045927;12;2;2019;10:00;1;93;93006;2;1;8;3;GAMBETTA AV.;48,8709400;2,4173800
201900045959;23;2;2019;17:55;2;69;69383;2;3;1;5;VICTOR AUGAGNEUR                    (QU);45,7572700;4,8407600
201900045960;23;2;2019;15:30;1;69;69383;2;1;1;1;GAMBETTA                            (CO);45,7539500;4,8467400
201900045963;22;2;2019;21:00;5;69;69387;2;3;1;3;ARTILLERIE (DE L')                  (BD);45,7338800;4,8427000
201900045982;22;2;2019;20:55;5;91;91097;2;9;1;3;JEAN MOULIN (AVENUE);48,6832700;2,5321900
201900045984;19;2;2019;19:35;5;85;85191;2;1;1;2;AVENUE ALIENOR D' AQUITAINE ;46,6885400; -1,4299100
201900046002;21;2;2019;18:10;2;67;67043;2;1;1;6;ROBERTSAU (RUE DE LA);48,6132900;7,7637400
201900046003;21;2;2019;14:45;1;67;67482;2;1;1;1;ALPES (QUAI DES);48,5741900;7,7715100
201900046008;22;2;2019;09:35;1;62;62193;2;7;8;3;FOCH (PLACE);50,9562100;1,8498200
201900046010;21;2;2019;12:15;1;62;62041;2;3;1;3;ABBE PIERRE ( DE L ' );50,2954899;2,7711859
201900046011;24;1;2019;19:28;5;61;61001;2;6;2;3;GENERAL DE GAULLE (PLACE DU);48,4343240;0,0939250
201900046023;21;2;2019;17:47;1;49;49007;2;1;1;7;MAIL;47,4734300; -0,5506900
201900046025;23;2;2019;17:05;1;45;45298;2;3;1;3;RUE DES 4 TOURELLES - R DE SAINT PRYVE;47,8871000;1,8768800
201900046050;5;11;2019;10:00;1;94;94067;2;1;2;2;PARIS (av. de);48,8463200;2,4188900
201900046054;4;11;2019;12:30;1;94;94011;2;2;1;3;STAINS(ROUTE DE);48,7823000;2,4944100
201900046062;5;11;2019;17:20;1;93;93010;2;3;8;1;GROSLAY (CHEM. DE);48,9110800;2,4746100
201900046094;5;11;2019;19:50;5;6;06079;2;1;1;2;Avenue du GÃ©nÃ©ral de Gaulle;43,5322460;6,9490360
201900046113;3;11;2019;15:25;1;2B;2B134;2;6;6;7;Rue Louis Philippe;42,6347130;8,9386720
201900046115;5;11;2019;15:42;1;84;84132;1;3;1;6;19 Chemin de Tourraque;43,9194570;4,9817540
201900046168;4;11;2019;10:00;1;75;75106;2;2;1;7;BOULEVARD SAINT GERMAIN;48,8527125;2,3377536
201900046175;31;10;2019;16:15;1;75;75115;2;2;7;3;RUE DE LA CONVENTION;48,8411159;2,2878709
201900046176;4;11;2019;12:10;1;75;75114;2;1;1;3;BOULEVARD ARAGO;48,8344667;2,3338390
201900046202;2;11;2019;13:55;1;93;93066;2;1;1;3;WILSON (AVENUE DU PRESIDENT);48,9175600;2,3572600
201900046209;30;10;2019;14:05;1;93;93027;2;3;1;3;SALENGRO (AVENUE ROGER);48,9415700;2,3876000
201900046215;4;11;2019;09:15;1;92;92073;2;1;1;6;JAURES (AVENUE JEAN);48,8621800;2,2114500
201900046217;31;10;2019;00:40;5;92;92050;2;2;2;3;ARAGO FRANCOIS AVENUE;48,9012500;2,2252700
201900046225;9;1;2019;11:15;1;80;80021;2;2;1;3;R DU COMTE RAOUL ;49,8853800;2,3136900
201900046246;12;1;2019;11:40;1;72;72181;2;6;1;3;CHURCHILL WINSTON (BD) IMP DE 13 A 39;47,9908100;0,2246000
201900046256;8;1;2019;15:40;2;67;67482;2;1;2;2;BISCHWILLER (ROUTE DE);48,5969375;7,7419727
201900046257;7;1;2019;18:30;5;67;67482;2;3;8;3;CERVANTES (AVENUE);48,5943000;7,7000100
201900046258;7;1;2019;14:45;1;67;67482;2;3;8;3;SAINT JEAN (QUAI);48,5845000;7,7408200
201900046276;10;1;2019;08:05;5;62;62119;2;3;8;3;ETATS UNIS ( BOULEVARD DES );50,5176000;2,6302400
201900046293;11;1;2019;09:20;1;51;51454;2;6;8;6;CHEMIN SAINT LEONARD;49,2249200;4,0968200
201900046294;10;1;2019;17:15;5;51;51454;2;3;1;3;BOULEVARD DE LATTRE DE TASSIGNY;49,2561000;4,0616800
201900046295;8;1;2019;08:29;1;51;51454;2;2;1;3;AVENUE D'EPERNAY;49,2367500;4,0135500
201900046305;7;1;2019;07:51;2;49;49007;2;1;8;3;ROI RENE BOULEVARD;47,4673700; -0,5558800
201900046312;9;1;2019;20:23;5;44;44162;2;9;1;3;RUE FRANCOISE DOLTO;47,2161000; -1,6369000
201900046314;9;1;2019;12:15;1;44;44109;2;1;1;5;BERLIN;47,2158400; -1,5316400
201900046322;12;1;2019;00:40;5;37;37261;2;2;1;3;WALVEIN (RUE);47,3902700;0,6705900
201900046324;11;1;2019;12:00;1;37;37261;2;1;2;6;FRANCE (PLACE ANATOLE);47,3967068;0,6863511
201900046325;10;1;2019;07:45;2;37;37261;2;3;1;3;FUYE( RUE DE LE );47,3877600;0,7030400
201900046335;9;1;2019;08:17;2;35;35238;2;2;1;3;LANGUEDOC (AVENUE DU);48,1160500; -1,7052100
201900046336;7;1;2019;15:30;1;35;35278;2;6;1;3;AUGE DE PIERRE (ROND POINT DE L');48,1366700; -1,6929100
201900046340;9;1;2019;20:10;5;34;34172;2;1;1;3;VALLOIS (RUE PROFESSEUR LEON);43,6144200;3,8838000
201900046342;4;1;2019;19:50;5;33;33063;2;3;1;3;CRS D'ALBRET / PLACE REPUBLIQUE;44,8346200; -0,5802900
201900046343;5;1;2019;01:10;5;33;33063;2;2;1;4;dÃ©part accident 20 Crs de l'Yser;44,8207200; -0,5717600
201900046356;8;1;2019;18:30;5;31;31555;2;1;2;6;158 AV DE LA GLOIRE;43,6068700;1,4730200
201900046365;10;1;2019;08:13;5;29;29232;2;6;9;3;PONTIGOU RUE DU;48,0021800; -4,1140460
201900046384;27;9;2019;14:30;1;91;91044;1;4;1;5;Route nationale 20;48,6751750;2,2951070
201900046391;29;9;2019;19:25;5;67;67348;2;2;1;1;45 boulevard de l'Europe;48,4643910;7,4948260
201900046408;25;9;2019;12:20;1;63;63113;2;1;1;3;BLERIOT (AVENUE LOUIS);45,7832041;3,1343382
201900046426;27;9;2019;13:25;1;974;97407;2;1;1;3;ROUTE DU SACRE COEUR; -20,9561100;55,3122200
201900046428;27;9;2019;14:20;1;69;69387;2;1;1;3;UNIVERSITE (DE L')                  (R );45,7514700;4,8380600
201900046431;27;9;2019;08:50;1;972;97209;2;1;1;3;ABBE LAVIGNE (AVENUE);14,6132940; -61,0726440
201900046444;20;9;2019;12:30;1;78;78640;2;1;1;6;GENERAL VALERIE ANDRE (RUE DU);48,7776100;2,1915100
201900046445;24;9;2019;17:10;1;77;77243;2;9;1;6;DELAMBRE (RUE  );48,8792500;2,7061800
201900046453;27;9;2019;17:00;1;72;72181;2;2;1;3;RUBILLARD AV NÂ° PAIRS 2 A 116;48,0109300;0,1816400
201900046473;19;3;2019;08:40;1;54;54547;2;1;1;7;EUROPE (BOULEVARD DE L');48,6625200;6,1727800
201900046475;26;9;2019;13:35;1;50;50602;2;9;1;3;LEMARESQUIER (RUE AUGUSTIN);49,6468200; -1,5805100
201900046480;27;9;2019;11:45;1;34;34172;2;1;1;3;MONTPELLIER (AVENUE MARIE DE);43,6017100;3,9002500
201900046487;20;9;2019;19:20;1;33;33063;2;3;1;2;Bd Godard / R. AmpÃ¨re (Ã  proximitÃ© de);44,8622200; -0,5851000
201900046507;26;9;2019;12:15;1;5;05061;1;1;1;7;plaine de lachaup;44,5118000;6,0437200
201900046514;27;9;2019;13:00;1;75;75116;2;7;2;3;PLACE DU TROCADERO ET DU 11 NOVEMBRE;48,8625224;2,2872586
201900046516;26;9;2019;09:15;1;75;75114;2;3;8;3;BOULEVARD RASPAIL;48,8387025;2,3308370
201900046519;27;9;2019;12:35;1;75;75112;2;3;1;6;BOULEVARD PONIATOWSKI;48,8325640;2,4001330
201900046526;26;9;2019;12:35;1;75;75103;2;3;8;6;RUE CHARLOT;48,8640351;2,3639198
201900046529;26;9;2019;08:00;2;94;94016;2;1;2;6;DIVISION LECLERC (AV DE LA);48,7863006;2,3291539
201900046535;27;9;2019;08:14;1;93;93046;2;2;1;2;MAURICE BERTHEAUX ALLEE;48,9141201;2,5158423
201900046542;27;9;2019;16:20;1;92;92050;2;1;1;3;ALLENDE SALVADOR RUE;48,8955840;2,2207310
201900046599;25;8;2019;19:10;2;69;69199;2;3;1;3;ALBERT THOMAS                       (AV);45,7079800;4,8589300
201900046607;24;8;2019;18:00;2;69;69266;2;1;1;1;8 MAI 1945   (Rue du);45,7811900;4,8913600
201900046636;25;8;2019;06:29;2;75;75108;2;7;1;3;PLACE DE LA CONCORDE;48,8665992;2,3220152
201900046638;25;8;2019;06:10;2;75;75107;2;7;1;3;PLACE DE LA RESISTANCE;48,8624350;2,3016010
201900046640;25;8;2019;20:20;1;93;93066;2;1;1;1;FRANCE ANATOLE (BOULEVARD) NR AUTRES;48,9251600;2,3500500
201900046656;26;8;2019;09:00;1;77;77421;2;1;1;3;D111;48,7347470;3,3067730
201900046659;26;8;2019;07:25;2;56;56013;2;1;1;3;Route des Quatre Chemins;47,6679660; -3,1812270
201900046662;26;8;2019;19:15;1;76;76317;1;2;1;3;Route du Fond de Grainville;49,6511080;0,4017740
201900046709;26;8;2019;13:30;1;57;57256;1;1;1;7;RD 603;49,1176444;6,0384705
201900046713;25;8;2019;14:45;1;65;65145;1;1;1;3;D921;42,9129155; -0,0371969
201900046731;22;8;2019;08:52;1;91;91027;2;1;1;6;DUNANT (AVENUE HENRI);48,7244200;2,4072000
201900046734;22;8;2019;22:20;5;34;34172;2;1;1;3;BLAYAC (RUE DU PROFESSEUR);43,6230800;3,8327300
201900046752;1;4;2019;16:40;1;94;94060;2;9;1;3;COMBAULT (RTE DE);48,7940000;2,5941000
201900046758;1;4;2019;23:00;5;93;93048;2;1;1;3;PARIS (RUE DE);48,8561950;2,4257100
201900046766;21;1;2019;09:30;1;93;93005;2;1;1;3;JEAN JAURES (AVENUE);48,9240400;2,5027640
201900046778;29;3;2019;08:50;1;92;92050;2;1;1;3;HAVRE BOULEVARD DU;48,9198497;2,2213397
201900046779;4;1;2019;16:20;1;92;92048;2;1;1;2;VERD DE SAINT JULIEN (BOULEVARD);48,8167400;2,2317400
201900046793;3;4;2019;16:29;1;2;02128;2;9;1;7;6 Rue Porte de Reims;49,5239430;3,6648830
201900046795;2;4;2019;09:40;1;70;70258;2;6;1;3;Avenue de la VallÃ©e du Breuchin;47,8250750;6,4119550
201900046798;3;4;2019;16:05;1;58;58303;2;1;2;3;33 Boulevard Camille Dagonneau;47,0093360;3,1504070
201900046806;22;3;2019;20:08;3;28;28227;1;1;1;3;RD 906;48,5958900;1,5976350
201900046814;2;4;2019;20:00;3;973;97305;1;1;2;1;rue Omer Bace;5,0527570; -52,5825780
201900046833;31;3;2019;13:35;1;51;51454;2;1;1;2;RUE GUTENBERG;49,2744800;4,0016600
201900046847;1;4;2019;15:40;1;69;69382;2;1;1;2;GENTIL                              (R );45,7649400;4,8362700
201900046864;31;3;2019;12:10;1;72;72181;2;1;1;6;JOINVILLE (RUE);47,9968700;0,2049200
201900046874;21;3;2019;21:20;5;59;59328;2;2;1;5;SAINTE CECILE AVENUE;50,6402000;3,0278100
201900046881;31;3;2019;16:55;1;49;49007;2;1;1;2;LAC DE MAINE AVENUE;47,4603700; -0,5966000
201900046885;1;4;2019;15:05;1;45;45234;2;1;1;3;RUE GUSTAVE EIFFEL;47,9237820;1,9403598
201900046906;1;4;2019;18:04;1;17;17274;2;1;1;3;JOLIOT-CURIE   AVENUE;46,1546800; -1,1114000
201900046911;1;4;2019;19:55;1;14;14118;2;2;1;3;BRUXELLES (AVENUE DE);49,1959200; -0,3679100
201900046914;1;4;2019;18:45;1;13;13201;2;2;1;3;ROTONDE (RUE DE LA);43,3015360;5,3856550
201900046927;17;7;2019;18:30;1;37;37129;1;3;1;1;Rue Saint-Martin;47,1082121;0,2694023
201900046938;17;7;2019;18:15;1;17;17161;2;1;1;2;Cours EugÃ¨ne Chauffour;46,1900170; -1,3282170
201900046941;17;7;2019;11:40;1;44;44215;2;8;1;3;Rue les Mortiers;47,1788660; -1,4463790
201900046943;17;7;2019;12:27;1;14;14724;1;2;1;3;D27;49,2560520; -0,1339840
201900046944;18;7;2019;13:10;1;14;14488;2;1;1;3;Place du GÃ©nÃ©ral de Gaulle;49,2787260; -0,2502450
201900046959;15;7;2019;14:00;1;63;63113;2;1;1;3;CHANTERANNE (RUE DE);45,7874900;3,0984500
201900046961;10;7;2019;05:50;1;63;63113;2;6;1;2;POMPIDOU (BD GEORGES);45,8026700;3,1321900
201900046970;16;7;2019;09:05;1;974;97407;2;1;1;3;CARPAYE(AVENUE); -20,9445700;55,2978700
201900046975;16;7;2019;18:50;1;91;91421;2;9;7;3;GENERAL LELONG (RUE DU);48,7012000;2,4659700
201900046988;15;7;2019;10:10;1;67;67482;2;1;1;3;PLAINE DES BOUCHERS (RUE DE LA);48,5650000;7,7386200
201900046994;15;7;2019;14:55;1;56;56121;2;6;1;3;LENINE ( AVENUE );47,7617200; -3,3758800
201900046997;11;7;2019;17:20;1;54;54395;2;2;1;7;TAPIS VERT (RUE DU);48,6917200;6,1926600
201900047007;16;7;2019;18:50;1;37;37261;2;2;1;3;WEDELLS (RUE JEANNE);47,4120400;0,7057700
201900047036;16;7;2019;12:10;1;75;75115;2;2;1;6;RUE DE LA CROIX NIVERT;48,8385980;2,2894310
201900047037;16;7;2019;16:00;1;75;75113;2;1;1;6;BOULEVARD DE L HOPITAL;48,8369980;2,3596060
201900047048;16;7;2019;12:15;1;94;94073;2;9;1;2;VERSAILLES (AV DE);48,7580000;2,3930000
201900047065;16;7;2019;18:30;1;92;92012;2;1;1;2;REPUBLIQUE (BOULEVARD DE LA) 5/77BIS - 6;48,8326254;2,2495947
201900047069;17;7;2019;10:45;1;49;49244;2;1;2;1;LE MARILLAIS;47,3606370; -1,0373240
201900047072;17;7;2019;18:00;1;83;83048;2;1;1;3;Boulevard Sylvabelle;43,1943530;6,5810950
201900047084;17;7;2019;16:00;1;49;49362;2;2;1;3;AllÃ©e des Tilleuls;47,2170720; -0,0619910
201900047094;15;7;2019;09:30;1;30;30133;1;1;1;2;departemenatle 62 A;43,5529440;4,1434490
201900047105;16;7;2019;21:40;3;973;97311;1;1;1;1;Avenue Jean Galmot;5,5037349; -53,9687920
201900047128;9;12;2019;17:00;3;55;55079;1;1;2;7;1 Rue Marcel Rondeau;48,7076550;5,0914560
201900047159;9;12;2019;15:30;1;34;34145;2;9;1;3;Avenue Gaston Baissette;43,6729690;4,1247810
201900047185;7;12;2019;22:20;5;69;69381;2;1;1;6;JEAN MOULIN                         (QU);45,7676700;4,8378900
201900047201;7;12;2019;05:15;5;59;59350;2;3;2;1;ESPLANADE FACADE;50,6435400;3,0529100
201900047235;7;12;2019;04:25;5;75;75120;2;3;1;3;RUE DE MENILMONTANT;48,8679300;2,3866160
201900047236;7;12;2019;16:15;1;75;75116;2;1;1;6;AVENUE DE NEW YORK;48,8625540;2,2938990
201900047242;7;12;2019;15:10;1;75;75112;2;1;1;6;ROUTE DE LA PYRAMIDE;48,8394780;2,4375490
201900047243;7;12;2019;16:30;1;75;75111;2;1;8;2;RUE DU FAUBOURG SAINT ANTOINE;48,8498750;2,3860610
201900047246;7;12;2019;09:35;1;75;75104;2;2;2;7;RUE SAINT MERRI;48,8590210;2,3537190
201900047314;28;5;2019;12:30;1;84;84142;1;3;1;3;Route de l'Isle Sur la Sorgue;43,9743290;5,0388100
201900047323;16;5;2019;17:45;1;33;33352;2;1;1;3;RD9E1/Parking agents SNCF;44,5796200; -0,0297000
201900047325;24;5;2019;13:40;1;17;17230;1;1;1;3;123 Boulevard de Suzac;45,5773065; -0,9838423
201900047328;10;5;2019;19:00;2;6;06044;2;4;1;3;747 Route du Pont de Pierre;43,6829280;7,0911240
201900047330;29;5;2019;14:15;1;36;36230;2;1;1;2;PLACE DE LA RÃPUBLIQUE;47,0713770;1,8096850
201900047338;7;5;2019;17:00;1;31;31282;2;7;1;1;Place Vincent Auriol;43,6710670;1,4509200
201900047352;22;5;2019;15:30;1;81;81026;1;1;1;1;RD 77 - PK04+500;43,9197160;2,3028860
201900047367;22;5;2019;11:45;1;28;28088;2;2;1;3;2 Boulevard Toutin;48,0712160;1,3373900
201900047371;22;5;2019;16:00;1;69;69277;2;6;1;3;CD 29;45,7279304;5,0212294
201900047402;28;5;2019;11:30;1;1;01285;2;9;1;3;Chemin des Eguets;45,9208300;4,8150830
201900047404;24;5;2019;15:00;1;1;01194;2;6;1;3;rd933;45,9959490;4,7529720
201900047411;1;5;2019;11:30;1;62;62338;1;1;1;6;r de la chapelle grenier;50,6449260;2,8486190
201900047423;20;5;2019;06:10;2;974;97414;2;1;1;3;RN5; -21,2772360;55,4366340
201900047428;17;5;2019;12:10;1;51;51031;1;1;1;2;RD 335;49,1520560;4,3486084
201900047446;18;5;2019;09:30;1;72;72058;2;1;2;3;AllÃ©e du pont;47,9872590;0,2808740
201900047524;18;6;2019;15:06;1;68;68297;2;9;1;3;MULHOUSE ( RUE)CITE BOURGLIBRE JUSQUE RU;47,5954590;7,5540310
201900047526;11;6;2019;07:05;1;68;68297;2;1;1;3;BACHMANN ( RUE THEO );47,5859550;7,5614310
201900047527;30;5;2019;15:10;1;68;68149;2;1;1;3;HUNINGUE ( RUE DE );47,5888540;7,5711640
201900047530;30;5;2019;19:21;1;68;68224;2;1;1;3;KATZ (ALLEE NATHAN);47,7578900;7,3522900
201900047531;2;6;2019;20:26;1;68;68066;2;1;7;1;ROUFFACH (ROUTE DE);48,0620380;7,3384380
201900047533;18;6;2019;13:40;1;67;67482;2;3;1;3;RHIN TORTU (RUE DU);48,5484400;7,7579900
201900047541;11;6;2019;12:30;1;67;67447;2;3;8;3;DACHSTEIN (RUE DE);48,6071450;7,7343900
201900047543;8;6;2019;11:30;1;67;67482;2;1;1;3;RATHSAMHAUSEN (RUE DE);48,5671430;7,7611920
201900047546;29;5;2019;12:05;1;67;67447;2;1;1;1;MARAIS (RUE DU);48,6094600;7,7652550
201900047553;3;6;2019;18:20;1;67;67482;2;1;1;3;DANUBE (PONT DU);48,5740060;7,7712030
201900047555;2;6;2019;19:35;1;67;67482;2;1;1;3;THUMENAU (RUE DE LA);48,5718710;7,7548270
201900047558;7;6;2019;15:01;1;67;67462;2;1;1;6;MARCKOLSHEIM (ROUTE DE);48,2539800;7,4574200
201900047559;7;6;2019;11:35;1;67;67462;1;3;1;3;VIEUX CHEMIN DE SCHERWILLER (RUE DU);48,2740100;7,4369700
201900047561;30;5;2019;10:50;1;67;67180;2;2;1;1;JUNCKER (CHEMIN);48,8219000;7,7833000
201900047583;13;6;2019;08:45;1;64;64132;2;1;1;1;COMMANDANT RENE MOUCHOTTE DU;43,3034500; -0,3222000
201900047584;13;6;2019;08:00;1;64;64445;2;1;1;3;14 JUILLET DU;43,2909500; -0,3788500
201900047586;11;6;2019;07:55;1;64;64284;2;2;1;3;HENRI IV;43,2835000; -0,3864000
201900047589;8;6;2019;15:00;1;64;64445;2;6;1;3;COMMANDANT RENE MOUCHOTTE DU;43,3053300; -0,3285100
201900047591;6;6;2019;15:45;1;64;64348;2;6;1;3;SANTONA DE;43,3209611; -0,3920649
201900047607;4;6;2019;18:30;1;64;64024;2;1;8;7;LAROCHEFOUCAULD (AVENUE DE);43,4875728; -1,5351792
201900047625;11;6;2019;20:25;1;62;62193;2;2;7;3;LAFAYETTE (BOULEVARD);50,9573781;1,8544699
201900047634;14;6;2019;18:16;1;61;61169;2;1;1;3;RESTOUT (ALLEE);48,7470500; -0,5471900
201900047637;13;6;2019;15:45;1;60;60414;1;6;1;6;ROND POINT PATHE- RD 200;49,2599300;2,4531900
201900047646;2;6;2019;11:20;1;59;59508;2;1;1;2;LINSELLES (RUE DE);50,7362345;3,1120545
201900047660;22;2;2019;13:30;1;35;35051;2;6;7;3;ALLIES (BOULEVARD DES);48,1362200; -1,6240200
201900047674;20;2;2019;07:40;2;19;19031;2;6;1;3;COSNAC (RUE DANIEL DE);45,1543200;1,5580600
201900047678;22;2;2019;11:10;1;17;17028;2;1;7;2;LYSIACK  AVENUE DU COMMANDANT;46,1384070; -1,1299850
201900047679;23;2;2019;17:30;1;14;14118;2;1;1;3;MOULIN (RUE DU GENERAL);49,2967700; -0,3709400
201900047714;22;2;2019;00:50;5;75;75118;2;2;1;6;RUE DU MONT CENIS;48,8943340;2,3453790
201900047720;21;2;2019;09:55;1;75;75116;2;1;1;3;BOULEVARD LANNES;48,8666010;2,2715830
201900047726;22;2;2019;17:20;1;75;75115;2;1;1;6;RUE DUTOT;48,8390370;2,3091150
201900047727;22;2;2019;10:50;1;75;75115;2;1;1;3;RUE HENRY FARMAN;48,8332790;2,2703520
201900047729;21;2;2019;15:50;1;75;75115;2;4;1;3;RUE LEBLANC;48,8366100;2,2813200
201900047731;19;2;2019;00:12;5;75;75114;2;4;1;7;RUE DE LA SABLIERE;48,8317320;2,3239870
201900047736;23;2;2019;16:25;1;75;75111;2;2;1;3;RUE DE CHARONNE;48,8551220;2,3871390
201900047738;21;2;2019;16:50;1;75;75111;2;2;1;3;RUE DU CHEMIN VERT;48,8615830;2,3825830
201900047739;23;2;2019;19:05;5;75;75110;2;3;1;6;BOULEVARD DE MAGENTA;48,8757790;2,3565200
201900047742;20;2;2019;10:10;1;75;75108;2;3;1;5;RUE D AMSTERDAM;48,8807990;2,3270600