Num_Acc;jour;mois;an;hrmn;lum;dep;com;agg;int;atm;col;adr;lat;long
201900053119;14;2;2019;10:20;1;33;33063;2;2;1;1;MOUNEYRA (RUE );44,8289300; -0,5913300
201900053122;18;2;2019;07:25;2;31;31555;2;1;1;3;AV YVES BRUNAUD;43,6170800;1,4656400
201900053145;18;2;2019;19:20;5;75;75116;2;1;1;3;CARREFOUR DES CASCADES;48,8584680;2,2580040
201900053148;19;2;2019;19:25;5;75;75108;2;1;1;3;RUE DU FAUBOURG SAINT HONORE;48,8714600;2,3152080
201900053161;18;2;2019;18:49;3;62;62473;1;1;1;3;rue de Lillers;50,6008810;2,4463670
201900053163;18;2;2019;13:50;1;77;77227;1;1;1;3;D18;48,4817900;3,3183300
201900053165;20;2;2019;17:20;1;32;32213;1;1;7;1;LIEU DIT DEZE;43,4486550;0,8849860
201900053182;18;2;2019;17:45;1;973;97309;1;3;1;1;N3;4,8901090; -52,2875950
201900053205;18;2;2019;16:30;1;973;97302;2;1;1;3;MONTABO (ROUTE DE) 2;4,9300923; -52,2904801
201900053208;18;2;2019;09:25;1;69;69386;2;1;1;6;5, rue JULIETTE RECAMIER                   (R );45,7639100;4,8530400
201900053221;2;2;2019;09:05;1;73;73065;2;6;8;3;CHEVALIERE (SQUARE DE LA) D14;45,5816887;5,8873070
201900053232;6;2;2019;18:00;5;59;59350;2;2;1;3;SOLFERINO RUE NÂ°1 - 159;50,6307800;3,0557100
201900053236;17;2;2019;05:25;5;56;56121;2;3;8;1;MARNE ( AV DE LA );47,7435510; -3,3682800
201900053237;14;2;2019;14:15;1;51;51454;2;3;1;3;BOULEVARD DU MARECHAL DE LATTRE DE TASSIGNY;49,2563691;4,0618999
201900053242;15;2;2019;16:15;1;44;44184;2;3;1;3;G. ANDRÃ/G. SAND;47,2688500; -2,2281300
201900053249;18;2;2019;13:20;1;31;31555;2;1;1;3;BD DES MINIMES;43,6163700;1,4394800
201900053253;17;2;2019;17:55;1;31;31557;2;1;1;3;PETIT TRAIN (RUE DU);43,5792900;1,3264500
201900053269;18;2;2019;11:25;1;6;06123;2;9;1;3;MAICON PROMENADE;43,6666400;7,1960800
201900053280;18;2;2019;12:15;1;75;75110;2;1;1;3;BOULEVARD DE MAGENTA;48,8728600;2,3591240
201900053330;6;1;2019;18:15;5;75;75104;2;1;8;1;BOULEVARD MORLAND;48,8487580;2,3646200
201900053361;6;1;2019;00:35;5;987;98722;2;1;3;5;PK 37.500, route territoriale numÃ©ro 2; -17,5940310; -149,3962270
201900053365;4;1;2019;15:47;1;84;84092;2;1;1;3;AVENUE JULES VERNE;43,9840320;4,8795390
201900053367;7;1;2019;07:45;2;67;67526;2;1;1;2;rue de kertzfeld;48,3947980;7,5829800
201900053381;24;9;2019;20:35;5;75;75111;2;2;1;6;RUE SAINT MAUR;48,8656390;2,3773600
201900053382;24;9;2019;18:15;1;75;75111;2;1;3;6;RUE SEDAINE;48,8583441;2,3778232
201900053383;24;9;2019;08:40;1;75;75111;2;1;2;6;BOULEVARD VOLTAIRE;48,8645910;2,3687980
201900053408;23;9;2019;21:28;4;94;94011;2;9;1;3;MOULIN(RUE JEAN);48,7677000;2,4834800
201900053418;2;1;2019;08:45;1;69;69383;2;2;8;3;DUGUESCLIN                          (R );45,7548800;4,8498800
201900053430;4;1;2019;16:25;1;972;97209;2;1;1;2;22 MAI 1848 (PLACE DU);14,6133900; -61,0708400
201900053436;3;1;2019;15:00;1;69;69389;2;1;7;6;24 MARS 1852 ;45,7808800;4,8060400
201900053458;24;9;2019;18:30;1;92;92019;2;1;2;6;VIGNES (GRANDE VOIE DES);48,7658700;2,2848600
201900053463;22;9;2019;16:30;1;976;97610;2;1;1;1;Chemin de Dubai; -12,7461810;45,1878380
201900053477;24;9;2019;17:40;1;83;83036;2;7;1;3;Boulevard Pasteur;43,1697570;6,5332930
201900053498;3;1;2019;13:25;1;76;76351;2;1;1;3;PAUL VERLAINE (AVENUE);49,5095100;0,1522600
201900053540;27;10;2019;15:30;1;75;75111;2;3;2;6;AVENUE PARMENTIER;48,8591370;2,3794960
201900053551;27;10;2019;01:20;5;75;75104;2;3;1;3;QUAI DE L HOTEL DE VILLE;48,8553251;2,3527582
201900053563;25;9;2019;11:30;1;38;38239;2;1;1;2;Avenue Louis Moyroud;45,3269800;5,5557800
201900053566;2;1;2019;17:50;5;58;58194;2;1;1;2;PRE PLANTIN (BOULEVARD);46,9814000;3,1237000
201900053567;4;1;2019;11:00;1;57;57463;2;1;1;2;JEAN XXIII (AVENUE );49,1129600;6,1830600
201900053572;25;9;2019;10:00;1;79;79049;1;1;2;2;D748 - Lieu-dit Villiers;46,8860990; -0,4769620
201900053610;22;9;2019;14:30;1;71;71040;2;1;1;1;MACON (ROUTE DE);46,6782840;4,3876000
201900053621;28;10;2019;14:20;1;50;50058;2;4;2;3;Rue de la Monnerie;49,0649460; -1,5827610
201900053644;27;10;2019;18:45;5;987;98747;1;1;1;1;PK 9 PUEU; -17,7515450; -149,2403540
201900053658;27;10;2019;18:40;3;11;11198;1;1;1;2;RD11;43,2990742;2,5412170
201900053664;28;10;2019;15:45;1;89;89156;1;1;1;2;D943;47,9892880;3,5943410
201900053667;21;9;2019;11:33;1;87;87114;2;1;1;6;AURIOL (AVENUE DU PDT-VINCENT-);45,8370200;1,2939400
201900053668;28;10;2019;14:40;1;38;38565;2;1;1;3;Avenue de Juin 1940;45,2994550;5,6281250
201900053673;26;10;2019;17:00;1;40;40125;1;1;1;3;601 Route de Dax;43,6499840; -1,0981840
201900053692;23;9;2019;07:00;2;71;71270;2;1;1;3;GAMBETTA (RUE);46,3016967;4,8324924
201900053700;20;9;2019;09:20;1;67;67482;2;1;1;6;VIEUX MARCHE AUX VINS (RUE DU);48,5839170;7,7421510
201900053702;23;9;2019;16:10;1;67;67180;2;3;1;3;CULTIVATEURS (RUE DES);48,8194500;7,7888000
201900053704;20;9;2019;18:08;1;66;66136;2;3;1;3;COTE DES CARMES;42,6970300;2,9003600
201900053705;23;9;2019;15:40;1;64;64445;2;1;1;6;JEAN MERMOZ;43,3098600; -0,3770400
201900053717;26;10;2019;10:50;1;974;97416;2;1;1;3;SUFFREN(RUE); -21,3386692;55,4722357
201900053726;20;9;2019;12:47;1;49;49007;2;2;1;3;PORTET BOULEVARD;47,4507200; -0,5605100
201900053741;26;10;2019;00:55;5;77;77305;2;1;1;1;SURVILLE (AVENUE DE);48,3944800;2,9562900
201900053755;23;9;2019;17:00;1;24;24037;2;3;1;3;AVENUE ARISTIDE BRIAND;44,8518000;0,4649000
201900053756;22;9;2019;19:20;5;21;21231;2;2;3;3;CHAMPOLLION (AVENUE);47,3296700;5,0708000
201900053757;20;9;2019;12:15;1;19;19031;2;1;1;2;SALAN (BOULEVARD DU);45,1598000;1,5353900
201900053768;26;10;2019;12:55;1;64;64445;2;1;1;3;MANESCAU;43,3019700; -0,3741500
201900053810;26;10;2019;16:20;1;75;75116;2;7;1;6;PLACE DU TROCADERO ET DU 11 NOVEMBRE;48,8625333;2,2868256
201900053820;26;10;2019;00:02;5;75;75111;2;2;1;3;BOULEVARD VOLTAIRE;48,8651857;2,3677469
201900053844;9;7;2019;17:10;1;10;10343;2;6;1;6;CANAL (RUE DU);48,2719000;4,0906000
201900053847;13;7;2019;16:25;1;7;07281;2;1;1;3;ONZE NOVEMBRE (AVENUE DU);44,9461520;4,8466270
201900053854;11;7;2019;19:00;1;6;06027;2;1;1;6;JAURES AVENUE JEAN;43,6585189;7,1696198
201900053866;13;7;2019;01:05;5;75;75105;2;3;1;6;RUE SANTEUIL;48,8406600;2,3539770
201900053881;11;7;2019;08:30;1;75;75116;2;4;1;3;VOIE GEORGES POMPIDOU;48,8414330;2,2691570
201900053893;13;7;2019;18:10;1;75;75113;2;1;1;6;AVENUE D IVRY;48,8222670;2,3678270
201900053900;11;7;2019;19:30;1;75;75111;2;1;1;7;BOULEVARD BEAUMARCHAIS;48,8550010;2,3686860
201900053903;13;7;2019;18:30;1;75;75109;2;2;1;6;BOULEVARD DE LA CHAPELLE;48,8836050;2,3495340
201900053905;12;7;2019;08:35;1;75;75110;2;2;1;3;RUE DES PETITS HOTELS;48,8773250;2,3551450
201900053931;30;3;2019;15:54;1;62;62233;1;1;1;7;Rue de Nempont;50,3693060;1,6804830
201900053932;12;7;2019;16:30;1;75;75107;2;2;1;3;QUAI D ORSAY;48,8624010;2,3104010
201900053978;11;7;2019;13:50;1;93;93078;2;1;1;3;CLEMENCEAU (AVENUE GEORGES);48,9532000;2,5630400
201900053982;12;7;2019;00:55;5;93;93055;2;1;1;3;JULES AUFFRET (51/FIN ET 56/FIN);48,8847000;2,4113700
201900054000;31;3;2019;08:30;1;61;61324;1;1;7;2;La Jariais (L'Ãpinay-le-Comte);48,4774230; -0,7824350
201900054002;28;3;2019;16:45;1;42;42081;1;3;1;3;RD1082;45,6004370;4,2647660
201900054022;29;3;2019;17:05;1;22;22310;2;2;1;3;Lotissement Toul BarriÃ¨re;48,6150180; -3,2362470
201900054042;10;7;2019;17:00;1;92;92026;2;1;1;2;MARECHAL JOFFRE (QUAI DU);48,9017644;2,2796235
201900054052;10;7;2019;17:45;1;92;92004;2;1;1;2;GEORGES GUYNEMER (RUE);48,9149800;2,2893600
201900054059;11;7;2019;08:30;1;62;62550;2;6;1;5;RD 928;50,3715200;2,0292250
201900054080;14;7;2019;09:20;3;9;09181;1;1;1;1;route de la grotte D119;43,0680490;1,3543330
201900054111;12;7;2019;08:40;1;35;35085;2;1;2;6;Avenue de la LibÃ©ration;48,4149890; -1,7340390
201900054116;17;8;2019;00:58;5;86;86066;2;3;1;3;WILSON (AVENUE DU PRESIDENT);46,8144900;0,5436500
201900054136;12;7;2019;00:05;5;74;74112;2;1;1;2;Route de Bellegarde (Ãpagny);45,9275110;6,0846750
201900054139;16;8;2019;18:40;1;67;67482;2;1;1;3;FOUDAY (RUE DE);48,5746520;7,7309340
201900054141;14;8;2019;18:10;1;67;67482;2;1;1;1;LA FONTAINE (BOULEVARD);48,5890700;7,7054200
201900054164;19;8;2019;13:10;1;56;56121;2;1;1;2;Av du GÃ©nÃ©ral de Gaulle;47,7397100; -3,3781200
201900054170;19;8;2019;13:50;1;50;50602;1;1;1;6;COUPLETS (ROUTE DES);49,6505200; -1,5535500
201900054190;20;8;2019;08:00;1;37;37214;2;6;1;3;PORTILLON (PLACE);47,4003900;0,6787400
201900054191;19;8;2019;14:30;1;35;35278;2;6;1;3;BETTON (ROND POINT DE);48,1636160; -1,6758257
201900054208;23;3;2019;17:30;1;33;33245;1;3;1;3;D115 / Chemin de Peybotte;44,8048700; -0,4409900
201900054209;29;3;2019;10:35;1;77;77270;1;1;1;3;D228;48,8672900;2,9966000
201900054234;20;8;2019;08:00;1;13;13210;2;1;1;2;CAPELETTE (AVENUE DE LA);43,2830000;5,4010000
201900054252;20;8;2019;20:00;1;75;75112;2;2;1;3;RUE THEOPHILE ROUSSEL;48,8497800;2,3770110
201900054257;30;3;2019;13:30;1;74;74265;1;1;1;7;RD12;45,8021190;6,3379260
201900054258;20;8;2019;07:55;1;75;75119;2;2;1;3;RUE D AUBERVILLIERS;48,8986303;2,3704988
201900054265;31;3;2019;14:35;1;1;01160;2;4;1;3;Rue de Meyrin;46,2496315;6,1016653
201900054268;20;8;2019;14:10;1;75;75107;2;2;1;3;PONT DE L ALMA;48,8624421;2,3015982
201900054274;26;3;2019;13:15;1;79;79024;1;1;1;3;La Borne;46,4148000; -0,2467000
201900054286;30;3;2019;14:35;1;59;59611;1;1;1;3;2 Chemin de la Vierge;50,6786020;2,9766600
201900054298;19;8;2019;15:25;1;94;94054;2;1;1;6;NOUVELET (R DU);48,7414210;2,4050060
201900054310;20;8;2019;10:30;1;92;92004;2;1;1;3;BAS ( RUE DES );48,9186660;2,2909740
201900054312;19;8;2019;12:30;1;9;09109;1;3;1;3;RD 14;43,2038900;1,4640160
201900054321;19;8;2019;17:45;1;56;56186;2;1;1;6;Rue de Saint-Julien;47,4884420; -3,1189260
201900054330;20;8;2019;14:55;1;41;41043;2;2;1;3;Rue du Cher;47,2762320;1,4932530
201900054347;16;8;2019;17:35;1;66;66065;2;1;1;1;Avenue Paul Reig;42,5970040;2,9748650
201900054372;14;8;2019;19:45;1;63;63014;2;6;1;2;COURNON (AVENUE DE);45,7553700;3,1459800
201900054381;17;8;2019;15:21;1;87;87085;2;1;1;6;PONT NEUF;45,8258300;1,2691700
201900054391;17;5;2019;14:30;1;36;36139;1;3;1;3;LA FERRANDIERE;46,7912780;1,4862050
201900054420;18;5;2019;11:55;1;53;53161;1;1;1;2;D 32;48,1292260; -0,5760100
201900054434;27;5;2019;13:30;1;40;40333;1;1;2;2;RD38 - route de mont de marsan;43,9754310; -0,7376510
201900054452;24;5;2019;15:00;1;4;04138;1;3;1;3;RD 4100 - La Tuiliere;43,9350620;5,8532810
201900054462;19;5;2019;05:20;3;85;85234;2;1;1;2;;46,7996100; -2,0596100
201900054467;14;5;2019;11:30;1;85;85146;2;6;1;3;Boulevard Auguste Durand;46,9704100; -1,3075100
201900054483;29;5;2019;15:40;1;17;17385;1;2;1;3;RD 734;45,9274150; -1,2842960
201900054511;29;5;2019;13:50;1;30;30325;2;1;1;3;Route de Ganges;43,9749400;3,7165260
201900054524;31;5;2019;15:30;1;48;48013;2;3;1;3;Chemin de la gare;44,5331560;3,5457600
201900054575;6;5;2019;12:40;1;35;35210;2;6;1;3;Boulevard P Dumaine de la Josserie;48,1484710; -1,7628330
201900054578;3;12;2019;18:15;3;31;31555;2;2;1;6;BD DEODAT DE SEVERAC;43,5894070;1,4219110
201900054584;2;5;2019;17:15;1;973;97309;2;1;1;3;Boulevard Edmar Lama;4,9069697; -52,2776076
201900054605;3;12;2019;17:45;2;12;12145;2;8;1;3;VOIE FERREE;44,1045900;3,0756800
201900054625;30;11;2019;13:00;1;75;75116;2;1;1;6;AVENUE MOZART;48,8505080;2,2670711
201900054628;4;12;2019;16:50;1;75;75115;2;2;1;3;RUE DE LA CONVENTION;48,8411020;2,2878920
201900054634;4;12;2019;20:40;5;75;75111;2;2;1;3;RUE AMELOT;48,8559100;2,3691800
201900054648;4;12;2019;19:05;5;93;93053;2;9;1;2;BREMENT (RUE DE) 1 A 83 - 2 A 78;48,8994066;2,4587288
201900054655;4;12;2019;08:38;1;92;92019;2;2;1;3;FAYO VINCENT (RUE);48,7648676;2,2812987
201900054674;29;11;2019;10:10;1;44;44102;1;1;7;3;La Noisetterie;47,0420093; -1,4739259
201900054724;3;12;2019;18:00;2;75;75116;2;4;1;3;AVENUE D IENA;48,8717439;2,2953808
201900054727;3;12;2019;08:30;1;75;75112;2;1;1;6;RUE VILLIOT;48,8419090;2,3759540
201900054729;3;12;2019;10:30;1;75;75111;2;1;1;6;AVENUE LEDRU ROLLIN;48,8543056;2,3778927
201900054766;3;12;2019;16:25;2;3;03076;1;1;7;2;;46,5912077;3,4012275
201900054774;4;12;2019;11:00;1;85;85277;1;2;1;3;D19;46,5022800; -1,3478900
201900054776;19;2;2019;09:50;1;76;76669;1;2;1;1;route des loges;49,6849082;0,3172731
201900054782;18;2;2019;13:10;1;39;39132;1;2;1;3;;46,8275900;5,4673570
201900054809;19;2;2019;17:35;1;55;55120;1;1;1;2;;48,7530390;5,1267830
201900054810;17;2;2019;16:33;2;69;69255;2;2;7;3;7 route de Bordeaux;45,7367500;4,6836600
201900054812;18;2;2019;14:50;1;69;69072;1;1;1;2;D 307;45,8060720;4,7365250
201900054813;12;6;2019;17:19;1;10;10387;2;1;8;2;ROBERT SCHUMANN (RUE);48,3072000;4,0954000
201900054815;11;6;2019;19:50;1;10;10081;2;1;1;1;MARIE NOEL (RUE);48,3090700;4,0329700
201900054821;19;2;2019;16:00;1;80;80421;1;1;1;3;D132;49,7824050;2,7908980
201900054826;8;6;2019;10:10;1;7;07316;2;9;1;3;rue des sabotiers;44,9192100;4,8619100
201900054877;14;6;2019;11:15;1;6;06123;2;1;1;1;11 NOVEMBRE AVENUE DU;43,6764000;7,1909000
201900054900;8;6;2019;08:39;1;6;06004;2;1;1;6;BORD DE MER RN.98 LA SIESTA;43,5999000;7,1254900
201900054902;14;2;2019;17:50;1;973;97302;2;1;1;3;GALMOT (AVENUE);4,9318881; -52,3285890
201900054905;8;6;2019;17:45;1;5;05061;2;1;1;2;D942 A;44,5534500;6,0787300
201900054911;16;2;2019;09:20;1;69;69259;2;1;7;3;VIVIANI                             (AV);45,7220400;4,8796000
201900054914;14;6;2019;07:50;1;5;05023;2;1;8;1;CHAMP DE MARS;44,9015300;6,6443000
201900054921;14;2;2019;19:05;5;69;69388;2;3;1;3;PUISARD (DU)                        (R );45,7228200;4,8774600
201900054925;18;6;2019;15:59;1;3;03185;2;6;1;3;rue Albert Einstein;46,3480127;2,6022499
201900054949;30;5;2019;16:05;1;1;01053;1;6;1;6;LOUHANS (ROND POINT);46,2280123;5,2289725
201900054952;15;2;2019;14:05;1;69;69384;2;1;1;3;EUGENE PONS                         (R );45,7799100;4,8397800
201900055008;19;6;2019;13:02;1;75;75104;2;2;1;3;QUAI HENRI IV;48,8507810;2,3614280
201900055039;29;5;2019;14:10;1;75;75118;2;1;1;3;BOULEVARD PERIPHERIQUE;48,9003880;2,3590750
201900055048;11;6;2019;15:39;1;75;75106;2;1;1;3;RUE DE RENNES;48,8453100;2,3252750
201900055059;18;6;2019;16:45;1;75;75120;2;2;1;3;RUE DE MENILMONTANT;48,8683050;2,3881710
201900055074;16;2;2019;12:20;1;77;77058;1;6;1;3;D406 X D35-MARIE CURIE (AV);48,8331000;2,7057000
201900055084;19;6;2019;17:45;1;75;75119;2;2;1;3;AVENUE CORENTIN CARIOU;48,8981780;2,3859910
201900055093;8;6;2019;16:10;1;75;75119;2;4;1;6;QUAI DE LA MARNE;48,8896460;2,3826050
201900055103;7;6;2019;09:01;1;75;75119;2;1;8;6;AVENUE DE FLANDRE;48,8854190;2,3705560
201900055107;1;6;2019;09:48;1;75;75119;2;3;1;6;QUAI DE LA MARNE;48,8901300;2,3835660
201900055112;14;6;2019;16:15;1;75;75118;2;1;1;6;RUE GERMAIN PILON;48,8835930;2,3365900
201900055127;2;1;2019;16:05;1;42;42187;2;8;1;3;POLYGONE (AVENUE DU );46,0548400;4,0807800
201900055138;24;1;2019;17:55;5;33;33063;2;1;1;3;112 BD MARECHAL LECLERC - Ligne 9 ou retour dÃ©pot autobus Ã  soufflet KEOLIS ;44,8284500; -0,5939000
201900055155;2;1;2019;18:35;2;26;26058;2;6;1;3;LYON AVENUE DE;44,9485300;4,8927900
201900055159;4;1;2019;05:25;5;17;17300;2;6;1;3;ROMPSAY   AVENUE DE;46,1616000; -1,1399200
201900055160;26;10;2019;21:40;4;92;92004;2;4;1;3;MAURICE BOKANOWSKI;48,9071050;2,2858134
201900055200;26;10;2019;15:15;1;65;65185;1;1;1;3;D69;43,2733090; -0,1155070
201900055242;2;1;2019;17:30;5;75;75105;2;2;1;3;QUAI DES GRANDS AUGUSTINS;48,8537810;2,3443210
201900055247;5;1;2019;09:05;1;75;75120;2;2;1;7;RUE DES COURONNES;48,8696550;2,3821760
201900055251;3;1;2019;19:43;5;75;75120;2;2;1;6;RUE LOUIS LUMIERE;48,8626650;2,4109820
201900055277;27;10;2019;13:15;1;38;38059;2;3;1;3;Route de Grenoble;45,1310800;5,7766500
201900055297;3;1;2019;13:35;1;75;75114;2;3;1;3;RUE DAREAU;48,8314320;2,3380120
201900055320;2;1;2019;13:55;1;75;75103;2;1;8;6;RUE DES QUATRE FILS;48,8608530;2,3589280
201900055343;23;9;2019;19:45;2;75;75117;2;2;1;3;AVENUE DE VILLIERS;48,8838196;2,3047593
201900055367;23;9;2019;16:10;1;75;75113;2;1;1;3;AVENUE D ITALIE;48,8294431;2,3562697
201900055373;23;9;2019;13:30;1;75;75111;2;4;1;2;BOULEVARD RICHARD LENOIR;48,8540016;2,3689672
201900055375;3;1;2019;10:00;1;93;93070;2;1;1;3;BATELIERS (RUE DES);48,9149400;2,3304200
201900055397;3;1;2019;17:50;5;92;92063;2;1;1;6;ESTIENNE D'ORVES (RUE D');48,8868500;2,1795900
201900055400;25;10;2019;07:15;2;91;91201;2;2;1;3;JACQUELINE JEUNON(RUE);48,6877800;2,4239100
201900055406;24;10;2019;15:40;1;85;85194;2;6;8;3;AVENUE DU PAS DU BOIS ;46,5022900; -1,7408400
201900055409;23;9;2019;17:10;1;93;93029;2;1;1;3;LEJEUNE (AVENUE);48,9147000;2,4690000
201900055421;23;9;2019;18:15;1;92;92024;2;1;8;3;VICTOR HUGO (BD);48,8991047;2,3131784
201900055432;19;9;2019;16:50;1;38;38425;2;1;1;6;24 Rue Sergent Geoffray;45,4001370;4,7721610
201900055438;24;10;2019;08:10;1;69;69256;2;2;1;3;MARIUS GROSSO                       (R );45,7636400;4,9333800
201900055440;11;9;2019;14:00;1;49;49355;1;1;1;7;Les Poteries;47,1349760; -0,8118960
201900055441;24;10;2019;15:15;1;67;67482;2;1;1;3;DOUBS (RUE DU);48,5552410;7,7334470
201900055458;18;9;2019;17:30;1;63;63180;2;1;1;1;RD1093 Face Ã©cole;45,8636300;3,3020870
201900055459;2;1;2019;12:45;1;92;92012;2;1;1;2;GENERAL LECLERC (AVENUE DU) 1/33 - 2/58;48,8324024;2,2397206
201900055480;14;9;2019;11:00;1;43;43062;2;1;1;6;Fontannes;45,0679540;3,7733630
201900055483;23;9;2019;15:00;1;53;53097;2;6;1;3;Boulevard Foch;48,1505730; -0,3959250
201900055500;25;10;2019;19:25;3;59;59426;1;1;1;2;VERTUQUET (RUE DU);50,7561350;3,1636290
201900055509;22;10;2019;05:45;5;49;49099;2;1;8;2;MOINIE(BOULEVARD DE LA );47,0587300; -0,9042100
201900055510;23;9;2019;16:50;2;974;97415;2;6;1;3;Giratoire route du Trou d'Eau / Avenue de la Mer - HERMITAGE LES BAINS; -21,0751600;55,2273690
201900055522;5;10;2019;08:14;1;42;42218;2;1;1;7;NAUTIN LEON;45,4347900;4,3900100
201900055528;23;9;2019;19:40;2;38;38317;2;1;1;3;11 Rue Mozart;45,1298670;5,6955180
201900055548;1;1;2019;10:45;1;974;97413;1;1;1;4;RN1A; -21,1439980;55,2723660
201900055612;22;9;2019;19:25;2;69;69387;2;1;3;2;BERTHELOT                           (AV);45,7421200;4,8514300
201900055613;25;10;2019;15:45;1;29;29019;2;1;1;3;LE GORGEU (NÂ°29 (TOTAL)-UBO(ALBERT 1ER );48,3988400; -4,4944900
201900055618;22;9;2019;08:30;1;972;97213;2;1;2;3;ROUTE NATIONALE 1;14,6209950; -60,9917800
201900055631;22;9;2019;15:25;1;37;37261;2;1;1;3;CHOISEUL (PLACE);47,4018400;0,6842600
201900055644;19;9;2019;08:30;1;75;75116;2;2;1;3;AVENUE DE L HIPPODROME;48,8622868;2,2383142
201900055647;21;9;2019;11:25;1;75;75115;2;1;1;6;RUE DES MORILLONS;48,8332625;2,2993017
201900055648;21;9;2019;08:15;1;75;75115;2;2;1;7;RUE DE LA CONVENTION;48,8399731;2,2903582
201900055649;22;9;2019;10:16;1;75;75113;2;2;8;3;QUAI D AUSTERLITZ;48,8419153;2,3678797
201900055670;23;9;2019;14:15;1;68;68315;2;1;1;1;35 rue du fossÃ©;47,8854170;7,2275460
201900055684;10;7;2019;18:25;2;86;86209;1;2;7;3;Croisement D95 (pk 29+200) et D95A (PK 0);46,4707660;0,3967100
201900055686;12;7;2019;17:50;1;68;68115;2;3;1;1;rue de soppe;47,7490960;7,0925410
201900055691;5;7;2019;16:30;1;44;44063;2;3;1;3;Rue du Pont Jean Vay;47,0762890; -1,2485010
201900055698;21;6;2019;14:20;1;38;38039;2;1;1;2;192 Route DÃ©partementale 1090;45,2718960;5,8687950
201900055715;13;7;2019;05:10;2;14;14738;1;3;1;2;Rue Saint-Manvieu;49,1553370; -0,4602840
201900055722;12;7;2019;09:55;1;73;73159;1;2;1;3;D202 Villarbet;45,4710523;6,0785374
201900055736;12;7;2019;11:10;1;4;04166;2;1;1;7;RD 952;43,8184070;6,1010750
201900055775;5;7;2019;17:00;1;77;77183;2;1;1;3;Rue des Carreaux;48,9450520;3,1294350
201900055777;12;7;2019;13:00;1;95;95301;2;1;1;1;36 Route de la VallÃ©e;49,0765290;1,6798510
201900055785;16;6;2019;11:00;1;83;83071;1;1;1;7;Passage du Cerf;43,1767240;6,2123300
201900055788;12;7;2019;10:30;1;83;83059;1;1;1;2;RD 554;43,3333660;6,0748000
201900055789;13;7;2019;07:40;1;6;06075;1;1;7;1;5047 Route de Saint-Blaise;43,8298630;7,2391290
201900055801;10;7;2019;19:30;1;68;68223;2;3;1;1;Rue Gaessle;48,0267340;7,0867590
201900055812;12;7;2019;09:40;1;33;33243;2;1;7;3;rue Jules VÃ©drines;44,9068320; -0,2350480
201900055833;13;7;2019;10:30;1;91;91377;1;1;1;3;RD 188;48,7274000;2,2882000
201900055866;9;7;2019;13:02;1;49;49007;2;1;1;7;LETANDUERE;47,4574300; -0,5540500
201900055917;27;3;2019;18:45;3;974;97416;1;1;2;6;RN2 direction St Benoit sortie petit BazardPETIT BAZAR; -20,9443200;55,6493300
201900055946;26;3;2019;17:15;1;64;64445;2;3;1;3;BUROS DE;43,3231400; -0,3458900
201900055951;26;3;2019;09:05;1;56;56107;2;6;1;3;LEROY QUERET (RUE DES 4 FRERES);47,7095800; -3,3844000
201900055974;27;3;2019;10:50;1;34;34172;2;1;1;2;CHASSEURS (RUE DES);43,6014100;3,8577600
201900056003;27;3;2019;09:15;1;75;75106;2;2;1;3;BOULEVARD SAINT GERMAIN;48,8529170;2,3369820
201900056015;27;3;2019;10:10;1;75;75107;2;2;1;3;AVENUE DE TOURVILLE;48,8539570;2,3095310
201900056020;27;3;2019;15:20;1;94;94021;2;3;1;3;BOULEVARD CIRCULAIRE;48,7688200;2,3519300
201900056026;27;3;2019;14:30;1;93;93048;2;1;1;6;LAGNY (RUE DE);48,8492310;2,4212410
201900056027;26;3;2019;15:30;1;93;93061;2;9;1;1;SEMANAZ JEAN-BAPTISTE RUE;48,8847180;2,4013370
201900056064;17;8;2019;15:25;1;56;56083;2;1;1;2;Rue du BouetiÃ«z;47,8070300; -3,2446900
201900056067;16;8;2019;16:10;1;56;56107;2;1;2;6;KERNEVEL (PORT DU);47,7178600; -3,3700100
201900056070;16;8;2019;19:25;1;49;49267;2;1;1;6;PELLERINIERE;47,4581400; -0,4829000
201900056071;16;8;2019;09:31;1;49;49015;2;1;1;6;PERRIERE ROUTE DE LA;47,5076800; -0,5821500
201900056074;19;8;2019;21:00;2;37;37214;2;1;1;3;DE GAULLE (BD CHARLES);47,4213614;0,6608162
201900056084;18;8;2019;08:54;1;31;31555;2;3;1;3;AV FRIZAC;43,5896500;1,4517400
201900056094;19;8;2019;19:15;1;14;14338;2;3;1;1;LECLERC (RUE DU GAL);49,3000000;0,0760000
201900056103;18;8;2019;16:10;1;75;75117;2;3;1;3;BOULEVARD PERSHING;48,8818519;2,2855592
201900056132;20;8;2019;14:30;1;83;83070;2;1;7;2;Boulevard de l'Hubac du Bleu;43,1590790;6,4323960
201900056137;20;8;2019;17:55;1;80;80410;1;1;1;3;D930;49,7622470;3,0798920
201900056147;20;8;2019;05:30;3;26;26178;1;1;1;3;D181 Route de RECOUBEAU;44,6666270;5,4284380
201900056171;20;8;2019;14:05;1;974;97418;2;4;1;3;Rue AndrÃ© Lardy; -20,8977800;55,5335250
201900056181;18;8;2019;10:05;1;74;74155;2;2;1;3;D22;46,2824890;6,5204660
201900056187;18;8;2019;10:45;1;29;29198;1;1;1;2;Coatiguinou;48,5841950; -4,2818030