Num_Acc;jour;mois;an;hrmn;lum;dep;com;agg;int;atm;col;adr;lat;long
201900056203;19;6;2019;08:55;1;91;91657;2;1;1;2;PIERRE MARIN (RUE);48,6993900;2,4170800
201900056210;17;8;2019;11:00;1;74;74281;1;1;1;5;GENEVE (AVE DE) JUSQUE CROISEE ANTHY;46,3521349;6,4396622
201900056211;14;8;2019;18:15;1;73;73011;2;1;7;2;PIQUAND (RUE EDOUARD);45,6777795;6,3820492
201900056213;18;8;2019;11:50;1;64;64189;2;1;1;2;JAURES JEAN  (AVENUE);43,3833900; -1,6674900
201900056231;17;8;2019;13:45;1;3;03185;2;1;1;6;22-28 avenue Pierre Villon;46,3527198;2,5878609
201900056240;13;5;2019;12:30;1;6;06152;1;6;1;3;route de Biot;43,6444471;7,0492435
201900056302;13;5;2019;16:40;1;86;86096;1;2;1;3;ROUTE DÃPARTEMENTALE 41;46,8137500;0,3168450
201900056329;15;2;2019;17:55;2;67;67482;1;1;1;6;LA FONTAINE (BOULEVARD);48,5907200;7,7022700
201900056353;13;2;2019;08:35;1;64;64284;2;6;1;2;BEAUVALLON;43,2857279; -0,3995755
201900056362;2;12;2019;11:30;1;75;75116;2;1;1;3;AVENUE DE L HIPPODROME;48,8582110;2,2550270
201900056363;14;2;2019;16:40;1;62;62626;1;1;1;6;CAMBRIN ( ROUTE DE );50,4976900;2,7305300
201900056379;28;1;2019;18:00;2;59;59606;2;1;8;3;REIMS (AVENUE DE);50,3483700;3,5247300
201900056381;17;2;2019;10:30;1;59;59152;2;6;1;2;boulevard de la lys;50,7552400;3,0251000
201900056394;2;12;2019;18:00;5;75;75111;2;2;1;3;BOULEVARD RICHARD LENOIR;48,8640320;2,3707510
201900056407;14;2;2019;14:20;1;57;57463;2;1;1;2;TREVES (BOULEVARD DE );49,1229600;6,1877700
201900056415;13;2;2019;19:55;4;56;56121;2;6;1;3;BASE DE SOUS-MARINS ( RD PT DE LA );47,7358600; -3,3747300
201900056439;13;2;2019;17:40;1;50;50173;2;1;1;1;BLUM (AVENUE LEON);49,6465100; -1,6582600
201900056440;12;2;2019;19:35;5;50;50129;2;2;1;3;LEMONNIER (AVENUE AMIRAL);49,6350100; -1,6009500
201900056442;15;2;2019;17:40;1;47;47323;1;3;7;3;BERNOU;44,4148000;0,7617900
201900056443;2;12;2019;20:40;5;92;92073;2;1;1;7;TUILERIE (RUE DE LA);48,8625000;2,2151700
201900056452;25;5;2019;12:50;1;973;97305;1;1;1;3;Tonate;5,0011941; -52,4583119
201900056464;2;12;2019;19:25;5;92;92009;2;3;1;1;ARGENTEUIL ( AVENUE D' );48,9211100;2,2783800
201900056479;12;2;2019;10:35;1;39;39300;2;1;1;2;;46,6767100;5,5597100
201900056486;17;2;2019;01:15;3;37;37003;1;1;1;3;D751- D31;47,4141291;0,9936025
201900056513;15;2;2019;14:35;1;34;34172;2;1;1;3;RAYMOND DUGRAND (AVENUE);43,5922600;3,9069000
201900056517;14;2;2019;20:55;5;34;34172;2;2;1;3;GLAIZE (RUE);43,6111000;3,8192100
201900056544;16;2;2019;16:15;1;34;34003;2;1;1;3;LOUBATIERE (BD JEAN MONNET;43,3028800;3,4851300
201900056549;12;2;2019;11:45;1;33;33069;2;3;1;3;BD GODARD;44,8657800; -0,5764500
201900056554;14;2;2019;17:00;1;31;31555;2;1;1;3;CHE DU MIRAIL;43,5819000;1,4001300
201900056557;14;2;2019;07:35;2;31;31149;2;3;1;3;GRAMONT (CHEMIN DE);43,6182100;1,3389700
201900056561;14;2;2019;07:00;5;31;31555;2;1;1;6;RUE SAINT CHARLES;43,6101600;1,4406300
201900056563;13;2;2019;18:10;1;31;31555;2;3;1;3;PLACE DES TIBAOUS;43,5504700;1,3854900
201900056564;22;5;2019;19:30;1;95;95351;2;3;1;3;Avenue du GÃ©nÃ©ral Leclerc;49,0480440;2,5064500
201900056580;18;6;2019;20:40;1;75;75117;2;1;1;1;RUE DU CAPITAINE LAGACHE;48,8921010;2,3256410
201900056585;17;6;2019;15:55;1;75;75117;2;7;1;6;BOULEVARD GOUVION SAINT CYR;48,8853910;2,2913030
201900056600;12;5;2019;10:35;1;78;78062;1;3;1;3;D 119;48,8506510;1,8949420
201900056602;2;12;2019;15:29;1;88;88196;2;2;1;3;28 Boulevard de la Jamagne;48,0759050;6,8763990
201900056610;12;5;2019;12:00;1;78;78590;1;1;1;6;rue de dampierre;48,6863980;1,9811360
201900056613;11;6;2019;11:05;1;75;75117;2;3;1;6;RUE LECLUSE;48,8849100;2,3250340
201900056635;2;6;2019;23:47;5;75;75117;2;3;1;3;RUE CARDINET;48,8911090;2,3180520
201900056663;9;5;2019;08:50;1;66;66037;2;6;1;3;Avenue de la MÃ©diterranÃ©e;42,6970490;3,0298580
201900056666;13;6;2019;13:30;1;75;75116;2;7;1;3;PLACE DU MARECHAL DE LATTRE DE TASSIGNY;48,8720810;2,2755300
201900056714;5;6;2019;17:00;1;75;75116;2;1;2;6;RUE RAYNOUARD;48,8541480;2,2780790
201900056733;15;2;2019;15:51;1;10;10387;2;1;1;7;EDOUARD VAILLANT (RUE);48,2764000;4,0800000
201900056737;14;2;2019;15:45;1;10;10081;2;1;7;3;JULES FERRY (RUE);48,3180991;4,0581152
201900056743;29;5;2019;20:30;1;75;75116;2;7;1;3;PORTE MAILLOT;48,8768540;2,2826470
201900056748;19;6;2019;07:15;1;75;75106;2;3;1;3;BOULEVARD DU MONTPARNASSE;48,8461780;2,3178660
201900056753;18;6;2019;19:30;1;75;75115;2;3;1;3;BOULEVARD VICTOR;48,8335020;2,2865560
201900056768;14;6;2019;08:45;1;75;75115;2;2;1;3;RUE DU GENERAL GUILLAUMAT;48,8289320;2,2941560
201900056769;13;6;2019;00:30;5;75;75115;2;7;1;3;RUE DE LA CROIX NIVERT;48,8477960;2,3014130
201900056787;1;12;2019;17:40;5;77;77284;2;3;2;3;D360 X RUE DES FUSILIERS;48,9530400;2,8794100
201900056806;12;6;2019;20:35;1;75;75114;2;1;8;6;BOULEVARD EDGAR QUINET;48,8405670;2,3269640
201900056818;16;2;2019;17:49;1;75;75110;2;4;1;6;RUE DU FAUBOURG DU TEMPLE;48,8681540;2,3654170
201900056819;7;6;2019;10:35;1;75;75114;2;7;2;6;AVENUE DU COLONEL HENRI ROL TANGUY;48,8337030;2,3319260
201900056827;1;6;2019;13:00;1;75;75114;2;3;1;6;RUE VERCINGETORIX;48,8291150;2,3064220
201900056835;18;6;2019;20:00;1;75;75113;2;1;1;3;AVENUE DE LA PORTE DE VITRY;48,8235910;2,3773870
201900056855;13;2;2019;22:55;5;75;75119;2;1;1;3;AVENUE DE FLANDRE;48,8894930;2,3751240
201900056863;13;6;2019;09:40;1;75;75113;2;1;2;6;QUAI PANHARD ET LEVASSOR;48,8285330;2,3843870
201900056866;12;6;2019;09:40;1;75;75113;2;3;1;3;QUAI D AUSTERLITZ;48,8430700;2,3663340
201900056871;14;2;2019;14:40;1;75;75117;2;1;1;6;BOULEVARD DE COURCELLES;48,8811390;2,3150520
201900056875;4;6;2019;19:00;1;75;75113;2;2;1;2;BOULEVARD DE L HOPITAL;48,8365600;2,3592870
201900056888;30;11;2019;15:20;1;75;75109;2;1;1;6;RUE DE PROVENCE;48,8742940;2,3332561
201900056890;1;12;2019;01:55;5;94;94067;2;1;1;2;PARIS (av. de);48,8459300;2,4236800
201900056891;15;2;2019;20:34;5;75;75106;2;1;1;3;BOULEVARD DU MONTPARNASSE;48,8459300;2,3183400
201900056893;15;2;2019;19:50;5;75;75115;2;2;1;3;RUE DE DANTZIG;48,8352390;2,3004690
201900056911;14;6;2019;20:00;1;75;75112;2;3;1;3;ROUTE DE LA FERME;48,8211800;2,4527760
201900056912;13;6;2019;17:45;1;75;75112;2;1;3;6;BOULEVARD SOULT;48,8428180;2,4099970
201900056919;31;5;2019;20:45;1;75;75112;2;1;1;4;BOULEVARD DE REUILLY;48,8392070;2,3919280
201900056923;30;5;2019;15:50;1;75;75112;2;1;1;6;RUE DE CHARENTON;48,8498450;2,3740130
201900056927;15;6;2019;16:05;1;75;75111;2;1;1;3;BOULEVARD DE BELLEVILLE;48,8713200;2,3775230
201900056929;6;6;2019;10:30;1;75;75111;2;3;1;3;RUE DU CHEMIN VERT;48,8581350;2,3719830
201900056932;31;5;2019;17:20;1;75;75111;2;7;1;3;PLACE DE LA BASTILLE;48,8534210;2,3694840
201900056934;15;6;2019;01:34;5;75;75110;2;1;2;6;RUE DU FAUBOURG POISSONNIERE;48,8769700;2,3488660
201900056938;6;6;2019;10:35;1;75;75110;2;5;1;3;RUE DU FAUBOURG SAINT DENIS;48,8842000;2,3594070
201900056951;19;6;2019;09:15;1;75;75108;2;7;1;3;ROND POINT CHAMPS ELYSEES MARCEL DASSAUL;48,8687600;2,3110620
201900056959;12;6;2019;18:00;1;75;75108;2;1;2;3;RUE MONTALIVET;48,8709280;2,3189560
201900056966;1;6;2019;16:35;1;75;75108;2;7;1;3;PLACE DE LA CONCORDE;48,8658600;2,3198810
201900056980;17;6;2019;13:25;1;75;75102;2;2;1;3;RUE DU QUATRE SEPTEMBRE;48,8695420;2,3367880
201900056981;17;6;2019;09:53;1;75;75104;2;3;1;3;RUE SAINT ANTOINE;48,8539470;2,3647480
201900056987;4;6;2019;19:30;1;75;75103;2;2;1;3;RUE PERREE;48,8643840;2,3618140
201900056990;1;6;2019;11:20;1;75;75101;2;7;1;2;PLACE DU CHATELET;48,8577120;2,3477530
201900057002;10;7;2019;17:15;1;69;69383;2;2;1;3;MAZENOD                             (R );45,7589883;4,8491802
201900057005;9;7;2019;19:42;1;69;69386;2;2;1;1;BELLECOMBE (DE)                     (R );45,7637379;4,8637665
201900057011;9;7;2019;19:45;2;2B;2B033;2;9;1;1;ROUTE ROYALE;42,6760200;9,4364200
201900057014;9;7;2019;20:30;2;88;88160;2;1;7;2;ENTRE-LES-DEUX-PORTES (RUE D');48,1759200;6,4519800
201900057017;9;7;2019;11:12;1;87;87085;2;2;1;6;VANTEAUX (BOULEVARD DE);45,8240800;1,2259500
201900057022;26;6;2019;13:10;1;85;85191;2;1;7;3;AVENUE PABLO PICASSO ;46,6573800; -1,4238800
201900057038;9;7;2019;10:35;1;72;72181;2;1;1;3;JAURES JEAN (AV) NÂ° PAIRS 60 ET >;47,9901100;0,2063800
201900057047;8;7;2019;19:00;1;69;69275;2;1;1;1;LEON TOLSTOI                        (AV);45,7722816;4,9599023
201900057049;9;7;2019;18:00;1;67;67482;2;1;1;3;BELGES (QUAI DES);48,5757800;7,7782700
201900057058;4;1;2019;13:45;1;44;44151;1;3;1;2;D47 route de Saint-Lyphard;47,3339010; -2,3310010
201900057059;5;1;2019;16:00;1;31;31462;2;1;7;2;D 888;43,6705510;1,5179410
201900057061;5;7;2019;16:15;1;59;59183;2;2;1;3;DUMEZ LOUIS;51,0225600;2,3489800
201900057073;7;7;2019;11:00;1;49;49099;2;1;1;2;BOIS LAVAU (BOULEVARD DES);47,0758200; -0,8880600
201900057074;9;7;2019;08:58;1;49;49007;2;1;1;7;LETANDUERE;47,4582100; -0,5542400
201900057085;10;7;2019;16:25;1;34;34172;2;1;1;7;PETIT BARD (AVENUE DU);43,6161900;3,8360500
201900057133;10;7;2019;19:45;1;75;75118;2;2;1;6;BOULEVARD ORNANO;48,8946400;2,3471300
201900057134;2;1;2019;18:10;2;85;85294;2;1;1;6;Intersection avec le Chemin des Sablons;46,3548900; -1,4538500
201900057135;10;7;2019;18:40;1;75;75118;2;1;1;3;BOULEVARD BARBES;48,8887760;2,3496220
201900057145;10;7;2019;10:35;1;75;75114;2;7;7;3;PLACE DE CATALOGNE;48,8372670;2,3187950
201900057151;10;7;2019;07:30;1;75;75113;2;2;1;3;BOULEVARD AUGUSTE BLANQUI;48,8306490;2,3526430
201900057153;2;1;2019;17:50;1;973;97307;2;2;1;3;angle rue rÃ©sÃ©da / rue du fromager;4,8862846; -52,3409822
201900057159;10;7;2019;10:10;1;75;75108;2;2;1;6;AVENUE DU PRESIDENT WILSON;48,8650560;2,3002060
201900057163;9;7;2019;18:20;1;75;75104;2;4;1;6;VOIE GEORGES POMPIDOU;48,8536230;2,3562980
201900057164;2;1;2019;12:30;1;973;97309;2;1;1;3;route d' attila cabasou;4,8889914; -52,2901695
201900057166;5;1;2019;14:30;1;6;06018;2;2;1;3;chemin neuf;43,6261630;7,0966940
201900057169;9;7;2019;08:25;1;94;94046;2;2;1;3;REPUBLIQUE (AV DE LA);48,8096301;2,4547034
201900057195;25;10;2019;21:30;5;25;25056;2;2;1;3;CHURCHILL BD WINSTON;47,2462700;5,9980000
201900057226;10;7;2019;11:00;1;78;78417;2;3;1;3;Rue de la cote lesnÃ©;48,8906610;1,6293350
201900057228;7;7;2019;09:30;1;49;49135;1;6;1;3;La Croix de Beauvais;47,6121420; -0,5851090
201900057234;8;7;2019;12:40;1;44;44003;2;6;7;3;rue Jules Vernes;47,3827810; -1,1792360
201900057268;25;10;2019;21:10;5;75;75112;2;2;1;3;RUE DE REUILLY;48,8444986;2,3899318
201900057270;25;10;2019;18:05;3;75;75112;2;7;1;7;CARREFOUR DE LA PYRAMIDE;48,8337901;2,4451656
201900057278;25;10;2019;08:25;1;75;75112;2;3;1;3;AVENUE DAUMESNIL;48,8424660;2,3855190
201900057282;25;10;2019;17:20;1;75;75104;2;2;8;3;QUAI DE L HOTEL DE VILLE;48,8543721;2,3549423
201900057290;11;7;2019;16:05;1;28;28179;1;1;1;3;D132 PR 35+000;48,1888140;1,7347500
201900057308;21;6;2019;12:00;1;2A;2A215;1;1;1;2;RT 40;41,5005642;9,0348249
201900057316;24;10;2019;11:30;1;93;93066;2;1;1;2;"""LANDY RD 20, NR IMPAIRS 1 A 144""";48,9154500;2,3642600
201900057354;10;7;2019;09:40;1;88;88201;2;4;1;3;intersection D460 - D39;48,1656760;6,3083780
201900057358;10;7;2019;15:35;1;73;73232;1;1;1;1;D 902;45,5953190;6,8823087
201900057360;2;1;2019;17:30;2;44;44172;2;1;1;1;rue de la piais;47,2576080; -1,4617010
201900057400;18;4;2019;17:10;1;84;84003;2;3;1;3;Avenue Philippe de Girard;43,8764690;5,3924340
201900057417;25;10;2019;13:25;1;92;92063;2;1;1;3;LABICHE (RUE EUGENE);48,8722500;2,1795300
201900057448;27;3;2019;18:35;1;29;29175;2;6;1;3;Rue des FrÃ¨res Floch;48,2491125; -3,8224304
201900057470;29;5;2019;11:30;1;6;06097;2;1;1;2;Route de Roquesteron;43,8639096;7,0922346
201900057471;14;2;2019;16:20;1;75;75114;2;7;1;3;PLACE DE CATALOGNE;48,8372710;2,3187490
201900057486;27;3;2019;16:55;1;14;14431;2;6;1;3;Place Charles de Gaulle (MÃ©zidon-Canon);49,0735840; -0,0696930
201900057489;25;10;2019;15:55;1;2B;2B049;1;6;1;3;Route de Calvi;42,5502660;8,7957790
201900057493;25;3;2019;17:15;1;45;45067;2;1;1;6;22 Rue du Cas Rouge;47,8805270;1,7710790
201900057502;26;5;2019;11:20;1;6;06057;1;1;2;1;Route du Col de Nice;43,8114700;7,3568240
201900057524;17;2;2019;03:30;5;75;75110;2;2;1;3;RUE DU FAUBOURG SAINT DENIS;48,8843120;2,3593630
201900057560;17;2;2019;16:55;1;75;75103;2;7;1;6;PLACE DE LA REPUBLIQUE;48,8673390;2,3633760
201900057566;15;2;2019;10:30;1;75;75102;2;2;1;3;RUE DE PALESTRO;48,8652020;2,3514180
201900057573;16;2;2019;01:00;5;75;75102;2;7;1;3;PLACE DE L OPERA;48,8706910;2,3325210
201900057579;27;3;2019;17:15;1;33;33494;1;2;1;3;Piste cyclable D801 / Rte Sablons;44,9504900; -0,8567900
201900057581;21;9;2019;18:30;1;69;69081;2;6;8;3;PEROLLIER (DU)                          ;45,7874300;4,7790400
201900057584;5;5;2019;16:10;1;13;13066;2;1;6;1;Chemin la Draillette;43,8315470;4,9004230
201900057594;14;2;2019;12:45;1;94;94068;2;2;1;3;CAFFIN (AV);48,7932600;2,5025000
201900057596;23;5;2019;19:30;1;13;13041;2;1;1;3;Avenue Pierre Brossolette;43,4567790;5,4826190
201900057652;14;2;2019;21:00;5;94;94033;2;1;1;3;CLOS D ORLEANS (R DU);48,8436000;2,4665400
201900057688;21;9;2019;10:00;1;59;59090;2;1;1;3;WAMBRECHIES (AVENUE);50,7068300;3,0925800
201900057700;26;10;2019;13:00;1;971;97110;1;1;1;1;Le Desert;16,3055160; -61,0593750
201900057704;26;3;2019;15:35;1;988;98818;2;3;1;7;RUE JACQUES IEKAWE/VE1 ; -22,2240500;166,4810800
201900057705;24;5;2019;13:45;1;59;59560;2;1;1;3;HENTGES JOSEPH BOULEVARD;50,5512800;3,0305800
201900057720;21;9;2019;18:25;1;45;45234;2;3;1;3;RUE DE COURSIMAULT - R E MOUNIER;47,8886780;1,9090750
201900057743;15;2;2019;09:10;1;92;92044;2;5;1;6;VIC. HUGO(RUE)115A149 ET 148A178;48,8984962;2,2941829
201900057744;25;10;2019;14:30;1;34;34162;2;3;1;3;Rue du PrÃªche;43,4789882;3,4836704
201900057746;21;9;2019;12:50;1;37;37122;2;1;1;3;CHINON (BOULEVARD DE);47,3520136;0,6867943
201900057752;17;2;2019;14:10;1;92;92040;2;1;1;3;GALLIENI (BOULEVARD);48,8315000;2,2672100
201900057764;15;8;2019;16:01;1;1;01239;1;3;1;3;Route dÃ©partementale 37;45,7655970;5,7612620
201900057799;30;4;2019;19:20;1;71;71219;2;3;1;1;RD 18;46,6632900;4,9447830
201900057813;14;2;2019;16:20;1;29;29277;1;4;1;3;KERFEOS;48,4000960; -4,0208770
201900057843;22;5;2019;15:45;1;68;68051;2;1;1;3;1 Rue de Muhlbach;48,0239930;7,0998810
201900057851;4;2;2019;19:45;5;6;06161;2;1;1;1;avenue des italiens;43,6402382;7,1400716
201900057854;14;2;2019;12:30;1;49;49092;2;2;7;3;Rue des venelles - CHEMILLE;47,2133880; -0,7274530
201900057865;17;2;2019;17:00;1;10;10412;1;1;1;6;ROUTE DÃPARTEMENTALE 172;48,3095940;4,1362990
201900057879;21;9;2019;12:30;1;75;75117;2;2;1;3;RUE POUCHET;48,8942220;2,3205936
201900057886;16;2;2019;16:30;1;12;12157;2;3;1;3;Intersection N88 et D56;44,3943410;2,7087810
201900057893;19;5;2019;15:25;1;67;67397;2;1;1;2;33 rue de l' Hotel de Ville;48,3194230;7,7026290
201900057923;1;5;2019;12:40;1;57;57039;1;3;1;3;d66;49,0585170;6,1202800
201900057924;21;9;2019;17:20;1;75;75115;2;7;1;2;PLACE CAMBRONNE;48,8477589;2,3017430
201900057936;21;9;2019;17:15;1;75;75115;2;2;1;3;RUE DE L ABBE GROULT;48,8396525;2,2965330
201900057938;16;2;2019;10:20;1;59;59319;2;2;7;3;route d'Hondschoote;50,9827416;2,4673681
201900057943;3;8;2019;10:45;1;38;38382;2;4;7;3;Rue de la Biolle;45,2373970;5,6691300
201900057952;17;8;2019;11:45;1;33;33238;2;4;1;2;RD651/RD651E3 2 avenue de cadaujac;44,7270800; -0,5974000
201900057969;20;9;2019;17:35;1;75;75115;2;2;1;3;AVENUE ALBERT BARTHOLOME;48,8289399;2,2941148
201900057974;25;3;2019;12:25;1;59;59512;2;3;1;3;SEBASTOPOL (RUE DE);50,6892000;3,1708580
201900057977;21;3;2019;15:55;1;54;54274;2;1;1;6;REPUBLIQUE (RUE DE LA);48,6713570;6,2057260
201900058015;21;9;2019;23:00;5;75;75111;2;7;1;6;PLACE DE LA REPUBLIQUE;48,8667260;2,3651507
201900058016;7;5;2019;18:30;1;44;44035;2;2;1;3;Route d'Orvault;47,2831630; -1,5864550
201900058021;26;3;2019;08:30;1;45;45004;2;3;1;3;R DU DOCT TRIOSON-R DE LA CROIX ST JACQUES;47,9990330;2,7484460
201900058022;29;5;2019;20:45;2;38;38509;2;1;1;1;434 Chemin de l'Ãtang;45,5883430;5,4469260
201900058025;15;2;2019;17:25;1;56;56010;2;1;7;3;Route de Pontivy;47,8869550; -3,0148330
201900058034;26;3;2019;08:18;1;44;44114;2;6;1;3;PLACE DE HEUSWEILER;47,2534300; -1,5971800
201900058046;26;3;2019;08:30;1;37;37214;2;1;1;3;GROSSE BORNE (RUE DE LA);47,4215934;0,6521021
201900058054;25;3;2019;18:35;1;35;35238;2;3;1;3;VITRE (BLD DE);48,1202500; -1,6506000
201900058055;23;10;2019;14:50;1;10;10387;2;1;1;2;PIERRE GILLON (RUE);48,2866531;4,0751821
201900058071;20;9;2019;23:50;5;75;75104;2;3;1;2;BOULEVARD HENRI IV;48,8501027;2,3589169
201900058076;7;5;2019;14:30;1;26;26037;1;1;1;3;Route DÃ©partementale 538A;44,8473940;4,9604040
201900058091;29;5;2019;18:40;1;1;01043;2;1;1;3;395 Route de Geneve;45,8378100;5,0092170
201900058096;18;6;2019;17:00;1;56;56098;2;3;1;3;SEMBAT (RUE MARCEL);47,7672340; -3,3450330
201900058102;21;9;2019;12:00;1;94;94075;2;3;7;1;REVEILLON (R DE);48,7190700;2,5454100
201900058104;12;8;2019;08:10;1;45;45234;2;1;1;3;RUE PIERRE MAC ORLAN;47,8819100;1,9055400
201900058115;21;9;2019;16:05;1;93;93027;2;1;1;3;LECLERC (AVENUE DU GENERAL);48,9287300;2,3835800
201900058119;21;9;2019;10:50;1;93;93027;2;6;1;3;CONVENTION (RUE DE LA);48,9294300;2,3860500
201900058145;12;8;2019;14:10;1;988;98818;2;9;1;6;AUSTERLITZ (RUE D'); -22,2697200;166,4400000
201900058146;26;3;2019;09:15;1;17;17300;2;2;1;3;JOURDAN   RUE;46,1644300; -1,1617500
201900058158;22;10;2019;07:35;2;78;78158;2;6;1;3;VERSAILLES (RUE DE);48,8224550;2,1274480
201900058180;7;5;2019;12:45;1;69;69051;1;2;1;3;403 Chemin de Montplan;45,6502251;4,6477367
201900058211;28;5;2019;12:10;1;69;69278;2;1;1;3;175 Avenue des FrÃ¨res LumiÃ¨re;45,8893740;4,8231280
201900058220;23;5;2019;13:40;1;69;69055;1;1;1;2;Route de MorancÃ©;45,8863730;4,7381970
201900058223;21;5;2019;13:55;1;69;69049;1;1;1;2;Route de Limonest;45,8648460;4,7516380
201900058229;26;3;2019;14:58;1;75;75116;2;3;1;2;ROUTE DES TRIBUNES;48,8619720;2,2303840
201900058234;26;3;2019;02:20;5;75;75119;2;7;1;3;PLACE DU COLONEL FABIEN;48,8777610;2,3705990
201900058241;26;3;2019;07:20;1;75;75117;2;2;1;3;RUE DE ROME;48,8856730;2,3168210
201900058259;26;3;2019;08:50;1;75;75110;2;2;1;3;AVENUE PARMENTIER;48,8712390;2,3701180
201900058266;26;3;2019;17:00;1;94;94016;2;1;1;1;EUROPE (AV DE L);48,7861200;2,3277700
201900058277;21;5;2019;04:00;3;9;09235;1;1;2;6;Route de  Poucas;43,0213500;1,0238980
201900058281;24;10;2019;08:45;1;67;67482;2;3;1;3;METZ (BOULEVARD DE);48,5829700;7,7333100
201900058290;1;5;2019;16:30;1;9;09107;1;1;1;7;"Lieu dit ""le col"", D13";43,0040420;1,7561970
201900058302;15;2;2019;14:30;1;39;39034;1;1;1;3;;46,9584580;5,4669790
201900058311;20;9;2019;15:25;1;17;17209;2;2;1;3;Rue de Marignan;45,5949760; -0,3933520
201900058313;23;10;2019;09:55;1;62;62516;2;4;1;3;CANTRAINE - RUE-;50,5708600;2,5158400
201900058325;26;3;2019;11:30;1;92;92025;2;2;1;3;VOIES DU BOIS (RUE DES);48,9152200;2,2466820
201900058326;16;8;2019;19:45;1;69;69381;2;9;1;3;JEAN MOULIN                         (QU);45,7667300;4,8379700
201900058335;16;8;2019;08:00;1;69;69142;1;1;1;1;MULATIERE (DE LA)                   (PT);45,7311600;4,8155900
201900058337;18;2;2019;19:44;5;92;92023;2;9;1;3;GENERAL DE GAULLE (AV DU) NÂ°130 A 340 ET;48,7848700;2,2497100
201900058340;24;10;2019;08:10;1;37;37261;2;2;1;6;MALRAUX (QUAI ANDRE);47,3973000;0,6896400
201900058342;25;10;2019;00:50;5;35;35238;2;1;8;6;SERGENT MAGINOT (AVENUE);48,1098000; -1,6700000
201900058345;15;10;2019;19:30;5;33;33063;2;1;3;3;RUE JUDAIQUE;44,8409400; -0,5909300
201900058348;17;2;2019;01:00;3;44;44174;1;1;1;2;ROUTE DÃPARTEMENTALE 61;47,0430690; -1,7153020
201900058351;10;10;2019;10:00;1;33;33063;2;2;1;3;RUE DES SABLIERES;44,8252200; -0,5752500
201900058367;24;10;2019;08:30;1;31;31555;2;1;1;3;BD DELACOURTIE;43,5841000;1,4488500
201900058373;27;2;2019;16:30;1;54;54378;2;3;1;1;D17;49,4774290;5,6678710
201900058393;23;3;2019;17:00;1;57;57041;1;1;1;2;Route de Beuvillers;49,4150380;5,9379200
201900058405;27;3;2019;11:30;1;33;33305;2;3;7;3;La Gare;44,4625500; -0,2916900
201900058416;15;2;2019;16:43;1;1;01034;1;1;1;7;RD 1504, pont de Coron;45,7536127;5,7081449
201900058428;13;8;2019;19:00;1;83;83137;2;9;1;2;JOFFRE (BD MARECHAL);43,1250400;5,9568400
201900058432;13;8;2019;15:15;1;83;83137;2;9;1;2;GASSENDI (BD);43,1199100;5,9492800
201900058442;13;8;2019;16:45;1;77;77083;2;6;1;3;ALBERT EINSTEIN (BOULEVARD);48,8380700;2,5846600
201900058456;31;5;2019;19:25;1;73;73008;2;4;1;3;D1201 ROOSEVELT FRANKLIN AVENUE;45,7013270;5,9091103
201900058461;16;8;2019;09:40;1;71;71153;2;6;1;3;RD 984 - RD 28 - ABATTOIRS (boulevard des);46,7856194;4,4364605
201900058469;8;6;2019;16:35;1;75;75103;2;1;2;3;RUE SAINT MARTIN;48,8624650;2,3521200
201900058477;31;5;2019;21:10;5;75;75102;2;2;1;3;RUE ETIENNE MARCEL;48,8636710;2,3500170
201900058501;17;6;2019;17:45;1;94;94077;2;1;1;6;FRONT DE SEINE;48,7296069;2,4434775
201900058528;2;6;2019;10:28;1;94;94042;2;1;1;6;CHAPSAL (R);48,8235700;2,4654700
201900058547;18;6;2019;07:20;1;94;94041;2;4;1;3;JEAN COMPAGNON (QU);48,8200400;2,3962300
201900058570;19;6;2019;00:45;5;94;94028;2;3;1;3;TASSIGNY(AVE DU MARECHAL DE LATTRE DE);48,8003800;2,4512200
201900058571;17;6;2019;15:55;1;94;94028;2;6;1;3;POMPADOUR(CARREFOUR);48,7743505;2,4391325
201900058589;13;6;2019;10:10;1;94;94079;2;1;1;3;ROBERT SCHUMAN (R);48,8225900;2,5414100
201900058595;5;6;2019;13:14;1;94;94018;2;2;2;3;GRAVELLE (AV DE);48,8246300;2,4128600
201900058603;19;6;2019;07:40;1;94;94004;2;1;1;3;PARIS (R DE);48,7532300;2,5075800
201900058615;1;12;2019;14:15;1;92;92050;2;3;1;3;ARAGO FRANCOIS AVENUE;48,9012176;2,2252744
201900058652;2;12;2019;18:17;3;38;38012;1;1;1;2;Route des Savoie;45,6128200;5,6147100
201900058694;2;12;2019;12:30;1;27;27348;2;1;1;2;D6015;49,3303330;1,1540390
201900058721;30;11;2019;18:15;5;69;69387;2;1;1;3;PAUL DUVIVIER (R)                      (R );45,7397900;4,8493000
201900058727;30;11;2019;18:30;5;69;69389;2;1;1;1;PAUL SEDAILLIAN                     (QU);45,7870800;4,8142600
201900058778;30;11;2019;17:25;5;75;75112;2;2;1;3;AVENUE LEDRU ROLLIN;48,8485984;2,3724860
201900058782;30;11;2019;14:15;1;75;75104;2;1;1;6;RUE SAINT ANTOINE;48,8549420;2,3619770
201900058819;1;12;2019;07:20;1;973;97309;1;1;1;2;Route de Degrad des Cannes;4,8705585; -52,2761919